fecha_inicio,fecha_fin,beta,se_beta,p_beta,rho,se_rho,p_rho,gamma,se_gamma,p_gamma,r2_ajustado,beta_ic_inf,beta_ic_sup,rho_ic_inf,rho_ic_sup,gamma_ic_inf,gamma_ic_sup,velocidad_ajuste,vida_media,multiplicador_lp,rho_ic_incluye_uno
2010-02-01,2013-01-01,0.17026252748603865,0.04192030172468246,2.9449660622507046e-4,0.09185823138667162,0.13154774064374158,0.490040748032045,-0.0366131895950005,0.021162099233719662,0.09324234743208963,0.481753907350274,0.08809873610566103,0.25242631886641625,-0.16597534027506186,0.3496918030484051,-0.07809090409309104,0.004864524903090042,0.9081417686133284,0.2903223498028656,0.18748452430066961,FALSE
2010-03-01,2013-02-01,0.1871704495764127,0.046241014152086604,3.0623143166276707e-4,-0.04053710804616106,0.209923565556924,0.8480978506546689,-0.02186278554473242,0.025385939718037695,0.3955263944928825,0.3407792010623857,0.09653806183832297,0.27780283731450245,-0.4519872965377321,0.37091308044541,-0.0716192273920863,0.02789365630262146,1.040537108046161,NA,0.17987868777488072,FALSE
2010-04-01,2013-03-01,0.15134045203121368,0.03777531660190884,3.4405693465451614e-4,0.28186576370889327,0.08684835212816167,0.0027477739076428934,-0.038120606595321724,0.017460387973965884,0.03646381297566892,0.5801936850970839,0.07730083149147236,0.225380072570955,0.11164299353769641,0.4520885338800901,-0.07234296702429485,-0.0038982461663485887,0.7181342362911067,0.5473693907087199,0.21074117397999323,FALSE
2010-05-01,2013-04-01,0.16516913219372797,0.04122159502168564,3.435471294752311e-4,0.24898881382980143,0.09159016730453431,0.010501358976740734,-0.033933002908660116,0.017115292554172448,0.056051172384732145,0.5750035194999301,0.08437480595122412,0.24596345843623182,0.06947208591291418,0.42850554174668865,-0.06747897631483812,-3.870295024821155e-4,0.7510111861701986,0.49854246965418875,0.21992899071984845,FALSE
2010-06-01,2013-05-01,0.17131753260756907,0.04552709584687171,6.782427892541067e-4,0.24066982239136614,0.0924810255853288,0.01391119210137014,-0.03247179938478807,0.01719463312092914,0.06805487466784574,0.5760898702473198,0.08208442474770053,0.2605506404674376,0.059407012244121704,0.4219326325386106,-0.06617328030180919,0.0012296815322330387,0.7593301776086339,0.48664811751900167,0.22561665222775829,FALSE
2010-07-01,2013-06-01,0.17409977575928576,0.05068355480396242,0.0016593197579343256,0.2432120421384503,0.09477016156177542,0.015161503725322696,-0.027883165541677243,0.017926966800762376,0.129692515994609,0.5469484625806358,0.07476000834351941,0.2734395431750521,0.05746252547737046,0.42896155879953013,-0.0630200204711715,0.007253689387817012,0.7567879578615497,0.4902649480892446,0.23005093296045334,FALSE
2010-08-01,2013-07-01,0.1646552076086405,0.04811164258763429,0.0017167947295964189,0.19580042457479524,0.09165607599380958,0.04040638631750566,-0.034831776637322606,0.016300872011470215,0.04035788454570934,0.5385996856112163,0.0703563881368773,0.2589540270804037,0.016154515626928462,0.375446333522662,-0.06678148577980422,-0.0028820674948409827,0.8041995754252047,0.4250717156865601,0.20474421106425267,FALSE
2010-09-01,2013-08-01,0.16416825441898922,0.04669561753953702,0.0013347379800722453,0.19745105442969915,0.0998186821019138,0.05658188220776009,-0.03491290214395211,0.016114051704719416,0.037819123518471304,0.5305733412434295,0.07264484404149665,0.25569166479648175,0.0018064375099481056,0.3930956713494502,-0.06649644348520217,-0.003329360802702054,0.8025489455703009,0.4272713597304711,0.20455855723831184,FALSE
2010-10-01,2013-09-01,0.16484090518093414,0.04900998525917777,0.002010117748172438,0.19719204918264535,0.10002151211100983,0.05736548949998348,-0.0343632091960219,0.017103860652323482,0.05302603413312558,0.5266411163516679,0.06878133407294572,0.26090047628892254,0.0011498854450660845,0.39323421292022465,-0.06788677607457592,-8.39642317467873e-4,0.8028079508173547,0.4269259258327207,0.205330434275229,FALSE
2010-11-01,2013-10-01,0.1819286954718899,0.04676110715595723,4.757830025774803e-4,0.189766761112879,0.09998715605528352,0.06676024070134486,-0.028410192584164266,0.01492160352049462,0.06594027300702304,0.5403787602565371,0.09027692544621373,0.27358046549756604,-0.006208064755476722,0.38574158698123473,-0.05765653548433372,8.361503160051881e-4,0.810233238887121,0.4170662199536321,0.22453867200236596,FALSE
2010-12-01,2013-11-01,0.2069017927895883,0.041654521161918576,2.1865790258560723e-5,0.1726394049510762,0.09627584739911009,0.08240197679424933,-0.01717157565488032,0.01265834615084865,0.18442086289131587,0.576835268677773,0.1252589313122279,0.28854465426694875,-0.016061255951179576,0.36134006585333195,-0.04198193411054368,0.007638782800783034,0.8273605950489238,0.39460709463055754,0.2500745068446893,FALSE
2011-01-01,2013-12-01,0.23575925418990504,0.04858084688231502,3.045727191211837e-5,0.11026896291482832,0.10397316882599734,0.29683292762702745,-0.006455254016187523,0.01661887321555121,0.7002708470194383,0.5725337857335717,0.1405407943005676,0.3309777140792425,-0.09351844798412648,0.31405637381378315,-0.039028245518667896,0.026117737486292848,0.8897310370851716,0.3143763040802792,0.2649781162656422,FALSE
2011-02-01,2014-01-01,0.22989015189426323,0.05031249838916416,6.917104933483384e-5,0.12456438748979126,0.10193770007831594,0.23064591642528956,-0.00915982615255831,0.018796100380330586,0.6293493060393991,0.5750684146153628,0.13127765505150146,0.328502648737025,-0.07523350466370798,0.3243622796432905,-0.04600018289800626,0.027680530592889642,0.8754356125102087,0.3327746680152123,0.26260086819529793,FALSE
2011-03-01,2014-02-01,0.2323850308706019,0.05601998716935523,2.3050528936910947e-4,0.11788776281092149,0.10411357727523832,0.26592203765044803,-0.00882797616585436,0.02550268593702275,0.7314891852293026,0.5727414631631587,0.12258585601866563,0.34218420572253816,-0.08617484864854562,0.3219503742703886,-0.05881324060241895,0.04115728827071023,0.8821122371890785,0.32420016870634377,0.26344156794731183,FALSE
2011-04-01,2014-03-01,0.25304816232101923,0.05412543739899538,5.094845934080672e-5,0.12842216071495072,0.10455091178431614,0.22828406187437555,0.009279581504832601,0.023322688195476317,0.6933622236308477,0.5926285318888082,0.1469623050189883,0.35913401962305014,-0.07649762638230892,0.3333419478122104,-0.036432887358300976,0.05499205036796618,0.8715778392850493,0.3377198734966924,0.2903334055952975,FALSE
2011-05-01,2014-04-01,0.3040319010377103,0.047890474907415714,3.972993394609852e-7,0.04915709622071917,0.11673087852920352,0.6764864042515937,0.03890280744179439,0.015705707696745255,0.018721482831363215,0.6348536195730974,0.21016657021917548,0.39789723185624504,-0.17963542569651972,0.27794961813795804,0.008119620356173692,0.06968599452741508,0.9508429037792808,0.23007247431917535,0.31974987648252484,FALSE
2011-06-01,2014-05-01,0.30675882029476564,0.0522851419266098,1.5955556681309828e-6,0.05621018335675091,0.12686637297925793,0.6606989044281522,0.036993692433601066,0.023356063595730715,0.12305062871029789,0.6458679733065698,0.20427994211861045,0.40923769847092084,-0.19244790768259462,0.30486827439609643,-0.008784192214031136,0.08277157708123327,0.9437898166432491,0.24078836023087755,0.3250287456859899,FALSE
2011-07-01,2014-06-01,0.3137481471625543,0.04828250477057117,2.586529893973051e-7,0.08844422688763315,0.11978975542627018,0.4656954542371081,0.05482283242656309,0.03178231715616348,0.09418456922087025,0.6555293710151824,0.21911443781223477,0.4083818565128738,-0.1463436937478564,0.3232321475231227,-0.007470509199517333,0.11711617405264352,0.9115557731123669,0.2857887365931385,0.34418974287366916,FALSE
2011-08-01,2014-07-01,0.31087815092622134,0.04997787629682594,5.744733434134671e-7,0.09870547138101712,0.12325137931704896,0.42912661348665215,0.046093744794203736,0.03180549334237562,0.1570009670517136,0.6738371733132386,0.21292151338444248,0.4088347884680002,-0.14286723208039884,0.34027817484243306,-0.016245022156852473,0.10843251174525995,0.9012945286189828,0.2993361204721008,0.34492404098199436,FALSE
2011-09-01,2014-08-01,0.34303437883699645,0.045531215636370276,1.4024654379300972e-8,0.07635155788180314,0.11895581455056926,0.5255433525484943,0.048658338669613665,0.03569362639076341,0.18232795242868477,0.6847636941360542,0.2537931961897107,0.4322755614842822,-0.15680183863731262,0.3095049544009189,-0.021301169056282612,0.11861784639550994,0.9236484421181969,0.26945472580784013,0.37139063218719665,FALSE
2011-10-01,2014-09-01,0.34111131465591155,0.05746793303217063,1.3076491123442148e-6,0.15177756504686832,0.1637064384364751,0.36079811074326984,0.059280041990130976,0.03717346754968082,0.12061282418893654,0.6511632093305764,0.2284741659128571,0.453748463398966,-0.16908705428862283,0.4726421843823595,-0.013579954407243432,0.13214003838750538,0.8482224349531317,0.3676511759910047,0.4021484231017299,FALSE
2011-11-01,2014-10-01,0.3390198326491185,0.06220558928547778,5.363313284690352e-6,0.16704160396451356,0.1536730067755042,0.28515972643486004,0.06925762170630569,0.0327614391149505,0.04240137428391592,0.6227966729628897,0.21709687764958208,0.46094278764865493,-0.13415748931547467,0.4682406972445018,0.005045201041002714,0.13347004237160864,0.8329583960354865,0.38733857970681845,0.407006921669441,FALSE
2011-12-01,2014-11-01,0.3417799635442714,0.06366791355400606,6.806170965024845e-6,0.2023709674440955,0.1429841179244763,0.1666282282637142,0.06651507075180052,0.026078417719368276,0.015740124924425614,0.6364526331020427,0.21699085297841955,0.46656907411012327,-0.07787790368787806,0.48261983857606905,0.015401372021838701,0.11762876948176235,0.7976290325559046,0.4338534526711442,0.4284948887192325,FALSE
2012-01-01,2014-12-01,0.3511161704540638,0.07036077041694119,2.0444220502400555e-5,0.2297596273007369,0.1369594349562499,0.10317297173634793,0.05007307480876187,0.02634820306241281,0.06641714061309711,0.6845978690828326,0.21320906043685905,0.48902328047126853,-0.03868086521351288,0.4982001198149867,-0.0015694031935672356,0.10171555281109099,0.770240372699263,0.47129733688121994,0.45585272195431326,FALSE
2012-02-01,2015-01-01,0.2917566263813009,0.06133323194826735,4.022723202513316e-5,0.32088452667590944,0.14990523466058,0.0400279397027129,0.062209856101221046,0.02415344911439569,0.014830168319474873,0.7137445439728096,0.1715434917626969,0.4119697609999049,0.027070266741172633,0.6146987866106463,0.014869095837005492,0.1095506163654366,0.6791154733240905,0.6098029960335555,0.4296126915695639,FALSE
2012-03-01,2015-02-01,0.29498322209191447,0.06781499294193784,1.2986273765172482e-4,0.1561138989888414,0.1392753601304584,0.2706717533725227,0.08370780942375695,0.01531531680087721,5.124621913158084e-6,0.7294004690234861,0.1620658359257163,0.4279006082581126,-0.11686580686685707,0.42909360484453984,0.05368978849403762,0.11372583035347629,0.8438861010111586,0.3732277596390084,0.3495533600310049,FALSE
2012-04-01,2015-03-01,0.28514089389729413,0.07421765200408335,5.448314879475381e-4,0.1770602582690209,0.18274372194088442,0.3398620556952868,0.08009180283260633,0.01926288787879573,2.2433359229924246e-4,0.7278015683585524,0.13967429596929076,0.4306074918252975,-0.1811174367351126,0.5352379532731544,0.042336542590166705,0.11784706307504597,0.8229397417309792,0.40037031629519515,0.3464906109620203,FALSE
2012-05-01,2015-04-01,0.3047110494809872,0.07149136055132863,1.6675557591757566e-4,0.1312831868811187,0.18136694575750942,0.47441425388037695,0.08530197052975962,0.019831884389729663,1.4918817142769227e-4,0.7452431954823984,0.16458798280038311,0.4448341161615913,-0.22419602680359976,0.4867624005658372,0.04643147712588948,0.12417246393362975,0.8687168131188813,0.34138478780681714,0.3507599310608582,FALSE
2012-06-01,2015-05-01,0.27736890769409944,0.06809703041982129,2.8504383706682456e-4,0.280310747586263,0.19584215469181476,0.1620361999542384,0.07241317391792597,0.02459422763584729,0.005984907755016763,0.7371105767855598,0.1438987280712497,0.4108390873169492,-0.10353987560969391,0.6641613707822199,0.02420848775166528,0.12061786008418665,0.719689252413737,0.5449885205887467,0.385400930698691,FALSE
2012-07-01,2015-06-01,0.25161153929835617,0.06534142674887557,5.317068014739157e-4,0.3814493615649294,0.18279711006490512,0.04496392640063685,0.06449074137371619,0.025182092266058033,0.015356076909483199,0.7547421528244858,0.12354234287056007,0.37968073572615224,0.023167025837715405,0.7397316972921435,0.01513384053224244,0.11384764221518993,0.6185506384350705,0.7191985871707794,0.4067759754236644,FALSE
2012-08-01,2015-07-01,0.24454689397680163,0.06649624639226674,8.581861955382579e-4,0.4190209498988624,0.17787244622980217,0.024778318190003465,0.06524610833582618,0.026113999488927737,0.01779987375129799,0.7768288458480651,0.11421425104795882,0.37487953690564446,0.07039095528845019,0.7676509445092746,0.014062669337527818,0.11642954733412456,0.5809790501011376,0.7968726139084804,0.4209220520675067,FALSE
2012-09-01,2015-08-01,0.20842778822956826,0.06911005493611298,0.004988075190224671,0.5256687577773098,0.17710318160461042,0.0056337152152309755,0.06386887750918702,0.02829804722881278,0.030968286561565896,0.7941062373143686,0.07297208055478682,0.3438834959043497,0.17854652183227343,0.8727909937223461,0.008404704940713964,0.11933305007766007,0.4743312422226902,1.077848582257894,0.43941399949302745,FALSE
2012-10-01,2015-09-01,0.22259185731259143,0.07474242639619337,0.005492664898052131,0.5209490014204207,0.15228683438840146,0.001723794852410085,0.05878356890415868,0.029678536993711986,0.05627827341992289,0.8196532573929627,0.07609670157605242,0.36908701304913044,0.2224668060191538,0.8194311968216875,6.136363964831873e-4,0.11695350141183417,0.47905099857957933,1.062941045411889,0.4646516925600662,FALSE
2012-11-01,2015-10-01,0.18006263876025508,0.0905132061572357,0.05526727073903915,0.6202541736639848,0.15770496103625492,4.2261704250856716e-4,0.05813739539047529,0.03139261974865059,0.07327932246599173,0.8428137563074536,0.0026567546920731044,0.35746852282843705,0.3111524500329252,0.9293558972950444,-0.003392139316879865,0.11966693009783044,0.37974582633601517,1.451234409089802,0.47416620874439325,FALSE
2012-12-01,2015-11-01,0.1753831252967154,0.09450054450900622,0.07269835197922829,0.654004654173622,0.14534478406307258,8.450424474304384e-5,0.04927170162701691,0.028314712104320985,0.0914441210178865,0.8554312711263641,-0.00983794194093679,0.3606041925343676,0.3691288774099997,0.9388804309372443,-0.00622513409745222,0.10476853735148604,0.34599534582637803,1.632314093415131,0.5068944637906297,FALSE
2013-01-01,2015-12-01,0.21285448897720252,0.08935526493265421,0.02332643259492905,0.5991238797014076,0.12357488983746127,3.0871718520098884e-5,0.04536126609865556,0.024152476819316905,0.0695030984271122,0.8650617398578812,0.03771816970920028,0.38799080824520477,0.35691709561998347,0.8413306637828317,-0.001977588467205575,0.09270012066451669,0.40087612029859243,1.3530449289303377,0.5309732313779577,FALSE
2013-02-01,2016-01-01,0.2809432260672733,0.07675204409104285,8.996865096545167e-4,0.5208948997480654,0.10126317090955485,1.3073156043107045e-5,0.02299182481805931,0.013186190647771597,0.09082538848997442,0.8908574959837445,0.1305092196488293,0.43137723248571724,0.32241908476533787,0.7193707147307928,-0.0028531088515730205,0.04883675848769164,0.47910510025193465,1.0627717825171852,0.5863916412485296,FALSE
2013-03-01,2016-02-01,0.22853882941589962,0.056999446337446295,3.410138174744987e-4,0.6017902075878346,0.07484082166651009,3.514429201031966e-9,0.026817632730957018,0.014004561234208766,0.06447786713048019,0.8884664221418294,0.11681991459450489,0.3402577442372944,0.45510219712147487,0.7484782180541945,-6.313072880921623e-4,0.054266572750006195,0.39820979241216536,1.3648756761691674,0.5739156438909254,FALSE
2013-04-01,2016-03-01,0.1836321997793518,0.06444277655452346,0.0075961115131669725,0.6664615430902792,0.08481282325414509,5.770397175567111e-9,0.0250988851067443,0.015820917792073747,0.12247391387868549,0.8749366533186946,0.057324357732485814,0.3099400418262178,0.5002284095121547,0.8326946766684036,-0.005910113765720246,0.05610788397920884,0.33353845690972084,1.7082148207931072,0.5505578021818807,FALSE
2013-05-01,2016-04-01,0.17258676933537728,0.05431062901867755,0.003281911724485283,0.6770772738607668,0.06729745939078786,1.9534486657453133e-11,0.017982496297806103,0.013024756711505993,0.17695779761158498,0.8737063377700383,0.06613793645876928,0.2790356022119853,0.5451742534548225,0.808980294266711,-0.007546026856745644,0.04351101945235785,0.32292272613923323,1.7774377769375211,0.534452224526817,FALSE
2013-06-01,2016-05-01,0.16318874751895304,0.0514496472494241,0.0033333642972057835,0.6906507362351447,0.06461235058347452,4.330849650787724e-12,0.015725550839348654,0.013838506105060154,0.2642439178238276,0.8659045066507882,0.06234743891008181,0.26403005612782426,0.5640105290915347,0.8172909433787547,-0.011397921126569246,0.042849022805266555,0.3093492637648553,1.8727581647327236,0.5275226633252866,FALSE
2013-07-01,2016-06-01,0.1718185386561907,0.04435529023393287,4.987598216134553e-4,0.6540743078425046,0.05290654517078027,9.960968226269854e-14,0.009499708211035497,0.0129926064421741,0.47000025347620333,0.8748455436199791,0.08488216979768227,0.25875490751469915,0.5503774793077754,0.7577711363772339,-0.015965800415625737,0.03496521683769673,0.34592569215749536,1.6327235717836466,0.49669204268864775,FALSE
2013-08-01,2016-07-01,0.1702060690271165,0.04060649210837456,2.0384109328380555e-4,0.6858029658074442,0.04714603304014968,1.1757254115139987e-15,0.008883768410191934,0.01206532570741713,0.4669084087094527,0.8792666167032586,0.09061734449470235,0.24979479355953063,0.5933967410487508,0.7782091905661375,-0.014764269976345641,0.03253180679672951,0.31419703419255585,1.8377827686399504,0.5417176182599025,FALSE
2013-09-01,2016-08-01,0.16063899217608435,0.03738784815851344,1.5120123361957725e-4,0.690432715850849,0.04182384681475879,3.259806191636773e-17,0.009950042525587077,0.012926096970203022,0.44708538986714574,0.8721763755202022,0.087358809785398,0.2339191745667707,0.6084579760939217,0.7724074556077762,-0.015385107536010845,0.035285192587185,0.309567284149151,1.8711620106681752,0.5189146282611947,FALSE
2013-10-01,2016-09-01,0.14823179307054962,0.03497681523707181,1.7865299487389486e-4,0.6925018931468354,0.03906944101234732,4.1636161641576424e-18,0.012668009905719054,0.015238993842680007,0.411970478648642,0.8623538328337887,0.07967723520588887,0.21678635093521037,0.6159257887626347,0.7690779975310361,-0.017200418025933757,0.04253643783737187,0.3074981068531646,1.8864006520013588,0.48205757943522154,FALSE
2013-11-01,2016-10-01,0.14285550786614012,0.03297196287843942,1.364014888246879e-4,0.7052934248931636,0.042200642742759926,2.286480956502646e-17,0.015241108088873807,0.015975658174326945,0.3472247760097127,0.8584196599291312,0.07823046062439887,0.20748055510788138,0.6225801651173541,0.7880066846689731,-0.016071181932807002,0.04655339811055462,0.2947065751068364,1.9852909607873985,0.4847381087929662,FALSE
2013-12-01,2016-11-01,0.15124294637138747,0.029964563758814986,1.7314011006907056e-5,0.6952185150682392,0.04285454901264129,5.375471940334687e-17,0.010390807629934766,0.01601532879529782,0.521094558382706,0.8554253129367213,0.0925124014041101,0.20997349133866483,0.6112235990034622,0.7792134311330161,-0.020999236808848958,0.04178085206871849,0.3047814849317608,1.9067173238193933,0.4962340360184611,FALSE
2014-01-01,2016-12-01,0.14516698520436097,0.02677690953892353,5.829726585684162e-6,0.6642638486009997,0.049069285116213314,8.585852567133485e-15,-0.004196913505210376,0.010519823633729995,0.6925779177232501,0.8784949362736664,0.09268424250807086,0.19764972790065108,0.5680880497732217,0.7604396474287778,-0.024815767827321165,0.01642194081690041,0.33573615139900026,1.6944221644914121,0.43238413438485984,FALSE
2014-02-01,2017-01-01,0.14393223286959655,0.029363639043868447,2.6437000614278876e-5,0.6529117170303339,0.06527435629835585,2.2528801010462282e-11,-0.003309047511193987,0.011592221653515452,0.777135837921422,0.8594972735951092,0.0863795003436144,0.2014849653955787,0.5249739786855565,0.7808494553751113,-0.02602980195208427,0.0194117069296963,0.3470882829696661,1.6259100793518177,0.414684793269658,FALSE
2014-03-01,2017-02-01,0.1410429972934489,0.02937408337076033,3.534202499345998e-5,0.6724754221816155,0.0741538067523099,2.3429993621579123e-10,-0.0023787020420725485,0.012138409847916498,0.8458768035740107,0.8526051309585112,0.08346979388675865,0.19861620070013916,0.5271339609470881,0.8178168834161429,-0.026169985343988886,0.021412581259843785,0.3275245778183845,1.7468879715231422,0.4306333229491516,FALSE
2014-04-01,2017-03-01,0.1422324782951431,0.032863317958058816,1.3821957902042915e-4,0.6593429976349866,0.08252645438329499,4.038920356973755e-9,0.0013757688588855986,0.013793389249669618,0.9211720627520754,0.8451728116073959,0.07782037509734782,0.20664458149293838,0.4975911470437284,0.8210948482262448,-0.025659274070466854,0.02841081178823805,0.3406570023650134,1.6641733793474112,0.41752401185853577,FALSE
2014-05-01,2017-04-01,0.17970141245383614,0.03262949904529977,4.5387859422994885e-6,0.5604294393852411,0.07392862440530855,1.2332459105830354e-8,-0.018173239928857474,0.012864631970942073,0.16741091071285533,0.8566219640325188,0.1157475943250486,0.24365523058262367,0.4155293355508364,0.7053295432196459,-0.04338791859190394,0.007041438734188988,0.43957056061475885,1.1970380218904133,0.40881130028934554,FALSE
2014-06-01,2017-05-01,0.1601670490449675,0.041233594730291236,4.841062068898174e-4,0.6023038076346396,0.09975138917617651,9.72286824822444e-7,7.049555990161207e-4,0.015383735443473183,0.9637347288870366,0.8391241746531998,0.07934920337359669,0.24098489471633833,0.4067910848493337,0.7978165304199456,-0.029447165870191316,0.03085707706822356,0.39769619236536036,1.3671722771996346,0.4027371951749121,FALSE
2014-07-01,2017-06-01,0.17900514123953531,0.03950048127849651,7.706387464808173e-5,0.5503495848678986,0.0855577970715217,3.1219194754638243e-7,-0.0064958369207845775,0.011757669564960849,0.5844606220547421,0.8470680580994729,0.10158419793368216,0.25642608454538846,0.3826563026077161,0.7180428671280812,-0.029540869268107842,0.016549195426538685,0.44965041513210136,1.1606586247163204,0.39809846764390505,FALSE
2014-08-01,2017-07-01,0.22174214135875878,0.04809288792787253,6.137851402126772e-5,0.43421212702741135,0.09413564598351487,6.104016937748765e-5,-0.02212994157100878,0.009884471967615488,0.032246869738437045,0.8640371360683676,0.12748008102012862,0.31600420169738896,0.2497062608997222,0.6187179931551006,-0.04150350662753513,-0.0027563765144824233,0.5657878729725887,0.8308904630135897,0.39191745166567354,FALSE
2014-09-01,2017-08-01,0.1915667465010632,0.041211679993963544,5.505801416475812e-5,0.5071793435045756,0.08565033379796386,1.3624600227395677e-6,-0.012536993798518204,0.008993173280169851,0.17290588423522107,0.8679564501721531,0.11079185371289466,0.2723416392892317,0.33930468926056645,0.6750539977485848,-0.030163613427651115,0.005089625830614704,0.4928206564954244,1.0209998153974742,0.3887149290034717,FALSE
2014-10-01,2017-09-01,0.1987966953441273,0.04092896139252828,3.0089422135808933e-5,0.5018791039651994,0.08627080128495868,1.8422505743957302e-6,-0.015963211510105796,0.009450237426497731,0.10090610600902339,0.8709569210086185,0.11857593101477187,0.27901745967348274,0.3327883334466804,0.6709698744837185,-0.03448567686604135,0.002559253845829758,0.4981208960348006,1.005441231771415,0.39909326616612895,FALSE
2014-11-01,2017-10-01,0.20357791531204067,0.0420628780980028,3.163457896106623e-5,0.483714850490359,0.08164999103493847,1.3516914536076792e-6,-0.015933633239923473,0.009452280433403706,0.10158384679632063,0.8745645297127762,0.12113467423995519,0.2860211563841262,0.32368086806187957,0.6437488329188384,-0.03446010288939473,0.002592836409547789,0.516285149509641,0.9544067813412545,0.394312940252873,FALSE
2014-12-01,2017-11-01,0.19810380478451034,0.03913157402808041,1.6569599792468266e-5,0.5102107627447809,0.07789097323696662,2.22823330415118e-7,-0.014718111933308575,0.010777631710575272,0.1815822771459355,0.8740461664437429,0.12140591968947274,0.27480168987954795,0.3575444552003264,0.6628770702892355,-0.035842270086036104,0.006406046219418957,0.48978923725521906,1.0300414022320792,0.404467451948689,FALSE
2015-01-01,2017-12-01,0.19927886006696593,0.04039329330189938,2.410922341537607e-5,0.5071682500527822,0.07833128379866193,2.766640991343743e-7,-0.012875289245816813,0.010812853526228646,0.24251418572213299,0.8785772318647129,0.12010800519524316,0.2784497149386887,0.35363893380740485,0.6606975662981596,-0.03406848215722496,0.008317903665591334,0.4928317499472178,1.020966921012805,0.40435475207980953,FALSE
2015-02-01,2018-01-01,0.1824379589788768,0.04304342560851651,1.784186036296692e-4,0.5380195045517431,0.08494670074089206,4.146433846058413e-7,-0.014031771088149588,0.011508035586629176,0.23164118023388378,0.8876687921023375,0.09807284478618443,0.26680307317156915,0.3715239710995947,0.7045150380038915,-0.03658752083794277,0.008523978661643594,0.4619804954482569,1.1182309873845548,0.3949040290150309,FALSE
2015-03-01,2018-02-01,0.2077322312350886,0.035256857535898314,1.4842773118083855e-6,0.49894531558055155,0.078169825304853,3.599773005036598e-7,-0.01016518167570713,0.010752682089788627,0.35155791467265385,0.9044982716351639,0.13862879046472792,0.2768356720054493,0.34573245798303964,0.6521581731780635,-0.03124043857169284,0.01091007522027858,0.5010546844194484,0.9969628622321678,0.4145899393711476,FALSE
2015-04-01,2018-03-01,0.2314789476203139,0.032629865875494185,4.773739534014487e-8,0.4722961748970198,0.07521128162267304,4.843295199623394e-7,-0.007498244028546016,0.011874815029976976,0.5322373306030614,0.9142385557867193,0.1675244105043453,0.2954334847362825,0.3248820629165806,0.619710286877459,-0.03077288148730089,0.015776393430208854,0.5277038251029802,0.9240126690013601,0.4386531546841475,FALSE
2015-05-01,2018-04-01,0.2298169786042016,0.038214030044183396,1.0425108664965834e-6,0.47738548972349293,0.07787240575233799,7.446559491920265e-7,-0.0068608924027856524,0.010704916177644488,0.5261445887705538,0.9133620098693519,0.15491747971760217,0.30471647749080105,0.32475557444891046,0.6300154049980754,-0.027842528110968847,0.014120743305397542,0.5226145102765071,0.9374062192859239,0.439744733613709,FALSE
2015-06-01,2018-05-01,0.20511926419165027,0.03623550912616326,2.9048708906597874e-6,0.5298903048053005,0.07170180204744193,2.088434139195655e-8,-4.553618446696642e-4,0.01108506336976518,0.9674882608954858,0.909723382912777,0.13409766630437028,0.2761408620789303,0.38935477279231434,0.6704258368182867,-0.022182086049409418,0.021271362360070087,0.4701096951946995,1.0914238099232814,0.4363221313840349,FALSE
2015-07-01,2018-06-01,0.20579760325937185,0.03562103409748814,2.06950055466383e-6,0.5373471945283483,0.06858388192978077,6.145714791157053e-9,3.8700208914774757e-4,0.009973453452491048,0.9692883567889164,0.9063129403992621,0.1359803764282951,0.2756148300904486,0.4029227859459781,0.6717716031107186,-0.019160966677734707,0.019934970856030205,0.46265280547165166,1.1159798320525651,0.4448208263852877,FALSE
2015-08-01,2018-07-01,0.19818167107796061,0.035116687755709815,3.053909290993018e-6,0.5471103599446204,0.06255899276591718,5.410318328301385e-10,9.838901783781474e-4,0.008997503660168193,0.9136066059645616,0.8990695333951088,0.12935296307676938,0.2670103790791518,0.42449473412342276,0.6697259857658181,-0.016651216995551513,0.018618997352307806,0.45288964005537957,1.1492981770960862,0.4375937392909382,FALSE
2015-09-01,2018-08-01,0.1446571626002262,0.03576793812264099,3.0917042539814146e-4,0.612805106336876,0.06738782894222355,2.1970783553670656e-10,0.0036180186986552944,0.008729043687880222,0.6812876618725814,0.8855722852020179,0.07455200387984988,0.21476232132060252,0.4807249616101179,0.7448852510636341,-0.01349090692958994,0.020726944326900528,0.387194893663124,1.4154286158059162,0.3736029709267914,FALSE
2015-10-01,2018-09-01,0.14139824220164451,0.03697931987705643,5.731712138772746e-4,0.6198612644844558,0.06530813673983608,8.004346489334428e-11,0.005294100612525549,0.008834165587775148,0.553208615449304,0.8610399659671851,0.06891877524261392,0.2138777091606751,0.491857316474377,0.7478652124945345,-0.012020863939513739,0.02260906516456484,0.3801387355155442,1.4493116098193704,0.37196483544324993,FALSE
2015-11-01,2018-10-01,0.10974624365064488,0.03571929276269947,0.004313437168172339,0.6067390130034958,0.06481485979503636,1.1116027793482376e-10,-0.0020159090249150737,0.006865919431906624,0.7709511291830488,0.8226744358663658,0.039736429835753914,0.17975605746553586,0.4797018878052245,0.733776138201767,-0.015473111111452055,0.011441293061621909,0.39326098699650425,1.3872472821260342,0.2790672028995859,FALSE
2015-12-01,2018-11-01,0.10339164716783512,0.030545792571954992,0.0018984796834669727,0.5677746368070183,0.06814265751930199,1.6094510948667828e-9,1.2995672204158622e-4,0.005857187818464787,0.9824361168052207,0.7417782254778333,0.04352189372680334,0.1632614006088669,0.43421502806918644,0.7013342455448502,-0.011350131402149397,0.01161004484623257,0.43222536319298166,1.2245752292564283,0.23920772812601565,FALSE
2016-01-01,2018-12-01,0.10039583535490346,0.027274217217518354,8.502655431156975e-4,0.5737015193529477,0.0814159259009753,5.4558101545069765e-8,8.566378846877437e-4,0.005590108984588381,0.8791699303002636,0.6372625908679942,0.04693836960856748,0.15385330110123943,0.4141263045870361,0.7332767341188593,-0.010099975725105483,0.01181325149448097,0.42629848064705234,1.2474617954806189,0.23550596568516682,FALSE
2016-02-01,2019-01-01,0.11162627231157295,0.029602500553231874,6.636561309176505e-4,0.5262248823843053,0.09967997376425541,8.820325747335603e-6,-0.0014300985044058492,0.005811774599812623,0.8072002488486667,0.5452898951927576,0.05360537122723848,0.1696471733959074,0.3308521338063647,0.7215976309622459,-0.01282117672003859,0.00996097971122689,0.4737751176156947,1.079623732168893,0.23561024663629385,FALSE
2016-03-01,2019-02-01,0.11422536643079562,0.029933196182925878,5.855613294099406e-4,0.5046411956737549,0.12704348152644687,3.78672075011375e-4,-9.106113086678882e-4,0.005303642267474719,0.8647581516759875,0.5113787187487647,0.055556301912260894,0.17289443094933032,0.255635971881919,0.7536464194655907,-0.011305750152918338,0.00948452753558256,0.49535880432624513,1.0135099750762913,0.2305911703460233,FALSE
2016-04-01,2019-03-01,0.11822182796087335,0.027731553667738256,1.6634193942919286e-4,0.4110214576199062,0.08118120784235178,1.6545188351889954e-5,-0.002061716383512569,0.005329590504596647,0.7014329022944115,0.5146002708092601,0.06386798277210637,0.17257567314964034,0.25190629024889677,0.5701366249909157,-0.012507713772521996,0.008384281005496859,0.5889785423800937,0.7795967783860681,0.2007234889799765,FALSE
2016-05-01,2019-04-01,0.11754174373512856,0.027996899176114122,1.999502002403831e-4,0.37645519492003654,0.07827169922101554,3.4533993671166315e-5,-0.0034797532410190822,0.00577483215644922,0.5510399643741151,0.4881041220372987,0.06266782134994489,0.17241566612031223,0.2230426644468461,0.529867725393227,-0.014798424267659552,0.007838917785621388,0.6235448050799635,0.7094966489155373,0.1885056900122117,FALSE
2016-06-01,2019-05-01,0.11442922680966094,0.027320902882216926,2.0573498553624057e-4,0.3292907966642031,0.06442868948829618,1.4392319723515774e-5,-0.004641847732266405,0.006370760903162722,0.4715346749139294,0.4782613836658548,0.060880257160515774,0.16797819645880613,0.20301056526714256,0.4555710280612636,-0.01712853910246534,0.00784484363793253,0.6707092033357969,0.6239992984796955,0.17060929869538538,FALSE
2016-07-01,2019-06-01,0.11008979429058756,0.02728695372460664,3.178257444854084e-4,0.3413689288725848,0.06998440531794202,2.8338215529547265e-5,-0.0054251694105538735,0.006328205935064379,0.3976545131128958,0.472565909172626,0.056607364990358545,0.16357222359081658,0.20419949444941846,0.47853836329575117,-0.017828453043280058,0.00697811422217231,0.6586310711274153,0.6449131678878322,0.16714940900395234,FALSE
2016-08-01,2019-07-01,0.11950396577767192,0.026136873082837023,6.857748529008469e-5,0.32997800209458555,0.07307066809116707,8.06584716686524e-5,-0.003899469981767222,0.006088706349344613,0.5264443907422413,0.4656647291504109,0.06827569453531135,0.17073223702003248,0.1867594926358981,0.473196511553273,-0.015833334426482663,0.00803439446294822,0.6700219979054145,0.6251726085419017,0.17835827204369195,FALSE
2016-09-01,2019-08-01,0.12087013174990534,0.026153957657438085,5.949905476628847e-5,0.3361684096478914,0.07111060397233444,4.381324626180666e-5,-0.0035707055712653328,0.00599510479521546,0.5556295415479213,0.47118993604628634,0.0696083747413267,0.17213188875848398,0.1967916258621159,0.4755451934336669,-0.015321110969887633,0.008179699827356968,0.6638315903521086,0.6358314133206673,0.1820795115908744,FALSE
2016-10-01,2019-09-01,0.12216233432982594,0.023696272036802274,1.2647723117217854e-5,0.33706199701519374,0.06962991774620673,3.155062577675993e-5,-0.0037345384797738534,0.006245482885587857,0.5540764818741775,0.48943820379729974,0.07571764113769348,0.16860702752195839,0.20058735823262855,0.47353663579775895,-0.015975684935526053,0.008506607975978346,0.6629380029848062,0.6373835176006751,0.1842741459681046,FALSE
2016-11-01,2019-10-01,0.1103668507172777,0.018491235185272837,1.18871173119422e-6,0.3248936596786737,0.06806853768705615,3.839199022510311e-5,-0.005056020001828631,0.006694004945335533,0.4555893470916328,0.5121731202798852,0.07412402975414294,0.14660967168041245,0.19147932581204363,0.4583079935453037,-0.018176269694686276,0.008064229691029014,0.6751063403213263,0.6165378236847366,0.16348069056016723,FALSE
2016-12-01,2019-11-01,0.10033567401464628,0.01748971396787295,2.328375851810177e-6,0.31331555120558147,0.06468213866547377,3.126258370992422e-5,-0.005323767555270318,0.006843846656477618,0.44234693634068945,0.513093886145704,0.0660558346376153,0.13461551339167727,0.1865385594212529,0.4400925429899101,-0.018737707001966447,0.008090171891425814,0.6866844487944186,0.5972603490255172,0.146116129746059,FALSE
2017-01-01,2019-12-01,0.10471975773340379,0.016454807037654555,3.79891460186158e-7,0.32543696784828696,0.070844804574232,6.447098751402972e-5,-0.004039519870713526,0.006069686747727308,0.5104846372450749,0.5233244998078171,0.07246833593960086,0.13697117952720672,0.18658115088279223,0.46429278481378167,-0.015936105896259052,0.007857066154831999,0.6745630321517131,0.6174554841902388,0.1552408785274965,FALSE
2017-02-01,2020-01-01,0.10463737099883401,0.017439128156585177,1.084964242958391e-6,0.41265157939445435,0.0782576097603051,8.979793735605332e-6,-0.0030316502085299575,0.005463479890565167,0.5828256422400511,0.5674986108843052,0.07045667981192706,0.13881806218574094,0.2592666642642564,0.5660364945246523,-0.013740070794037685,0.00767677037697777,0.5873484206055457,0.7830829446970329,0.17815212798385455,FALSE
2017-03-01,2020-02-01,0.1178689725929747,0.021793875762320513,6.054564076817709e-6,0.4554841517046986,0.09490127420020027,3.555316438513142e-5,-7.497065081955437e-4,0.0052334273362094385,0.8869883007812545,0.644981025110452,0.075152976098826485,0.16058496908712291,0.2694776542723061,0.6414906491370911,-0.011007224087166043,0.009507811070774955,0.5445158482953014,0.8814244090238786,0.2164656418394127,FALSE
2017-04-01,2020-03-01,0.1096904092393229,0.015864684392564214,7.924473996071926e-8,0.4052939915139248,0.07145946979308695,2.8139542702158363e-6,-0.0040013086142227546,0.005341576767545385,0.45927584500761576,0.6836423957989263,0.07859562782989704,0.14078519064874875,0.26523343071947436,0.5453545523083753,-0.014470799078611709,0.0064681818501661995,0.5947060084860751,0.7674836768820185,0.1844447637557226,FALSE
2017-05-01,2020-04-01,0.107882697449952,0.015529933558699706,7.226911713995803e-8,0.434223263446987,0.0630717616524544,8.614411587875158e-8,-0.0014576165303919117,0.0067020856995334286,0.8292096665730517,0.7270242788179887,0.07744402767490058,0.13832136722500343,0.31060261060817634,0.5578439162857975,-0.014593704501477432,0.01167847144069361,0.5657767365530131,0.8309160084605927,0.1906806881230675,FALSE
2017-06-01,2020-05-01,0.10669079845920602,0.013968995694451414,1.0542366173686043e-8,0.45860857505844693,0.062084397315572824,2.107876791933592e-8,-0.007156373840257776,0.003280310648765585,0.036595970077848504,0.8113757905654451,0.07931156689808125,0.1340700300203308,0.3369231563199242,0.5802939937969697,-0.013585782711838322,-7.269649686772297e-4,0.541391424941553,0.8891538454964664,0.19706776565721196,FALSE
2017-07-01,2020-06-01,0.11252313213582256,0.014887253190071508,1.3115159768735337e-8,0.47715381480483754,0.07642830729743333,5.37891904364221e-7,-0.007505501975693955,0.0035748408280174056,0.04374434822916193,0.8248709473553071,0.0833441158832824,0.1417021483883627,0.3273543325018682,0.6269532971078069,-0.01451218999860807,-4.988139527798401e-4,0.5228461851951625,0.9367912401270797,0.21521268648794123,FALSE
2017-08-01,2020-07-01,0.10861894559847314,0.01534399722395809,4.981367846048745e-8,0.5048732259936967,0.06895524616165787,2.5260762688307212e-8,-0.00566744923272457,0.003788649430558697,0.14447737901814053,0.8409669658861941,0.07854471103951528,0.13869318015743098,0.36972094351684726,0.6400255084705461,-0.013093202116619617,0.0017583036511704762,0.49512677400630334,1.0141916617697884,0.21937602913206697,FALSE
2017-09-01,2020-08-01,0.11071641770906256,0.017331419718187663,3.5448889769949766e-7,0.5244255309120474,0.08025286936232782,2.3301981609472338e-7,-0.007090292761178607,0.00490061356345154,0.15767358371217655,0.8486181245613051,0.07674683506141475,0.14468600035671036,0.36712990696188486,0.6817211548622099,-0.016695495345543623,0.0025149098231864097,0.47557446908795264,1.0738944954591092,0.23280563803475893,FALSE
2017-10-01,2020-09-01,0.09237473830748408,0.018195670172468634,1.5897476698979187e-5,0.5949607828189978,0.08373696072077719,4.628167245889517e-8,-7.56557408439772e-4,0.004183605388213411,0.8576347409865431,0.8494628200446579,0.056711224769445553,0.1280382518455226,0.4308363398062745,0.7590852258317211,-0.008956423969338058,0.007443309152458514,0.4050392171810022,1.3348755249886104,0.22806368961108286,FALSE
2017-11-01,2020-10-01,0.08647841545214303,0.01656452294232741,1.0456460774508986e-5,0.6428877520910474,0.07608591366628806,1.1784318643024239e-9,-0.002665520483101042,0.0041895392598079615,0.5291498079992716,0.8504330623690264,0.054011950485181315,0.11894488041910475,0.4937593613051228,0.7920161428769721,-0.010877017432324648,0.005545976466122563,0.3571122479089526,1.568968983548159,0.24216031782307032,FALSE
2017-12-01,2020-11-01,0.08131936624611134,0.015815935702973658,1.31633378241461e-5,0.6419586267234431,0.06804028388659036,9.224180477887912e-11,8.792271574843005e-4,0.003979453490209614,0.8265415640380878,0.8491042472138595,0.050320132268282976,0.11231860022393972,0.508599670305726,0.7753175831411602,-0.006920501683326543,0.008678955998295143,0.35804137327655694,1.5638493721013773,0.22712281963933523,FALSE
2018-01-01,2020-12-01,0.07430817734159258,0.016886518074231964,1.1234769895263323e-4,0.6615981221083234,0.06467427153553326,1.2968716010782374e-11,0.0010537767047440138,0.004779960822063822,0.826915624997782,0.8299531058406119,0.041210601916097926,0.10740575276708722,0.5348365498986782,0.7883596943179685,-0.008314946506501077,0.010422499915989106,0.33840187789167664,1.677928488255229,0.21958559392326665,FALSE
2018-02-01,2021-01-01,0.061684454530517886,0.018260255645832536,0.001932973156022084,0.6607454115813441,0.059590854741643086,1.7081278421350848e-12,0.006137660079060849,0.005606852748566905,0.28183210082074384,0.7930962851771569,0.025894353464686118,0.09747455559634965,0.5439473362877237,0.7775434868749646,-0.0048517713081302856,0.017127091466251982,0.33925458841865586,1.6727062695518897,0.1818234937308981,FALSE
2018-03-01,2021-02-01,0.068602268626884,0.016454653200156367,2.1723448641954309e-4,0.6539200310217104,0.06566570385028625,2.5108094678450164e-11,0.00359297814991182,0.007443670526512102,0.6326023223718035,0.772987979265191,0.03635114835457752,0.10085338889919047,0.5252152514751494,0.7826248105682714,-0.010996616082051897,0.01818257238187554,0.34607996897828963,1.6318168304281873,0.19822663770288182,FALSE
2018-04-01,2021-03-01,0.06006959844898874,0.014484788867931857,2.312710579461161e-4,0.59386634400674565,0.06461591040518513,1.7140796287748426e-10,0.012385885693148782,0.007115322619508335,0.09133921312953107,0.7594859870417722,0.031679412267842294,0.08845978463013518,0.46721915961258276,0.7205135284009085,-0.001560146641087553,0.026331918027385118,0.40613365599325435,1.3301590040584763,0.14790598504347166,FALSE
2018-05-01,2021-04-01,0.059347717368931664,0.013065468440786132,7.474533146637136e-5,0.5971519756144155,0.07837676071777265,1.1098284902705284e-8,0.012402387420143301,0.007306369966883772,0.09931336433169508,0.7549599944007892,0.03373939922499085,0.08495603551287248,0.4435335246075811,0.7507704266212498,-0.0019180977149488923,0.026722872555235495,0.40284802438558454,1.344393298993184,0.14732036345330865,FALSE
2018-06-01,2021-05-01,0.06026104215537526,0.012441603106404773,3.1300304142712685e-5,0.5704232218474343,0.07370143487784095,7.971005045748523e-9,0.014335154902998144,0.006200058759143867,0.027361182773594464,0.7596554316384242,0.03587550006682191,0.08464658424392862,0.4259684094868661,0.7148780342080026,0.0021830397350761643,0.026487270070920124,0.4295767781525657,1.2347273792293525,0.14028002727366548,FALSE
2018-07-01,2021-06-01,0.05746995999485859,0.012469272954349792,6.169431493233803e-5,0.5266024609179611,0.08274239251134723,3.7958824157330054e-7,0.019281352927754902,0.006948382295064205,0.009141819063147214,0.7364659233821591,0.033030185004332996,0.08190973498538419,0.3644273715957206,0.6887775502402017,0.00566252362942906,0.032900182226080744,0.47339753908203885,1.0808312262180864,0.12139894116538523,FALSE
2018-08-01,2021-07-01,0.05745037740363581,0.012635346165331409,7.379062424136621e-5,0.5158935993494842,0.08884442255162833,1.9007906102896608e-6,0.020639218879591706,0.00717800579803591,0.0071211419880208675,0.7291810093205083,0.03268509891958625,0.08221565588768537,0.3417585311482927,0.6900286675506757,0.006570327515441322,0.03470811024374209,0.4841064006505158,1.0472799259551342,0.11867303825447696,FALSE
2018-09-01,2021-08-01,0.06028074587220615,0.013123873978564895,6.45542269599132e-5,0.4987263918630067,0.09733330042254318,1.3859355884317842e-5,0.020576057545087508,0.006973698649536633,0.005891508379233146,0.7350732565047506,0.03455795287421896,0.08600353887019335,0.3079531230348221,0.6894996606911914,0.006907608191995707,0.03424450689817931,0.5012736081369933,0.996333944836887,0.12025517580357432,FALSE
2018-10-01,2021-09-01,0.06109741006783321,0.013307745634451328,6.494555968254031e-5,0.49381334292226525,0.10141702434092918,2.905829941457154e-5,0.019550735946614096,0.006661152325689666,0.006127119687716972,0.7316651392301798,0.035014228624308606,0.08718059151135782,0.29503597521404407,0.6925907106304865,0.006494877388262351,0.03260659450496584,0.5061866570777347,0.9823546742027348,0.1207013444814104,FALSE
2018-11-01,2021-10-01,0.06185903473221805,0.014479448325922727,1.6207717566933734e-4,0.4670825356807339,0.10734265816895051,1.293071354657231e-4,0.02613565453978159,0.009348982908257128,0.00868744793588868,0.699030360885233,0.033479316013409505,0.0902387534510266,0.25669092566959084,0.6774741456918769,0.007811648039597618,0.044459661039965556,0.5329174643192661,0.91053900430899,0.11607620105157382,FALSE
2018-12-01,2021-11-01,0.061585626451702444,0.01377440569354887,9.175780669644992e-5,0.45169747740316624,0.11691206392217456,5.130262106751881e-4,0.02148132229958378,0.00934437263487475,0.028192154458814775,0.6792930283371573,0.03458779129234666,0.08858346161105823,0.22254983211570412,0.6808451226906284,0.0031663519352292703,0.03979629266393829,0.5483025225968338,0.8721656071230087,0.1123205236408994,FALSE
2019-01-01,2021-12-01,0.06268949908571968,0.015404999166647995,2.8804874589301234e-4,0.4463620322403245,0.12705517558162419,0.001344077421329938,0.020741243471498725,0.010391813541803914,0.054512338843946254,0.6762375928100733,0.03249570071908961,0.09288329745234974,0.1973338881003411,0.6953901763803079,3.732889295630544e-4,0.04110919801343439,0.5536379677596754,0.8593178307358431,0.11323193627668991,FALSE
2019-02-01,2022-01-01,0.05126516510879573,0.011525233461318441,9.800397009939387e-5,0.4694682072277148,0.10315583543511472,7.289117729907287e-5,0.030550393655598012,0.008205077669340822,7.566673720815312e-4,0.7087022536353232,0.028675707524611585,0.07385462269297988,0.26728276977488996,0.6716536446805397,0.014468441423690002,0.04663234588750602,0.5305317927722852,0.9166737727128027,0.09662976999155969,FALSE
2019-03-01,2022-02-01,0.051898679490473255,0.01216436030740306,1.647507913139136e-4,0.4501779470849186,0.11252832750098693,3.4966931709669037e-4,0.03587259777332065,0.011484413008801372,0.0037791521317007233,0.712934497890751,0.02805653328796326,0.07574082569298325,0.22962242518298423,0.6707334689868529,0.01336314827606996,0.058382047270571336,0.5498220529150815,0.8684832309100148,0.09439177496667066,FALSE
2019-04-01,2022-03-01,0.050829524701596566,0.011971576540554384,1.7470646750023514e-4,0.45914816730774344,0.10767389281364542,1.657893822114643e-4,0.04220337681151176,0.014899852084603355,0.007926492014180535,0.714131844358662,0.027365234682109975,0.07429381472108315,0.24810733739299842,0.6701889972224885,0.012999666725689186,0.07140708689733434,0.5408518326922566,0.8904970808537207,0.09398049822365759,FALSE
2019-05-01,2022-04-01,0.04803523552759857,0.01107741818534254,1.34972904428365e-4,0.4497753913698053,0.09269551134599138,3.052315619120274e-5,0.05290699938596148,0.01594482718006387,0.002267594954478386,0.7266633694242504,0.026323495884327194,0.06974697517086995,0.2680921891316622,0.6314585936079484,0.0216551381130363,0.08415886065888667,0.5502246086301947,0.8675108265246853,0.08730113988755271,FALSE
2019-06-01,2022-05-01,0.047469045910788425,0.010589332328312264,8.872391072120545e-5,0.4489851858705712,0.09348229611709379,3.521155405657379e-5,0.05469655269692755,0.019365609193501287,0.008086987296856047,0.7173907783073883,0.026713954547296387,0.06822413727428046,0.2657598854810673,0.632210486260075,0.016739958677665034,0.09265314671619007,0.5510148141294289,0.8656058231357672,0.08614840235427561,FALSE
2019-07-01,2022-06-01,0.049107161946044794,0.009499286719994374,1.2134838022940644e-5,0.4370138049355013,0.0970615079349869,8.383528421095719e-5,0.05996169661970677,0.025030676591816438,0.022618125017074473,0.7097686242817962,0.030488559974855823,0.06772576391723377,0.24677324938292697,0.6272543604880756,0.010901570499746549,0.10902182273966698,0.5629861950644988,0.8373461467163154,0.08722622752840113,FALSE
2019-08-01,2022-07-01,0.05943602906169391,0.012385965480336802,3.564583477083491e-5,0.46466624986889693,0.10397703375294542,9.230949453010781e-5,0.032075221943226616,0.020304988270944558,0.12401738525661776,0.69710227001662906,0.03515953672023378,0.08371252140315404,0.2608712637131239,0.66846123602467,-0.007722555067824717,0.07187299895427796,0.5353337501311031,0.9043772671602972,0.11102611977507124,FALSE
2019-09-01,2022-08-01,0.06011276611662202,0.011660781901515255,1.2655702317849012e-5,0.4431142830384161,0.1059863854338262,2.1014906054005254e-4,0.025740199130252193,0.01959337323185974,0.19828166034895703,0.7072881490761331,0.037257633589652124,0.08296789864359191,0.23538096758811675,0.6508475984887154,-0.0126628124041929,0.06414321066469729,0.556885716961584,0.8516079424077034,0.10794452844760036,FALSE
2019-10-01,2022-09-01,0.06175127182344736,0.012602750570283688,2.6582540155195173e-5,0.43048052195261216,0.12029026966457317,0.0011248892977313316,0.02125165530299901,0.022572552889389443,0.35351145866482003,0.7440450153518199,0.03704988070569133,0.08645266294120339,0.19471159341004876,0.6662494504951756,-0.022990548360204296,0.06549385896620231,0.5695194780473878,0.8223818566282501,0.10842697081259309,FALSE
2019-11-01,2022-10-01,0.06882668223833605,0.011164581793738994,6.743197546418927e-7,0.3722658507293674,0.11567797246023442,0.0029528103245603293,0.017718045450824976,0.022265482525412682,0.43203353746043416,0.7943675055170101,0.04694410192260762,0.09070926255406447,0.14553702470730795,0.5989946767514269,-0.02592230029898388,0.061358391200633834,0.6277341492706325,0.701461585475226,0.10964304286823667,FALSE
2019-12-01,2022-11-01,0.07953617858097962,0.008391790780281254,8.280222800199527e-11,0.30476895319228187,0.10580703036760597,0.0070309648745916255,0.01408646682878619,0.02064470862676447,0.49994118883637884,0.8560597423472391,0.06308826865162837,0.09598408851033088,0.09738717367177416,0.5121507327127895,-0.026377162079672174,0.05455009573724456,0.6952310468077181,0.5833583660565983,0.11440251258367229,FALSE
2020-01-01,2022-12-01,0.0810307568476453,0.009292626916599732,5.784723196147865e-10,0.2813617838593342,0.10458722457834307,0.011251948372960086,0.014513464010858429,0.020859885343111194,0.491601941071933,0.8727790974474374,0.06281720809110983,0.09924430560418077,0.07637082368578177,0.48635274403288664,-0.026371911261639513,0.05539883928335637,0.7186382161406658,0.5465969207061118,0.11275598072533397,FALSE
2020-02-01,2023-01-01,0.08126795490600244,0.009550503795410488,1.006068992117017e-9,0.2631770913959753,0.10457540179764943,0.017056757295515115,0.011848532039298212,0.019742328361043292,0.5526272168723572,0.8791906398533611,0.0625489674669979,0.09998694234500699,0.05820930387258241,0.4681448789193682,-0.026846431548346643,0.05054349562694307,0.7368229086040248,0.519239327639372,0.11029509799033213,FALSE
2020-03-01,2023-02-01,0.07268313063440549,0.01190090266485418,7.957744176307517e-7,0.3155223259932641,0.10964548144375597,0.007079875460549772,-0.0019045117023143356,0.023307235266991373,0.9353836492405553,0.8625380821231182,0.049357361411291295,0.09600889985751968,0.1006171823635024,0.5304274696230258,-0.04758669282561743,0.043777669420988756,0.684477674006736,0.6008943702279242,0.10618773028627695,FALSE
2020-04-01,2023-03-01,0.06675919133119528,0.014529333148200325,6.426189450682099e-5,0.3624023847220113,0.11559852812280884,0.0036687380401392426,-0.0035291116238160268,0.026311261572638356,0.8941403646792941,0.855159355075072,0.038281698360722635,0.09523668430166791,0.13582926960130598,0.5889754998427166,-0.0550991843061872,0.04804096105855515,0.6375976152779887,0.6829035424184225,0.10470426760001081,FALSE
2020-05-01,2023-04-01,0.06539134709240124,0.015604496069203196,2.0445093481507044e-4,0.37693180859008063,0.12112086380236654,0.0038941452028658547,-0.008609679755061354,0.02682988852328755,0.7503734762560389,0.8477980687460203,0.034806534796762975,0.09597615938803951,0.1395349155374422,0.614328701642719,-0.06119626126070495,0.04397690175058224,0.6230681914099194,0.7104167096134223,0.1049505463349516,FALSE
2020-06-01,2023-05-01,0.06487524385597034,0.015955867160458836,2.9091322813509026e-4,0.40526746537067676,0.12468002989266881,0.0027120588866506117,-0.02296337017181066,0.029719265929444443,0.44538392768053825,0.8349591373329784,0.03360174422147102,0.09614874349046965,0.1608946067810459,0.6496403239603077,-0.08121313139352176,0.035286391049900445,0.5947325346293233,0.7674280609116221,0.10908305848175076,FALSE
2020-07-01,2023-06-01,0.060365663083727046,0.016275879945960407,7.87400170985051e-4,0.42185602542123873,0.12334464033603715,0.0017270361080710477,-0.020977686612820623,0.027715000020994432,0.454642627836765,0.8243465980138989,0.028464938389644645,0.09226638777780945,0.18010053036260593,0.6636115204798716,-0.0752990866539697,0.03334371342832846,0.5781439745787613,0.8030984262822899,0.10441285516762461,FALSE
2020-08-01,2023-07-01,0.059742547972279694,0.01656112811986049,0.001040150954783405,0.432711245883342,0.12826179195878581,0.001955906879301654,-0.02038126807388518,0.025781473754115818,0.43503278868637085,0.8150227891598931,0.027282736857353135,0.09220235908720625,0.1813181336441218,0.6841043581225621,-0.07091295663195218,0.03015042048418182,0.567288754116658,0.8274559968667202,0.10531241372007553,FALSE
2020-09-01,2023-08-01,0.058964632128410736,0.016797238766773637,0.0013541548864445644,0.43056655744095423,0.1318521256203913,0.0026064151219785765,-0.018261192573912812,0.0244208746212519,0.46005932473375577,0.8054982069740287,0.02604204414553441,0.09188722011128705,0.17213639122498725,0.6889967236569212,-0.06612610683156653,0.029603721683740907,0.5694334425590457,0.8225768883656975,0.10354964728348665,FALSE
2020-10-01,2023-09-01,0.0589823643235778,0.017468887598399808,0.0019415040137279608,0.4175522081423727,0.1448280440505759,0.006984061895433757,-0.015487453332827637,0.023060785048088117,0.5066628467306263,0.799960473964227,0.024743344630714176,0.09322138401644142,0.13368924180324399,0.7014151744815014,-0.06068659202708035,0.029711685361425072,0.5824477918576273,0.7936687454496987,0.10126635408035913,FALSE
2020-11-01,2023-10-01,0.056723192231122946,0.018536720960720773,0.004453655540395186,0.42326300369702907,0.15936418859608997,0.01222745351998632,-0.011727142447657272,0.024690421929840743,0.6380361221782569,0.7847689173595811,0.020391219148110228,0.09305516531413566,0.1109091940486927,0.7356168133453654,-0.06012036943014512,0.036666084534830584,0.5767369963029709,0.8062086431457534,0.09835192227086673,FALSE
2020-12-01,2023-11-01,0.05301462245723415,0.018442891015838674,0.007135667717732157,0.47681993104487314,0.1564177038527201,0.004589329546935915,-0.018632393824165636,0.023079933038647006,0.4254547961081234,0.7752768761294873,0.01686655606619035,0.08916268884827795,0.17024123149354176,0.7833986305962045,-0.06386906257991376,0.026604274931582496,0.5231800689551269,0.9359058423962497,0.10133150248462773,FALSE
2021-01-01,2023-12-01,0.051452538011350225,0.016966756774982737,0.004779606536063375,0.49455632527202464,0.14098300561048693,0.0013632095691837993,-0.01978025049221591,0.0229859498633816,0.39589522666024257,0.7747145330127869,0.018197694732384063,0.08470738129031638,0.21822963427547026,0.770883016268579,-0.06483271222444385,0.02527221124001203,0.5054436747279754,0.9844522936237949,0.1017967789171394,FALSE
2021-02-01,2024-01-01,0.0483885899648863,0.016520821986774414,0.00622223320023086,0.5113628386629654,0.13478012203398945,6.223352869839234e-4,-0.016755703722804355,0.024987809335780712,0.5073150664749729,0.7745346977344315,0.016007778870808446,0.08076940105896416,0.24719379947634607,0.7755318778495848,-0.06573181002093455,0.03222040257532584,0.4886371613370346,1.0335054478876224,0.09902765035815717,FALSE
2021-03-01,2024-02-01,0.04655258296253273,0.015368960603410815,0.004823302492955104,0.5794133045520069,0.12348206631154211,4.849601524297347e-5,-0.03179665677631674,0.021427562470427836,0.1476157424649818,0.8016019325279169,0.016429420179847533,0.07667574574521793,0.33738845458138433,0.8214381545226295,-0.07379467921835531,0.010201365665721822,0.4205866954479931,1.2701069317349905,0.11068486822424725,FALSE
2021-04-01,2024-03-01,0.04813594564345584,0.014327596496380782,0.002030315694420331,0.5664718662691065,0.11621203744069689,2.8612301152200863e-5,-0.03175502282445475,0.02195811756257016,0.15785569196256216,0.8022265108583975,0.020053856510549504,0.07621803477636217,0.33869627288534065,0.7942474596528724,-0.07479293324709227,0.011282887598182766,0.4335281337308935,1.219625548501751,0.11103303776205571,FALSE
2021-05-01,2024-04-01,0.04972438895096025,0.014261427241799891,0.0014439441263630324,0.5578559182120072,0.11654582691797888,3.6915293445400264e-5,-0.0323035622826384,0.022366828293779468,0.1583859437786721,0.8075356543084775,0.021771991557032463,0.07767678634488803,0.32942609745276863,0.7862857389712458,-0.07614254573844616,0.011535421173169358,0.4421440817879928,1.1875983275682476,0.11246195753628337,FALSE
2021-06-01,2024-05-01,0.05123895547393341,0.014751922808730826,0.0014965650855422014,0.5418276280019075,0.12237573061886738,1.039422685401014e-4,-0.030788232050885246,0.022834334278557616,0.18701886873223703,0.8159856885509007,0.02232518676882099,0.08015272417904583,0.3019711959889275,0.7816840600148875,-0.07554352723685817,0.013967063135087679,0.45817237199809246,1.1311012701084164,0.11183335924529891,FALSE
2021-07-01,2024-06-01,0.04931400315694517,0.014872504325194748,0.0022817609488380974,0.5679971107934348,0.12000751597098659,4.310776583036432e-5,-0.031557745189767845,0.022420353593505797,0.1689048927532222,0.8243671181794832,0.020163894679563463,0.07846411163432687,0.3327823794903011,0.8032118420965686,-0.07550163823303921,0.012386147853503518,0.43200288920656515,1.2254233629992883,0.11415202163929357,FALSE
2021-08-01,2024-07-01,0.04855918749038649,0.015303205558265299,0.0033218656377074986,0.5713496656373943,0.12021598419429236,4.072122347612052e-5,-0.030883468612011352,0.022086959574163643,0.1716494524246142,0.8260413252011849,0.018564904596186507,0.07855347038458647,0.3357263366165813,0.8069729946582074,-0.07417390937737209,0.012406972153349387,0.4286503343626057,1.2383070526186173,0.11328391371161069,FALSE
2021-09-01,2024-08-01,0.04912019439439166,0.016024893971528693,0.004394445796408227,0.5724197387891139,0.12316015301308975,5.515239437802972e-5,-0.02901248872696195,0.021806263412876187,0.19276894818422063,0.8274398726584085,0.017711402210195418,0.0805289865785879,0.331025838883458,0.8138136386947699,-0.07175276501619927,0.01372778756227538,0.4275802612108861,1.2424603261101976,0.11487947141265525,FALSE
2021-10-01,2024-09-01,0.051654107111173506,0.017470112408438664,0.005799736177558954,0.5664858421770018,0.12934793385199622,1.192748571590215e-4,-0.02950996633313559,0.022010079389935967,0.18944310941319759,0.8370144210689001,0.017412686790633722,0.08589552743171329,0.3129638918270892,0.8200077925269145,-0.07264972193741008,0.013629789271138903,0.4335141578229982,1.2196784956709879,0.11915206499960178,FALSE
2021-11-01,2024-10-01,0.04648181131471793,0.016185171661315258,0.007183267437573007,0.6053187348889341,0.10880986264887679,3.858932706052784e-6,-0.029557534357160586,0.020497741868822996,0.15902156413144647,0.8638864822044452,0.014758874858540029,0.07820474777089584,0.39205140409713557,0.8185860656807326,-0.06973310842005366,0.010618039705732486,0.39468126511106594,1.3807709317783048,0.11777050350144601,FALSE
2021-12-01,2024-11-01,0.051566877076780926,0.017846629224142353,0.006873448923629753,0.6071931865105277,0.12171679015064255,2.0542638470184414e-5,-0.026624594564177248,0.021791210347790847,0.2307061803680819,0.8656598639849435,0.016587483797461916,0.08654627035609994,0.3686282778152683,0.845758095205787,-0.0693353668458473,0.01608617771749281,0.39280681348947233,1.3893278915345415,0.13127795981615012,FALSE
2022-01-01,2024-12-01,0.054520755860878144,0.01803407812830378,0.004895420247364629,0.5352559861968043,0.14435581900608377,7.89592778323253e-4,-0.02720501764953965,0.02127476006376023,0.21018287339326988,0.8498073278231226,0.019173962729402735,0.08986754899235355,0.2523185809448801,0.8181933914487285,-0.0689035473745097,0.014493512075430398,0.46474401380319574,1.109017447137266,0.11731351936028582,FALSE
2022-02-01,2025-01-01,0.05681047601323497,0.019249770880807385,0.0058809756956835916,0.5235112966329151,0.15754703175993912,0.002239112852669217,-0.022020707376650326,0.02149833973889784,0.3133758158803817,0.853539594766809,0.019080925086852496,0.09454002693961744,0.21471911438343438,0.8323034788823958,-0.0641574532648901,0.020116038511589444,0.47648870336708493,1.0709993002844191,0.11922733028461413,FALSE
2022-03-01,2025-02-01,0.05489075463878237,0.019154658556928047,0.007295975803120257,0.5474658455622595,0.15373831507737068,0.0011802725004392799,-0.024629795138827997,0.021895500315693484,0.2690071665005742,0.862823391503245,0.0173476238672034,0.09243388541036134,0.24613874801061297,0.8487929431139061,-0.06754497575758722,0.01828538547993123,0.4525341544377405,1.1505372989081166,0.1212963797328898,FALSE
2022-04-01,2025-03-01,0.05478843024993316,0.019097707865025255,0.0072379666869875695,0.5455827162238225,0.15216225325233274,0.0011040834189739398,-0.023147630880690672,0.021634262599534024,0.29264518635399767,0.8694140144281773,0.01735692283448366,0.09221993766538265,0.24734469984925034,0.8438207325983946,-0.06555078557577736,0.019255523814396016,0.4544172837761775,1.143994399288214,0.12056854394851563,FALSE
2022-05-01,2025-04-01,0.053654270043841545,0.0207554626612951,0.014499158106186337,0.5829143823810093,0.17926466188209042,0.0027032330034492407,-0.02415548723576144,0.02227399924839011,0.2862596083649538,0.8742474405649071,0.012973563227703148,0.09433497685997994,0.23155564509211213,0.9342731196699066,-0.06781252576260605,0.01950155129108317,0.41708561761899066,1.2842838005674304,0.12864090195710112,FALSE
2022-06-01,2025-05-01,0.05259427543561348,0.022142664422524227,0.02369688359961346,0.622877978267151,0.191323889712277,0.0026754209201576193,-0.02730930208183024,0.02289909470994812,0.24179726679697164,0.882960643728748,0.009194653167465996,0.09599389770376096,0.24788315443108805,0.9978728021032139,-0.07219152771332855,0.017572923549668076,0.37712202173284903,1.464174874228505,0.13946222284751897,FALSE
2022-07-01,2025-06-01,0.048026846206900696,0.023227060196613962,0.046832378939439874,0.6777106804537927,0.1886905362186302,0.001085816616275266,-0.026557940969142685,0.022759808803440786,0.25188162056347013,0.893293230457147,0.0025018082215373313,0.09355188419226407,0.3078772294652775,1.047544131442308,-0.07116716622388662,0.018051284285601252,0.3222893195462073,1.781709934158771,0.14901780262071324,TRUE
2022-08-01,2025-07-01,0.03149485899056418,0.019174332572593978,0.11026774153547256,0.784797916782535,0.15340607019568794,1.4189156802757445e-5,-0.015368216630031937,0.017597919435456744,0.38900751806322176,0.9162803627082137,-0.006086832851720014,0.06907655083284837,0.4841220191989866,1.0854738143660834,-0.04986013872352715,0.019123705463463283,0.21520208321746503,2.8603555847822353,0.1463501585100277,TRUE
2022-09-01,2025-08-01,0.029508609673608598,0.01967207650908383,0.14341052863728382,0.8018374643024607,0.14433112079484145,3.944603172515448e-6,-0.013977097196490266,0.017894493827474357,0.44049382744976573,0.9200633532215484,-0.009048660284195709,0.0680658796314129,0.5189484675445715,1.08472646106035,-0.049050305098340005,0.021096110705359477,0.19816253569753928,3.1385519860611764,0.14891114291476554,TRUE
2022-10-01,2025-09-01,0.02544222219862791,0.020621035064058428,0.22626306761684012,0.827847432142584,0.13514661129426975,7.550564926987375e-7,-0.01027738979194449,0.018696391258108458,0.5863421313539767,0.9226852593647443,-0.014975006526926609,0.06585945092418242,0.5629600740058154,1.0927347902793527,-0.04692231665783707,0.026367537073948084,0.17215256785741595,3.6688740812457215,0.14778880451960633,TRUE
2022-11-01,2025-10-01,0.02052649240036139,0.01973870826487009,0.30617527838511377,0.8533790721396296,0.12173929748549098,6.048726453354999e-8,-0.0065660032545082425,0.01846706421032327,0.7245091726268345,0.9249017215956218,-0.018161375798783984,0.059214360599506764,0.6147700490680673,1.091988095211192,-0.04276144910674185,0.029629442597725368,0.1466209278603704,4.371749748477974,0.13999701611429657,TRUE
2022-12-01,2025-11-01,0.012922605765592976,0.018290654449757356,0.4849813927201816,0.8869862005318697,0.11246254828117849,5.333837582940834e-9,-0.003836967199075357,0.019260883242250403,0.8433586216707735,0.9284841905288017,-0.022927076955931443,0.04877228848711739,0.6665596059007599,1.1074127951629795,-0.041588298353886145,0.03391436395573543,0.11301379946813028,5.779797733081741,0.11434537929358911,TRUE
2023-01-01,2025-12-01,0.024531693149249568,0.01980400014701496,0.2244575558396374,0.7567632920105173,0.13257763605920897,2.531333435044371e-6,-6.971428447394917e-4,0.019687690367541692,0.9719727100975728,0.8887523662094454,-0.014284147138899753,0.06334753343739889,0.4969111253344677,1.0166154586865668,-0.039285015965121205,0.03789073027564222,0.24323670798948271,2.4870302324862745,0.10085522597317133,TRUE
2023-02-01,2026-01-01,0.02685824523261703,0.021452073299675634,0.21963986036178784,0.7582436201671904,0.13332855142222622,2.691003084390585e-6,-0.0036480346790701513,0.0200654948519496,0.8568814692267546,0.8789547195803825,-0.015187818434747213,0.06890430889998127,0.496919659379627,1.0195675809547537,-0.04297640458889137,0.03568033523075107,0.24175637983280962,2.504591914008046,0.11109632453625946,TRUE
2023-03-01,2026-02-01,0.033470211867985655,0.023471975363119537,0.16356168376065924,0.7479108855833057,0.13439200237276172,3.835901458391105e-6,-0.007199113850563616,0.018477018940010026,0.6993947829472956,0.876627085759638,-0.012534859843728638,0.07947528357969995,0.48450256093269267,1.0113192102339186,-0.04341407097298326,0.029015843271856034,0.25208911441669435,2.3862833763178353,0.1327713493120555,TRUE
2023-04-01,2026-03-01,0.048310708678629,0.031049331341818035,0.12955974999692682,0.7110006522376522,0.14357352213848537,2.283430721049866e-5,-0.016491365713615126,0.019207326279629275,0.3969484706780606,0.8761911830521986,-0.012545980751334347,0.10916739810859236,0.42959654884622084,0.9924047556290836,-0.054137725221688505,0.021154993794458253,0.2889993477623478,2.032201403479674,0.16716545920496761,FALSE
2023-05-01,2026-04-01,0.06853767976566058,0.03906472149531152,0.08892360407944692,0.6560104744995808,0.1485750853294311,1.0765089579898204e-4,-0.027722677785579356,0.020005295111399965,0.1754007021631046,0.8744289153876933,-0.008029174365149994,0.14510453389647116,0.3648033072538959,0.9472176417452658,-0.06693305620392329,0.011487700632764577,0.34398952550041917,1.6441709974340601,0.1992435079700619,FALSE
2023-06-01,2026-05-01,0.10966040032006394,0.0292177945826012,6.968170241714191e-4,0.5550495022289517,0.11451594629358434,3.099251521123602e-5,-0.0403907696137083,0.01932173568322286,0.04460873068049616,0.892014801138724,0.052393522938165585,0.1669272777019623,0.33059824749352634,0.779500756964377,-0.0782613715528251,-0.0025201676745914975,0.44495049777104834,1.177424093183376,0.24645528181089998,FALSE
2023-07-01,2026-06-01,0.12617505667898668,0.027998005561773606,8.284536423063298e-5,0.513515847877245,0.10390220763029205,2.349846688954968e-5,-0.03240559391958134,0.021326775101886804,0.13846166051097952,0.8994123125858917,0.07129896577791042,0.18105114758006294,0.30986752092187264,0.7171641748326174,-0.07420607311927947,0.009394885280116796,0.486484152122755,1.0400207321292814,0.2593610832509685,FALSE
2023-08-01,2026-07-01,0.12200107561352473,0.028085933753145966,1.320994428264121e-4,0.5456158638828915,0.11671971963061797,5.1042062005727684e-5,-0.025357529696588162,0.021642732379429548,0.24999092257263913,0.8438996253998302,0.06695264545735864,0.1770495057696908,0.3168452134068803,0.7743865143589027,-0.06777728516027008,0.017062225767093753,0.4543841361171085,1.1441091208239231,0.26849765631360284,FALSE
