fecha,exp_inf_24m,exp_inf_12m,infl_gt,meta_inflacion,d_exp24,gap_meta_largo,x_inflacion,x_expectativa_corta,control_tc,theta1_inflacion,theta1_se,theta1_li_95,theta1_ls_95,theta2_expectativa_corta,theta2_se,theta2_li_95,theta2_ls_95,parametro_anclaje,anclaje_porcentaje,anclaje_se,anclaje_li_95,anclaje_ls_95,z_anclaje_igual_uno,p_anclaje_igual_uno,anclaje_significativamente_menor_uno,anclaje_significativamente_mayor_cero,theta1_significativamente_positivo,theta2_significativamente_positivo,fuera_rango_0_1,residuo_estado_u
2011-01-01,5.85,5.99,4.9,5,-0.35000000000000053,-1.2000000000000002,0.3899999999999997,0.71,-4.26297520982297,0.20067130543819828,0.056720854020032956,0.08950047438657976,0.3118421364898168,-0.026032146650666,0.060705035840480294,-0.14501183057822054,0.09294753727688852,0.8253608412124677,82.53608412124677,0.0805378030929063,0.6675096477563928,0.9832120346685426,-2.1684122496621017,0.03012733451124859,TRUE,TRUE,TRUE,FALSE,FALSE,0.7304035139714902
2011-02-01,5.81,5.5,5.24,5,-0.040000000000000036,-0.8499999999999996,-0.09999999999999964,0.9900000000000002,-4.90872571931833,0.20074910663532297,0.05616707585241953,0.09066366084765137,0.31083455242299457,-0.02603214651013697,0.06070503528355263,-0.14501182934613333,0.09294753632585939,0.825283039874814,82.5283039874814,0.08013629765001239,0.668218782626408,0.98234729712322,-2.1802474689839753,0.02923912265788129,TRUE,TRUE,TRUE,FALSE,FALSE,0.7869681494356153
2011-03-01,6.13,6.24,4.99,5,0.3200000000000003,-0.8099999999999996,0.2400000000000002,0.5,-4.32663330503598,0.20079597549746894,0.05561604260844236,0.09179053502227685,0.30980141597266103,-0.026032146065775984,0.06070503481314936,-0.14501182797979886,0.0929475358482469,0.825236170568307,82.5236170568307,0.07973182452890415,0.6689646660699876,0.9815076750666264,-2.191895525585748,0.028387051242444283,TRUE,TRUE,TRUE,FALSE,FALSE,1.034114295960487
2011-04-01,6.19,6.07,5.76114812916453,5,0.0600000000000005,-1.13,-0.009999999999999787,1.2400000000000002,-4.05226177638212,0.2007903876133136,0.055074566416889265,0.0928462209720515,0.30873455425457574,-0.02603214572984799,0.060705034278023554,-0.14501182659504358,0.09294753513534759,0.8252417581165344,82.52417581165345,0.07931178698956767,0.6697935120674694,0.9806900041655995,-2.203433417865777,0.027564215000963087,TRUE,TRUE,TRUE,FALSE,FALSE,1.1674269664178483
2011-05-01,5.74,5.96,6.3930220625962,5,-0.4500000000000002,-1.1900000000000004,0.7611481291645301,1.0700000000000003,-4.8128558128766,0.20079795576178186,0.054528018872459186,0.09392500262344151,0.3076709089001222,-0.02603214701249058,0.06070503386822065,-0.14501182707448723,0.09294753304950606,0.8252341912507087,82.52341912507087,0.07888894030193135,0.6706147094803929,0.9798536730210246,-2.2153397938977344,0.026736750404241658,TRUE,TRUE,TRUE,FALSE,FALSE,0.5474840564356326
2011-06-01,6.16,6.38,6.42229936695938,5,0.41999999999999993,-0.7400000000000002,1.3930220625962004,0.96,-4.51046614602539,0.20198614656419356,0.05398670609795653,0.09617414696824987,0.30779814616013723,-0.02603214664844405,0.06070503345442844,-0.14501182589942285,0.09294753260253476,0.8240460000842504,82.40460000842505,0.07846901175383945,0.670249563144275,0.9778424370242259,-2.2423374015174877,0.024939574221361702,TRUE,TRUE,TRUE,FALSE,FALSE,0.8403294413577751
2011-07-01,5.88,5.96,7.03967446592064,5,-0.28000000000000025,-1.1600000000000001,1.42229936695938,1.38,-2.70381857401678,0.20185793126926027,0.053524057049143016,0.09695270714647278,0.3067631553920478,-0.026032147184492777,0.060705032988148055,-0.14501182552157885,0.09294753115259329,0.8241742159152324,82.41742159152324,0.07804477855170826,0.6712092607724802,0.9771391710579846,-2.2528833747446013,0.024266503386673386,TRUE,TRUE,TRUE,FALSE,FALSE,0.5908823327199939
2011-08-01,5.95,6.33,7.6258261311642,5,0.07000000000000028,-0.8799999999999999,2.0396744659206396,0.96,-3.07518822970279,0.20214782839274184,0.0529756353337229,0.09831749108051746,0.3059781657049662,-0.026032147318040773,0.06070503264605158,-0.14501182498463006,0.09294753034854852,0.823884318925299,82.3884318925299,0.07766327402180558,0.6716670989210949,0.9761015389295031,-2.267682933702394,0.023348538779792052,TRUE,TRUE,TRUE,FALSE,FALSE,0.5195244653724118
2011-09-01,6.43,6.69,7.24931562404949,5,0.47999999999999954,-0.9500000000000002,2.6258261311642004,1.33,-2.35821114731185,0.20398190429804736,0.05244564696537562,0.10119032510000879,0.3067734834960859,-0.026032146730492003,0.060705032229067965,-0.1450118235798084,0.09294753011882441,0.8220502424324447,82.20502424324448,0.07717023682271847,0.6707993575814899,0.9733011272833996,-2.3059376891165364,0.021114114306931393,TRUE,TRUE,TRUE,FALSE,FALSE,0.8959116354609702
2011-10-01,6.51,6.69,6.65,5,0.08000000000000007,-1.4299999999999997,2.2493156240494896,1.6900000000000004,-2.72179944174362,0.2047895196238402,0.05214602483007922,0.10258518901995356,0.30699385022772685,-0.02603214665878149,0.06070503180632034,-0.1450118226795278,0.09294752936196482,0.8212426270349413,82.12426270349414,0.07682478972562647,0.6706688060528507,0.9718164480170319,-2.3268189031623283,0.019974905881969585,TRUE,TRUE,TRUE,FALSE,FALSE,1.0551661340433385
2011-11-01,6.06,6.85,6.05484387510006,5,-0.4500000000000002,-1.5099999999999998,1.6500000000000004,1.6900000000000004,-2.74179687377827,0.2036771516334249,0.0518832605980386,0.10198782946076321,0.3053664738060866,-0.026032148018333794,0.06070503144816719,-0.14501182333711282,0.09294752730044523,0.8223549963849088,82.23549963849088,0.07657267316826272,0.6722753147751575,0.9724346779946602,-2.3199530101911106,0.020343419446058678,TRUE,TRUE,TRUE,FALSE,FALSE,0.7294545009713242
2011-12-01,5.62,5.94,6.2,5,-0.4399999999999995,-1.0599999999999996,1.05484387510006,1.8499999999999996,-2.4861809933248,0.20258522921735617,0.0516176650333586,0.10141646478592084,0.3037539936487915,-0.026032149357108927,0.06070503106748259,-0.14501182392975984,0.09294752521554199,0.8234469201397527,82.34469201397528,0.07630107558974684,0.6738995600021807,0.9729942802773248,-2.3139002759218252,0.02067319298552649,TRUE,TRUE,TRUE,FALSE,FALSE,0.41957792712975306
2012-01-01,5.95,5.97,5.44,4.5,0.33000000000000007,-1.12,1.7000000000000002,1.4400000000000004,-2.17073982575267,0.20329396750120368,0.05122581151833704,0.10289322184642603,0.30369471315598134,-0.02603214756259073,0.060705030818146294,-0.1450118216465515,0.09294752652137003,0.8227381800613871,82.27381800613871,0.07600452842652847,0.6737720416834406,0.9717043184393336,-2.332253401321569,0.019687364377625624,TRUE,TRUE,TRUE,FALSE,FALSE,1.111427015282271
2012-02-01,6.11,6,5.17,4.5,0.16000000000000014,-1.4500000000000002,0.9400000000000004,1.4699999999999998,-1.94753781774732,0.20287392369607438,0.0510457537180564,0.1028260848449823,0.30292176254716646,-0.026032146716729578,0.06070503049213919,-0.14501182016172814,0.092947526728269,0.8231582230206552,82.31582230206553,0.0757781714818971,0.6746357361018367,0.9716807099394738,-2.3336770143838996,0.019612640549828933,TRUE,TRUE,TRUE,FALSE,FALSE,1.430238175826659
2012-03-01,5.47,5.59,4.55,4.5,-0.6400000000000006,-1.6100000000000003,0.6699999999999999,1.5,-0.419388935161091,0.20100511244831806,0.05081823841326366,0.10140319540055141,0.3006070294960847,-0.026032148118752027,0.06070503017726021,-0.14501182094659915,0.09294752470909508,0.8250270356704339,82.50270356704338,0.07552538737921947,0.6769999964887279,0.9730540748521399,-2.3167436858153643,0.02051769831521768,TRUE,TRUE,TRUE,FALSE,FALSE,0.8684899870919719
2012-04-01,5.54,5.84,4.27,4.5,0.07000000000000028,-0.9699999999999998,0.04999999999999982,1.0899999999999999,0.275108359449083,0.19998882683964117,0.05060128995731278,0.10081212095203981,0.29916553272724256,-0.026032147627081604,0.060705029928551556,-0.14501181996746873,0.09294752471330552,0.8260433207874405,82.60433207874405,0.075303562683475,0.6784510500202752,0.9736355915546058,-2.3100723659484106,0.020884148053032736,TRUE,TRUE,TRUE,FALSE,FALSE,1.062235883472948
2012-05-01,5.28,5.26,3.9,4.5,-0.2599999999999998,-1.04,-0.23000000000000043,1.3399999999999999,1.46902610809287,0.19893927243483361,0.05037534698728907,0.10020540663103875,0.2976731382386285,-0.026032147854991264,0.060705029611373425,-0.14501181957372067,0.09294752386373814,0.8270928754201577,82.70928754201577,0.07507311416242281,0.6799522754545452,0.9742334753857703,-2.303183057062916,0.021268545695466927,TRUE,TRUE,TRUE,FALSE,FALSE,0.8812522897061067
2012-06-01,5.11,4.89,3.47,4.5,-0.16999999999999993,-0.7800000000000002,-0.6000000000000001,0.7599999999999998,1.75897584801006,0.197865495299498,0.05014176086627624,0.0995894498801767,0.2961415407188193,-0.0260321479428824,0.06070502940951845,-0.1450118192659833,0.09294752338021851,0.8281666526433844,82.81666526433844,0.07482133231264738,0.6815195360352926,0.9748137692514762,-2.2965822987299283,0.021642609389865078,TRUE,TRUE,TRUE,FALSE,FALSE,0.7731854447144484
2012-07-01,4.9,4.71,2.86,4.5,-0.20999999999999996,-0.6100000000000003,-1.0299999999999998,0.3899999999999997,0.703048480743496,0.19684475995891634,0.04989634177748051,0.09904972711475331,0.2946397928030794,-0.02603214809743367,0.0607050291907277,-0.1450118189917126,0.09294752279684526,0.8291873881385173,82.91873881385173,0.07457248362380858,0.6830280059981495,0.9753467702788852,-2.290558173215351,0.02198898039884786,TRUE,TRUE,TRUE,FALSE,FALSE,0.6227677232691134
2012-08-01,4.55,4.44,2.71,4.5,-0.35000000000000053,-0.40000000000000036,-1.6400000000000001,0.20999999999999996,0.803359600383713,0.1959840124148326,0.04962768549194708,0.0987155362145354,0.2932524886151298,-0.026032148312088443,0.06070502896448925,-0.14501181876294816,0.09294752213877126,0.8300481358972558,83.00481358972559,0.07432428477494613,0.6843752145616627,0.9757210572328489,-2.286626297412189,0.0222176449441406,TRUE,TRUE,TRUE,FALSE,FALSE,0.3881531665454373
2012-09-01,5.17,4.91,3.28,4.5,0.6200000000000001,-0.04999999999999982,-1.79,-0.05999999999999961,0.577601241199721,0.1926971960566793,0.04942055445655816,0.09583468922582486,0.28955970288753374,-0.026032148218520828,0.060705028741057813,-0.14501181823146297,0.09294752179442131,0.8333349521618416,83.33349521618416,0.07409913999817137,0.6881033064800344,0.9785665978436489,-2.2492170333187587,0.024498691289991853,TRUE,TRUE,TRUE,FALSE,FALSE,1.021470875825068
2012-10-01,4.76,4.7,3.35,4.5,-0.41000000000000014,-0.6699999999999999,-1.2200000000000002,0.41000000000000014,1.49584206593882,0.19290323193689743,0.04930422394502775,0.09626872871894572,0.28953773515484915,-0.026032148008791212,0.060705028521707984,-0.14501181759181558,0.09294752157423317,0.8331289160718938,83.31289160718937,0.07403511067540738,0.6880227655566584,0.9782350665871291,-2.2539452214736357,0.02419961430782361,TRUE,TRUE,TRUE,FALSE,FALSE,0.5270045805201234
2012-11-01,4.82,4.48,3.11,4.5,0.0600000000000005,-0.2599999999999998,-1.15,0.20000000000000018,0.38295124659018,0.19203757022033563,0.04913828419341391,0.09572830293915058,0.2883468375015207,-0.026032147441721356,0.06070502832863319,-0.1450118166463261,0.09294752176288339,0.8339945772213857,83.39945772213856,0.07387350390383655,0.689205170158087,0.9787839842846844,-2.247157830698118,0.02462994210465986,TRUE,TRUE,TRUE,FALSE,FALSE,0.5514231561888864
2012-12-01,4.93,4.65,3.45,4.5,0.10999999999999943,-0.3200000000000003,-1.3900000000000001,-0.019999999999999574,0.623952279734308,0.19093133276468446,0.048936591985402296,0.09501737494716453,0.2868452905822044,-0.02603214683313988,0.06070502813561127,-0.1450118156594286,0.09294752199314885,0.8351008140684555,83.51008140684554,0.07368791567169458,0.6906751532561095,0.9795264748808015,-2.23780499731093,0.02523377439690863,TRUE,TRUE,TRUE,FALSE,FALSE,0.7036291249894904
2013-01-01,4.83,4.53,3.86,4,-0.09999999999999964,-0.9299999999999997,-0.5499999999999998,0.6500000000000004,1.12429171724759,0.18958035916558436,0.04884014164391143,0.09385544054368311,0.2853052777874856,-0.02603214622805221,0.060705027944213154,-0.14501181467920754,0.09294752222310311,0.8364517870624678,83.64517870624678,0.07366602326780387,0.6920690345732826,0.980834539551653,-2.2201308782879803,0.026409884687110682,TRUE,TRUE,TRUE,FALSE,FALSE,0.9669660043982807
2013-02-01,4.61,4.41,4.18,4,-0.21999999999999975,-0.8300000000000001,-0.14000000000000012,0.5300000000000002,0.960151598797987,0.18877412259664803,0.04872011294709834,0.09328445589761171,0.28426378929568435,-0.0260321462617032,0.060705027803435604,-0.14501181443693958,0.0929475219135332,0.8372580236650552,83.72580236650552,0.07359304483479294,0.6930183062762196,0.9814977410538908,-2.211377130818271,0.027009732150642854,TRUE,TRUE,TRUE,FALSE,FALSE,0.66369813418511
2013-03-01,4.66,4.59,4.34,4,0.04999999999999982,-0.6100000000000003,0.17999999999999972,0.41000000000000014,0.602948698016581,0.18790148688868807,0.048589946520561374,0.09266694169766049,0.28313603207971566,-0.026032146045954503,0.06070502766263145,-0.1450118139452198,0.09294752185331082,0.8381306591572664,83.81306591572664,0.07351349467593356,0.6940468572147596,0.9822144610997732,-2.2018996859868443,0.027672395188117566,TRUE,TRUE,TRUE,FALSE,FALSE,0.6453114081576174
2013-04-01,4.93,4.85,4.13,4,0.2699999999999996,-0.6600000000000001,0.33999999999999986,0.5899999999999999,0.976001259687775,0.18710928651117167,0.04845362169663886,0.09214193306523098,0.28207663995711235,-0.026032145648426753,0.06070502750919747,-0.145011813246967,0.09294752195011349,0.8389228591372551,83.8922859137255,0.07342540498229055,0.6950117098216978,0.9828340084528123,-2.1937521611436135,0.02825323168861047,TRUE,TRUE,TRUE,FALSE,FALSE,0.8954369283547334
2013-05-01,4.83,4.71,4.27,4,-0.09999999999999964,-0.9299999999999997,0.1299999999999999,0.8499999999999996,0.788078815975313,0.18613220229488278,0.048318963651608746,0.09142877376742968,0.28083563082233587,-0.026032145569214418,0.060705027349182296,-0.14501181285413067,0.09294752171570184,0.8398999432743316,83.98999432743317,0.07333539696287672,0.6961652064351452,0.983634680113518,-2.1831211578047776,0.029026888855958003,TRUE,TRUE,TRUE,FALSE,FALSE,0.8389883545410945
2013-06-01,5.21,4.87,4.79,4,0.3799999999999999,-0.8300000000000001,0.2699999999999996,0.71,0.0462941534915995,0.1852408970250252,0.04817065103714577,0.0908281558803725,0.27965363816967787,-0.026032144933531873,0.06070502722761677,-0.1450118119801841,0.09294752211312034,0.8407912479085067,84.07912479085067,0.07324145664488473,0.6972406307092809,0.9843418651077325,-2.173751852907921,0.029723776174957053,TRUE,TRUE,TRUE,FALSE,FALSE,1.1791173741092136
2013-07-01,4.81,4.88,4.74,4,-0.40000000000000036,-1.21,0.79,0.8700000000000001,-0.44220669664834,0.18395511310501977,0.048005497883480006,0.0898660661934852,0.27804416001655435,-0.026032145327058692,0.06070502708763795,-0.14501181209935743,0.09294752144524006,0.8420770322220389,84.20770322220389,0.07313078333591466,0.6987433307224442,0.9854107337216336,-2.159459540486077,0.030814532973891223,TRUE,TRUE,TRUE,FALSE,FALSE,0.6811184415421093
2013-08-01,4.89,4.85,4.42,4,0.08000000000000007,-0.8099999999999996,0.7400000000000002,0.8799999999999999,-0.0392337020426403,0.18346029787557974,0.04786710336893697,0.08964249922820741,0.2772780965229521,-0.026032144856340082,0.06070502695878634,-0.1450118113760943,0.09294752166341416,0.8425718469807604,84.25718469807603,0.07304631367896934,0.699403702966565,0.9857399909949558,-2.155182720254979,0.031147538564429127,TRUE,TRUE,TRUE,FALSE,FALSE,0.7765971449579487
2013-09-01,4.91,4.84,4.21,4,0.020000000000000462,-0.8899999999999997,0.41999999999999993,0.8499999999999996,0.178157441451621,0.18293549128358985,0.04773578324712231,0.08937507534541966,0.27649590722176004,-0.02603214442100758,0.06070502683257891,-0.1450118106933998,0.09294752185138465,0.8430966531374177,84.30966531374176,0.07296850115439947,0.7000810188689254,0.98611228740591,-2.1502887462437923,0.031532382018670445,TRUE,TRUE,TRUE,FALSE,FALSE,0.8577942979364516
2013-10-01,4.71,4.72,4.15,4,-0.20000000000000018,-0.9100000000000001,0.20999999999999996,0.8399999999999999,-0.38768934210642303,0.18222280023787552,0.04759133639632616,0.08894549492494602,0.275500105550805,-0.02603214436293973,0.06070502670600269,-0.14501181038724714,0.09294752166136767,0.8438093441250643,84.38093441250642,0.07288211689186365,0.7009630198999732,0.9866556683501553,-2.1430587164019714,0.03210838388132437,TRUE,TRUE,TRUE,FALSE,FALSE,0.6881602079417967
2013-11-01,4.7,4.69,4.63,4,-0.009999999999999787,-0.71,0.15000000000000036,0.7199999999999998,1.01012078642371,0.18157447184948067,0.047434234355513374,0.08860508087844197,0.27454386282051935,-0.026032144049437364,0.060705026593158525,-0.14501180985257428,0.09294752175369954,0.8444576721999566,84.44576721999566,0.07279055466146703,0.7017908066487871,0.9871245377511261,-2.1368476792550464,0.03261038268154621,TRUE,TRUE,TRUE,FALSE,FALSE,0.7056808534342828
2013-12-01,5.19,5.09,4.39,4,0.4900000000000002,-0.7000000000000002,0.6299999999999999,0.6900000000000004,0.45908409604296097,0.18102075222763725,0.04726095494352413,0.08839098266335975,0.27365052179191474,-0.026032143285369146,0.060705026476474515,-0.14501180885980958,0.0929475222890713,0.8450113910577319,84.50113910577319,0.07268802393657708,0.7025454820346555,0.9874773000808084,-2.1322440829799034,0.03298678621847303,TRUE,TRUE,TRUE,FALSE,FALSE,1.1003609119260207
2014-01-01,4.94,4.73,4.14,4,-0.25,-1.1900000000000004,0.3899999999999997,1.0899999999999999,-0.38915218341162305,0.1798021062784941,0.04711802901060573,0.08745246639519345,0.27215174616179477,-0.026032143243850617,0.06070502632542509,-0.14501180852223963,0.0929475220345384,0.8462300369653565,84.62300369653565,0.0725790104373095,0.7039777904746732,0.9884822834560397,-2.1186560977910154,0.034119541111849595,TRUE,TRUE,TRUE,FALSE,FALSE,0.892791683019477
2014-02-01,4.68,4.56,3.5,4,-0.2600000000000007,-0.9400000000000004,0.13999999999999968,0.7300000000000004,-0.488029811134094,0.17856374500425565,0.04696198572843129,0.08651994433404632,0.270607545674465,-0.02603214325700239,0.06070502626256486,-0.1450118084121876,0.09294752189818284,0.8474683982527468,84.74683982527468,0.07248825111261556,0.7053940367697248,0.9895427597357688,-2.104225159333541,0.03535881086315075,TRUE,TRUE,TRUE,FALSE,FALSE,0.6671565708910535
2014-03-01,4.54,4.46,3.25,4,-0.13999999999999968,-0.6799999999999997,-0.5,0.5599999999999996,-0.828036788680908,0.17736909223802888,0.04680045498675413,0.08564188600390284,0.26909629847215494,-0.02603214304403026,0.06070502618368719,-0.1450118080446181,0.09294752195655757,0.8486630508060014,84.86630508060014,0.07239157053746369,0.7067781797682817,0.990547921843721,-2.0905327522308634,0.036569969448557095,TRUE,TRUE,TRUE,FALSE,FALSE,0.6316436441607822
2014-04-01,4.66,4.51,3.27,4,0.1200000000000001,-0.54,-0.75,0.45999999999999996,-1.01389263140885,0.17601479790658042,0.04664440264686878,0.08459344863833286,0.267436147174828,-0.02603214265365976,0.06070502610344576,-0.14501180749697729,0.09294752218965775,0.8500173447470792,85.00173447470793,0.07229968632985284,0.7083125634470249,0.9917221260471336,-2.074457896935471,0.03803680508539554,TRUE,TRUE,TRUE,FALSE,FALSE,0.7897590775274561
2014-05-01,4.28,4.19,3.22,4,-0.3799999999999999,-0.6600000000000001,-0.73,0.5099999999999998,-0.601458360351348,0.17535877773470765,0.04649378038223493,0.0842326426804123,0.266484912789003,-0.026032142688210254,0.06070502601796327,-0.14501180736398517,0.09294752198756467,0.8506733649535027,85.06733649535026,0.07221875841036239,0.7091271994609933,0.992219530446012,-2.0676987299891194,0.03866836142122944,TRUE,TRUE,TRUE,FALSE,FALSE,0.41284871681843943
2014-06-01,4.36,4.24,3.13,4,0.08000000000000007,-0.28000000000000025,-0.7799999999999998,0.1900000000000004,-0.709617409829777,0.17413881189778327,0.04633258893811416,0.08332860626858063,0.2649490175269859,-0.026032142331856658,0.06070502595182623,-0.14501180687800536,0.09294752221429203,0.8518933304340734,85.18933304340734,0.07210777291936277,0.7105646925067298,0.9932219683614171,-2.0539626113755087,0.03997931055736906,TRUE,TRUE,TRUE,FALSE,FALSE,0.4908171232308368
2014-07-01,4.41,4.24,3.41,4,0.04999999999999982,-0.3600000000000003,-0.8700000000000001,0.2400000000000002,-0.114903477686124,0.17292953327000485,0.04615596736019644,0.08246549957241357,0.26339356696759614,-0.026032141978085958,0.060705025878632024,-0.14501180638077665,0.09294752242460473,0.8531026087080812,85.31026087080812,0.07201170250638123,0.7119622653301613,0.9942429520860011,-2.039909989336826,0.04135929163311636,TRUE,TRUE,TRUE,FALSE,FALSE,0.5650840977066609
2014-08-01,4.06,4.09,3.7,4,-0.35000000000000053,-0.41000000000000014,-0.5899999999999999,0.2400000000000002,-0.683606832410222,0.17244386337152678,0.04599554117036778,0.08229425922817667,0.2625934675148769,-0.026032141822368245,0.06070502580728354,-0.1450118060852185,0.09294752244048199,0.8535882784508414,85.35882784508414,0.07192060140269287,0.7126264899551025,0.9945500669465803,-2.0357410629727664,0.04177636339920171,TRUE,TRUE,TRUE,FALSE,FALSE,0.1583973132961783
2014-09-01,4.13,4.24,3.45,4,0.07000000000000028,-0.05999999999999961,-0.2999999999999998,0.08999999999999986,-1.03688430528659,0.17153546068998113,0.04582625250371943,0.08171765623625259,0.26135326514370966,-0.026032141496038084,0.060705025739846395,-0.14501180562671395,0.09294752263463778,0.8544966808060569,85.44966808060569,0.07181589670180948,0.7137401097530616,0.9952532518590522,-2.026060049045896,0.042758631448778554,TRUE,TRUE,TRUE,FALSE,FALSE,0.1692541083092643
2014-10-01,4.17,4.08,3.64,4,0.040000000000000036,-0.1299999999999999,-0.5499999999999998,0.2400000000000002,-2.77146225222147,0.17060012704245495,0.045632442322740115,0.08116218356328306,0.26003807052162686,-0.026032141161691873,0.060705025669088676,-0.14501180515368514,0.0929475228303014,0.8554320141192369,85.54320141192369,0.07170527414354615,0.7148922592963153,0.9959717689421584,-2.0161415963817917,0.04378517147734364,TRUE,TRUE,TRUE,FALSE,FALSE,0.23118899412379512
2014-11-01,4.16,4.16,3.38,4,-0.009999999999999787,-0.16999999999999993,-0.3599999999999999,0.08000000000000007,-4.0320256621181105,0.16978340087598998,0.04544891785932644,0.08070515873539091,0.25886164301658904,-0.026032140878696364,0.06070502560717587,-0.14501180474934278,0.09294752299195004,0.8562487400027063,85.62487400027064,0.0715842110135187,0.7159462645544943,0.9965512154509184,-2.00814199055915,0.044628205254650846,TRUE,TRUE,TRUE,FALSE,FALSE,0.1666277478856409
2014-12-01,4.21,4.2,2.95,4,0.04999999999999982,-0.16000000000000014,-0.6200000000000001,0.16000000000000014,-3.651252238364,0.16886388277801356,0.045240760883180034,0.08019362081379224,0.2575341447422349,-0.026032140573037096,0.06070502554313933,-0.14501180431817418,0.09294752317209999,0.8571682577950235,85.71682577950234,0.07145599776189444,0.7171170757023357,0.9972194398877112,-1.9988768847776812,0.045621676332671404,TRUE,TRUE,TRUE,FALSE,FALSE,0.26762686414088466
2015-01-01,3.89,3.75,2.32,4,-0.31999999999999984,-0.20999999999999996,-1.0499999999999998,0.20000000000000018,-3.10352169955452,0.16830528302666525,0.04501409723609322,0.08007927364733858,0.25653129240599193,-0.026032140359788635,0.06070502547962771,-0.14501180398044525,0.09294752326086797,0.8577268573331234,85.77268573331234,0.07131473378578093,0.717952547545931,0.9975011671203158,-1.9950034882587435,0.046042499415868535,TRUE,TRUE,TRUE,FALSE,FALSE,0.028378771631347402
2015-02-01,4.07,3.79,2.44,4,0.18000000000000016,0.10999999999999988,-1.6800000000000002,-0.25,-2.76062853261254,0.1668137115579386,0.04476799167072554,0.07907006022312743,0.25455736289274977,-0.026032139970222933,0.06070502542590068,-0.1450118034855765,0.09294752354513064,0.8592184284122844,85.92184284122844,0.07111749834378615,0.7198306929878766,0.9986061638366921,-1.9795630451899373,0.04775264891527754,TRUE,TRUE,TRUE,FALSE,FALSE,0.30500222810873506
2015-03-01,4.11,3.82,2.43,4,0.040000000000000036,-0.07000000000000028,-1.56,-0.20999999999999996,-1.53403381012325,0.1660131219914037,0.04460040694207247,0.07859793068911147,0.2534283132936959,-0.026032139478637747,0.06070502538288569,-0.14501180290968346,0.09294752395240798,0.860019017487234,86.0019017487234,0.07103192015850554,0.7207990122238385,0.9992390227506295,-1.9706771575427326,0.048760814921712865,TRUE,TRUE,TRUE,FALSE,FALSE,0.34198836266892274
2015-04-01,3.82,3.62,2.58,4,-0.2900000000000005,-0.11000000000000032,-1.5699999999999998,-0.18000000000000016,-1.34112824606545,0.16607485271593536,0.04440912293758994,0.0790345711732475,0.2531151342586232,-0.02603213887188005,0.060705025340156225,-0.1450118022191776,0.09294752447541747,0.8599572861559447,85.99572861559447,0.07093362414145672,0.7209299375457886,0.9989846347661008,-1.9742782853556218,0.04835010861156139,TRUE,TRUE,TRUE,FALSE,FALSE,0.05723320063205797
2015-05-01,3.57,3.46,2.55,4,-0.25,0.18000000000000016,-1.42,-0.3799999999999999,-0.839415239486696,0.16609591860457487,0.04423240180960401,0.07940200410804671,0.25278983310110303,-0.02603213826974806,0.060705025292880944,-0.14501180152438772,0.09294752498489162,0.8599362196651732,85.99362196651732,0.0708105484673704,0.7211500949435994,0.998722344386747,-1.9780072795138481,0.04792788544883692,TRUE,TRUE,TRUE,FALSE,FALSE,-0.21581457109489927
2015-06-01,3.67,3.25,2.39,4,0.10000000000000009,0.43000000000000016,-1.4500000000000002,-0.54,-0.551634383885391,0.1651827307414798,0.0440262262913944,0.07889291283513636,0.2514725486478232,-0.02603213791566978,0.06070502524802495,-0.1450118010823933,0.09294752525105376,0.86084940717419,86.084940717419,0.07067717342743317,0.7223246927273297,0.9993741216210503,-1.9688194374196497,0.04897382940463918,TRUE,TRUE,TRUE,FALSE,FALSE,-0.11228285518864317
2015-07-01,3.56,3.16,2.32,4,-0.10999999999999988,0.33000000000000007,-1.6099999999999999,-0.75,-2.00528639710464,0.1647829085410646,0.043797605782705855,0.07894117859787793,0.25062463848425126,-0.026032137371904195,0.06070502520245218,-0.14501180044930675,0.09294752570549836,0.8612492288308397,86.12492288308397,0.07052853918451138,0.7230158321469754,0.9994826255147039,-1.9672996601584385,0.04914867421709139,TRUE,TRUE,TRUE,FALSE,FALSE,-0.22236153223353672
2015-08-01,3.31,3.04,1.96,4,-0.25,0.43999999999999995,-1.6800000000000002,-0.8399999999999999,-1.58902073652927,0.1647038842906091,0.04356795816424417,0.07931225540874272,0.25009551317247547,-0.026032136679868863,0.0607050251647913,-0.14501179968345745,0.09294752632371972,0.8613282523892597,86.13282523892597,0.07039446143063419,0.7233576432741228,0.9992988615043966,-1.9699241217632681,0.04884706743134772,TRUE,TRUE,TRUE,FALSE,FALSE,-0.4574613967862957
2015-09-01,3.4,3.06,1.88,4,0.08999999999999986,0.69,-2.04,-0.96,-2.08287105765987,0.16352048998516927,0.04329419108270487,0.07866543472327257,0.24837554524706595,-0.026032136535694368,0.060705025128551846,-0.14501179946825493,0.09294752639686618,0.8625116465505251,86.25116465505252,0.07023614973046466,0.7248513226660518,1.0001719704349985,-1.9575155240868765,0.050286888420931396,FALSE,TRUE,TRUE,FALSE,FALSE,-0.32063562109586635
2015-10-01,3.28,2.94,2.23,4,-0.1200000000000001,0.6000000000000001,-2.12,-0.94,-0.403233597083252,0.16307074681235942,0.04305088646218004,0.07869255984396357,0.24744893378075528,-0.026032136048975942,0.060705025102767124,-0.14501179893099936,0.09294752683304748,0.8629613892366165,86.29613892366164,0.07011664338022616,0.7255352934945345,1.0003874849786984,-1.9544376934910472,0.05064947663413908,FALSE,TRUE,TRUE,FALSE,FALSE,-0.40441834483489675
2015-11-01,3.37,3.02,2.51,4,0.0900000000000003,0.7200000000000002,-1.77,-1.06,0.47495999983358,0.16212837327792803,0.04287039614989285,0.07810394082117346,0.24615280573468262,-0.026032135778977415,0.06070502506217124,-0.14501179858143437,0.09294752702347955,0.8639037625010494,86.39037625010494,0.07000702283829541,0.7266925190731174,1.0011150059289813,-1.9440369263139543,0.05189099831708388,FALSE,TRUE,TRUE,FALSE,FALSE,-0.36396226769127915
2015-12-01,3.65,3.17,3.07,4,0.2799999999999998,0.6299999999999999,-1.4900000000000002,-0.98,0.42158451403806496,0.1605683823507653,0.04266666293355945,0.07694325966047869,0.2441935050410519,-0.02603213587595496,0.060705025046807935,-0.14501179864830038,0.09294752689639048,0.8654637535251897,86.54637535251896,0.06992038229391724,0.7284223224438398,1.0025051846065396,-1.9241348811463004,0.05433767888309003,FALSE,TRUE,TRUE,FALSE,FALSE,-0.13034898563929476
2016-01-01,3.8,3.62,4.38,4,0.1499999999999999,0.3500000000000001,-0.9300000000000002,-0.8300000000000001,-0.119356144861094,0.1594450684354944,0.042480671885292094,0.07618448150125869,0.24270565536973016,-0.026032135687971275,0.06070502503826645,-0.1450117984435757,0.09294752706763315,0.8665870672524768,86.65870672524768,0.06985410348496215,0.7296755402496171,1.0034985942553365,-1.909879679097788,0.05614870705707895,FALSE,TRUE,TRUE,FALSE,FALSE,-0.07499754852243994
2016-02-01,4.09,3.94,4.27,4,0.29000000000000004,0.20000000000000018,0.3799999999999999,-0.3799999999999999,0.167761329010308,0.15824579058455301,0.042328600089950985,0.07528325889225021,0.24120832227685582,-0.026032135567252465,0.060705025050602934,-0.14501179834703598,0.09294752721253104,0.8677863449826995,86.77863449826995,0.06982931938093269,0.7309233939311266,1.0046492960342723,-1.8933831260197311,0.058306937768522506,FALSE,TRUE,TRUE,FALSE,FALSE,0.02232839271326182
2016-03-01,3.99,3.99,4.26,4,-0.09999999999999964,-0.08999999999999986,0.2699999999999996,-0.06000000000000005,0.21517098592243,0.1569383663470011,0.04220147984904827,0.07422498574857367,0.2396517469454285,-0.02603213533923415,0.06070502506283054,-0.14501179814298332,0.09294752746451501,0.869093768992233,86.9093768992233,0.06982003186046278,0.7322490211462869,1.0059385168381791,-1.8749093565208712,0.06080519464496378,FALSE,TRUE,TRUE,FALSE,FALSE,-0.05091603638433479
2016-04-01,4.19,4.18,4.09,4,0.20000000000000018,0.009999999999999787,0.2599999999999998,-0.009999999999999787,1.18181998980571,0.15576725529819513,0.04205771891852269,0.0733356409459818,0.23819886965040846,-0.02603213514127044,0.06070502507328866,-0.14501179796551716,0.09294752768297627,0.8702648798430753,87.02648798430754,0.06980792598252743,0.7334438590818837,1.007085900604267,-1.8584583101551637,0.06310395840000346,FALSE,TRUE,TRUE,FALSE,FALSE,0.1658233331474327
2016-05-01,4.16,4.15,4.36,4,-0.03000000000000025,-0.1900000000000004,0.08999999999999986,0.17999999999999972,0.56546632031913,0.15449733101538507,0.041903368830457075,0.07236823727679094,0.23662642475397921,-0.026032134939535996,0.060705025083921844,-0.14501179778462336,0.09294752790555136,0.871534803924151,87.15348039241509,0.06978576536401512,0.7347572171771186,1.0083123906711833,-1.8408510017157718,0.06564339645260481,FALSE,TRUE,TRUE,FALSE,FALSE,0.15871557267899897
2016-06-01,4.39,4.33,4.43,4,0.22999999999999954,-0.16000000000000014,0.3600000000000003,0.15000000000000036,-0.440572963829933,0.15325549289488075,0.041731738649680786,0.07146278812926823,0.23504819766049326,-0.02603213468206911,0.06070502509923891,-0.14501179755717739,0.09294752819303916,0.8727766417871884,87.27766417871884,0.06975565380737313,0.7360580726066928,1.009495210967684,-1.823842961376762,0.06817581685120545,FALSE,TRUE,TRUE,FALSE,FALSE,0.3325507815422552
2016-07-01,4.41,4.28,4.62,4,0.020000000000000462,-0.3899999999999997,0.4299999999999997,0.33000000000000007,-0.115557125003507,0.15191752391439017,0.0415519216316511,0.07047725402792324,0.2333577938008571,-0.026032134464343083,0.06070502511132654,-0.14501179736314265,0.0929475284344565,0.8741146105499529,87.41146105499529,0.06971427031784512,0.7374771515184868,1.010752069581419,-1.8057334441873027,0.07095998596986637,FALSE,TRUE,TRUE,FALSE,FALSE,0.3516445868848605
2016-08-01,4.45,4.4,4.74,4,0.040000000000000036,-0.41000000000000014,0.6200000000000001,0.28000000000000025,-0.56920107371452,0.15056734545807085,0.041352964478601116,0.06951702442604851,0.2316176664900932,-0.026032134255913733,0.06070502513141761,-0.14501179719409107,0.09294752868226361,0.875464788797843,87.54647887978429,0.06967112155257703,0.7389118997922797,1.0120176778034062,-1.787472462434483,0.07386115901359494,FALSE,TRUE,TRUE,FALSE,FALSE,0.3559502896635849
2016-09-01,4.42,4.43,4.56,4,-0.03000000000000025,-0.4500000000000002,0.7400000000000002,0.40000000000000036,-1.47700020247084,0.1491505715598408,0.041143975825685915,0.06850986076070979,0.22979128235897178,-0.026032134077324215,0.06070502514643558,-0.14501179704493625,0.09294752889028782,0.8768815625174834,87.68815625174834,0.06961271345347889,0.7404431512825579,1.0133199737524088,-1.7686200030802532,0.07695731032418293,FALSE,TRUE,TRUE,FALSE,FALSE,0.2993163603247438
2016-10-01,4.43,4.42,4.76,4,0.009999999999999787,-0.41999999999999993,0.5599999999999996,0.4299999999999997,-2.2027219551116,0.14783995287732504,0.04093546518437932,0.06760791542554831,0.22807199032910178,-0.02603213384180288,0.060705025164616046,-0.14501179684504797,0.09294752916144221,0.8781921809644778,87.81921809644778,0.06956031185305421,0.741856474979117,1.0145278869498386,-1.7511108819184213,0.07992681214413475,FALSE,TRUE,TRUE,FALSE,FALSE,0.32749514250036094
2016-11-01,4.6,4.67,4.67,4,0.16999999999999993,-0.4299999999999997,0.7599999999999998,0.41999999999999993,-2.44359447739799,0.14663284489710507,0.04069695582285448,0.06686827720389267,0.22639741259031748,-0.026032133527422514,0.060705025186312635,-0.14501179657319213,0.09294752951834712,0.8793992886303175,87.93992886303175,0.06949495504611575,0.7431916796327005,1.0156068976279344,-1.7353880046350676,0.08267210331184423,FALSE,TRUE,TRUE,FALSE,FALSE,0.46520434133057886
2016-12-01,4.66,4.68,4.23,4,0.0600000000000005,-0.5999999999999996,0.6699999999999999,0.6699999999999999,-1.89149565019346,0.14535655145501794,0.040461087407397484,0.06605427736119178,0.2246588255488441,-0.026032133250976815,0.06070502519657045,-0.14501179631685138,0.09294752981489776,0.880675581795959,88.06755817959589,0.06941365270376394,0.7446273224612103,1.0167238411307076,-1.719033843576578,0.08560820963675232,FALSE,TRUE,TRUE,FALSE,FALSE,0.5535114244703495
2017-01-01,4.4,4.42,3.83,4,-0.2599999999999998,-0.6600000000000001,0.23000000000000043,0.6799999999999997,-1.44389707266095,0.14375630029175784,0.04022425646336286,0.06491820631866417,0.2225943942648515,-0.0260321332959519,0.06070502522248519,-0.14501179641261844,0.09294752982071464,0.882275833004194,88.2275833004194,0.06934631448466903,0.7463595541536544,1.0181921118547335,-1.6976268727566233,0.08957820758517544,FALSE,TRUE,TRUE,FALSE,FALSE,0.3643773299359369
2017-02-01,4.46,4.4,3.96,4,0.05999999999999961,-0.40000000000000036,-0.16999999999999993,0.41999999999999993,-1.66731841954264,0.14227179983624072,0.03997002911284779,0.06393198231404162,0.22061161735843982,-0.026032133001387465,0.06070502526791846,-0.14501179620710156,0.09294753020432664,0.8837603331651468,88.37603331651468,0.06927551189928842,0.7479828248319655,1.019537841498328,-1.677932990287253,0.09336018131790098,FALSE,TRUE,TRUE,FALSE,FALSE,0.47172411157741445
2017-03-01,4.28,4.22,4,4,-0.17999999999999972,-0.45999999999999996,-0.040000000000000036,0.40000000000000036,-3.33007290548855,0.14088427201512588,0.039705276018588836,0.06306336102246987,0.21870518300778188,-0.026032132944526318,0.060705025304177304,-0.14501179622130644,0.09294753033225381,0.8851478609294005,88.51478609294004,0.06920281402881634,0.7495128378040973,1.0207828840547037,-1.6596455026059294,0.09698578873031799,FALSE,TRUE,TRUE,FALSE,FALSE,0.24932108405683498
2017-04-01,4.51,4.38,4.09,4,0.22999999999999954,-0.28000000000000025,0,0.21999999999999975,-4.74546003831606,0.13946787578384862,0.03942367593062639,0.062198890821642316,0.21673686074605492,-0.02603213260124173,0.0607050253472086,-0.14501179596236163,0.09294753075987819,0.8865642568173931,88.65642568173932,0.06912084404197481,0.7510898919141126,1.0220386217206738,-1.6411220776430486,0.10077207668849193,FALSE,TRUE,TRUE,FALSE,FALSE,0.44913940521547724
2017-05-01,4.17,4.2,3.93,4,-0.33999999999999986,-0.5099999999999998,0.08999999999999986,0.3799999999999999,-5.21484391653473,0.13805147955257135,0.03912504623466631,0.06136779803916095,0.21473516106598176,-0.026032132466232705,0.06070502538294453,-0.14501179589739377,0.09294753096492836,0.8879806529136614,88.79806529136613,0.06903027184046195,0.7526838062633465,1.0232774995639762,-1.6227568586899108,0.1046413913771352,FALSE,TRUE,TRUE,FALSE,FALSE,0.09429358108483134
2017-06-01,4.26,4.17,4.36,4,0.08999999999999986,-0.16999999999999993,-0.06999999999999984,0.20000000000000018,-4.22888397649868,0.13670873549945992,0.03881022951300084,0.06064208342224481,0.21277538757667502,-0.026032132022683074,0.06070502543229743,-0.14501179555057403,0.09294753150520789,0.8893233965232231,88.93233965232231,0.068934621785374,0.754214020536,1.0244327725104463,-1.6055300023457786,0.10837721598585208,FALSE,TRUE,TRUE,FALSE,FALSE,0.21543690051067113
2017-07-01,4.48,4.33,5.22,4,0.22000000000000064,-0.2599999999999998,0.3600000000000003,0.16999999999999993,-3.99161568636195,0.13536076036993422,0.03848022934554972,0.0599408967358155,0.21078062400405295,-0.026032131564304554,0.060705025479204484,-0.14501179518413165,0.09294753205552253,0.8906713711943702,89.06713711943702,0.06883255004584196,0.7557620521404692,1.0255806902482714,-1.5883274516608454,0.11221231307095665,FALSE,TRUE,TRUE,FALSE,FALSE,0.37968576833671114
2017-08-01,4.51,4.48,4.72,4,0.02999999999999936,-0.4800000000000004,1.2199999999999998,0.33000000000000007,-3.99571267375465,0.13386076666541874,0.038122811905689405,0.05914142834087274,0.20858010498996474,-0.026032131177150426,0.060705025523205246,-0.14501179488321744,0.09294753252891658,0.8921713645117316,89.21713645117316,0.06871121666121266,0.7574998545218263,1.026842874501637,-1.5693017927469972,0.11657763479090567,FALSE,TRUE,TRUE,FALSE,FALSE,0.29921315927854236
2017-09-01,4.75,4.6,4.36,4,0.2400000000000002,-0.5099999999999998,0.7199999999999998,0.4800000000000004,-3.50265556015359,0.13319036637793638,0.03785662693710901,0.05899274100503388,0.20738799175083888,-0.026032130567355337,0.060705025565280485,-0.1450117943558883,0.09294753322117763,0.892841764189419,89.2841764189419,0.0686354590314844,0.7583187364253352,1.0273647919535027,-1.5612663967385358,0.1184609086624921,FALSE,TRUE,TRUE,FALSE,FALSE,0.6174495620274938
2017-10-01,4.53,4.5,4.2,4,-0.21999999999999975,-0.75,0.3600000000000003,0.5999999999999996,-3.02246555424994,0.13192117578521118,0.0375648648817827,0.05829539353280362,0.20554695803761874,-0.026032130353627697,0.06070502560969184,-0.14501179422920532,0.09294753352194993,0.8941109545684165,89.41109545684165,0.06854975881832424,0.759755896135594,1.028466013001239,-1.5447033987707917,0.12241802240707989,FALSE,TRUE,TRUE,FALSE,FALSE,0.4557168203586963
2017-11-01,4.63,4.49,4.69,4,0.09999999999999964,-0.5300000000000002,0.20000000000000018,0.5,-2.08536254682166,0.1308303842154756,0.03724828670576201,0.05782508378635999,0.20383568464459123,-0.026032129844896758,0.060705025669380276,-0.14501179383746157,0.09294753414766804,0.8952017456294211,89.52017456294212,0.06845988028813096,0.7610228458787609,1.0293806453800813,-1.5307980956073624,0.12581930043472148,FALSE,TRUE,TRUE,FALSE,FALSE,0.587588458243539
2017-12-01,4.56,4.53,5.68,4,-0.07000000000000028,-0.6299999999999999,0.6900000000000004,0.4900000000000002,-2.31398923466231,0.12964569268978138,0.036903495198612676,0.05731617119685374,0.20197521418270903,-0.02603212956907739,0.06070502572599207,-0.14501179367259925,0.09294753453444449,0.8963864368792961,89.63864368792962,0.06835501221845873,0.7624130747683217,1.0303597989902704,-1.5158151503149595,0.12956610004487562,FALSE,TRUE,TRUE,FALSE,FALSE,0.45083062642810556
2018-01-01,4.71,4.88,4.71,4,0.15000000000000036,-0.5599999999999996,1.6799999999999997,0.5300000000000002,-2.20348386539375,0.12864861739093333,0.036517915762024185,0.05707481770689839,0.2002224170749683,-0.026032129161066644,0.06070502578186714,-0.14501179337410164,0.09294753505196836,0.8973835117701333,89.73835117701333,0.06822895538616817,0.7636572165104536,1.031109807029813,-1.504002042081239,0.1325808409362184,FALSE,TRUE,TRUE,FALSE,FALSE,0.4767483587745651
2018-02-01,4.56,4.67,4.15,4,-0.15000000000000036,-0.71,0.71,0.8799999999999999,-2.40370929876357,0.12751346516669948,0.03632342682944829,0.05632085678590493,0.19870607354749403,-0.026032128796274777,0.06070502581587497,-0.1450117930759639,0.09294753548341433,0.8985186636295753,89.85186636295754,0.06814421468974631,0.7649584570829073,1.0320788701762433,-1.4892142617309319,0.13643095645064895,FALSE,TRUE,TRUE,FALSE,FALSE,0.45864518396379583
2018-03-01,4.62,4.55,4.14,4,0.0600000000000005,-0.5599999999999996,0.15000000000000036,0.6699999999999999,-0.69704523631664,0.12657781946923977,0.03608685028558567,0.0558488925940029,0.19730674634447665,-0.026032128186143633,0.06070502590573243,-0.14501179264195013,0.09294753626966287,0.8994543087169039,89.94543087169039,0.06807810135177743,0.7660236819315526,1.0328849355022551,-1.4769167953664,0.13969794222722237,FALSE,TRUE,TRUE,FALSE,FALSE,0.6086740069380706
2018-04-01,4.46,4.42,3.92,4,-0.16000000000000014,-0.6200000000000001,0.13999999999999968,0.5499999999999998,0.453022337285258,0.1255647350769249,0.03582327897169904,0.05535239848426372,0.19577707166958608,-0.026032127919196627,0.0607050259916583,-0.14501179254341476,0.0929475367050215,0.9004673928422717,90.04673928422717,0.0679977292741926,0.7671942924343493,1.0337404932501941,-1.4637636906428904,0.14325852645066678,FALSE,TRUE,TRUE,FALSE,FALSE,0.4630953566148391
2018-05-01,4.48,4.31,4.09,4,0.020000000000000462,-0.45999999999999996,-0.08000000000000007,0.41999999999999993,0.88370574051575,0.12459758821569802,0.03553896124410972,0.0549425041292782,0.19425267230211785,-0.026032127473194024,0.06070502607771897,-0.14501179226608796,0.09294753731969992,0.9014345392574961,90.14345392574961,0.06790745603110271,0.7683383711547975,1.0345307073601946,-1.4514674308717936,0.14664974497471883,FALSE,TRUE,TRUE,FALSE,FALSE,0.5133013419852483
2018-06-01,4.43,4.35,3.79,4,-0.05000000000000071,-0.4800000000000004,0.08999999999999986,0.3099999999999996,1.37348536753612,0.12364712534878235,0.0352335373402422,0.05459066111396049,0.1927035895836042,-0.026032127114096453,0.06070502616403541,-0.1450117920761675,0.09294753784797459,0.9023850017653141,90.23850017653142,0.06780724118186678,0.7694852511578341,1.0352847523727942,-1.4395954846897738,0.1499818778477921,FALSE,TRUE,TRUE,FALSE,FALSE,0.4462142820829258
2018-07-01,4.36,4.26,2.61,4,-0.0699999999999994,-0.4299999999999997,-0.20999999999999996,0.34999999999999964,1.90784009056377,0.12270266298658786,0.034907164487013656,0.054285877789625514,0.1911194481835502,-0.02603212673449233,0.060705026245081714,-0.14501179185541122,0.09294753838642655,0.9033294637479045,90.33294637479045,0.06769606851040001,0.7706476075725643,1.0360113199232446,-1.428008130741658,0.15328951825903908,FALSE,TRUE,TRUE,FALSE,FALSE,0.4216493619301321
2018-08-01,4.33,4.07,3.36,4,-0.03000000000000025,-0.3600000000000003,-1.3900000000000001,0.2599999999999998,2.41213318077258,0.12170808103614053,0.03454596962759373,0.05399922475504225,0.1894169373172388,-0.026032126272009713,0.06070502632969357,-0.14501179155876479,0.09294753901474537,0.9043240452358692,90.43240452358691,0.06756654162164923,0.7718960570975102,1.0367520333742282,-1.4160256314417454,0.15676800011658315,FALSE,TRUE,TRUE,FALSE,FALSE,0.5397893173712264
2018-09-01,4.32,4.12,4.55,4,-0.009999999999999787,-0.33000000000000007,-0.6400000000000001,0.07000000000000028,3.05264953140727,0.12123826851400185,0.03432135943404208,0.053969640122825374,0.18850689690517833,-0.026032125906916722,0.060705026419361666,-0.14501179136941802,0.09294753955558459,0.9047938573929148,90.47938573929149,0.0674835344697741,0.7725285602826903,1.0370591545031393,-1.4108055150805419,0.15830196787061934,FALSE,TRUE,TRUE,FALSE,FALSE,0.44224911278526896
2018-10-01,4.32,4.3,4.34,4,0,-0.3200000000000003,0.5499999999999998,0.1200000000000001,4.71420277772889,0.12079615365514564,0.034085542621402336,0.053989717723692085,0.1876025895865992,-0.026032125544829445,0.06070502650751108,-0.14501179118010044,0.09294754009044154,0.9052359718896839,90.52359718896838,0.06740810926991311,0.7731185054547136,1.037353438324654,-1.4058253396615155,0.1597759956018899,FALSE,TRUE,TRUE,FALSE,FALSE,0.32283503678952086
2018-11-01,4.47,4.44,3.15,4,0.14999999999999947,-0.3200000000000003,0.33999999999999986,0.2999999999999998,5.0535995543842,0.12063886770089557,0.033868206364223725,0.05425840300604684,0.1870193323957443,-0.026032125121084326,0.060705026593170106,-0.14501179092424393,0.09294754068207527,0.9053932574201887,90.53932574201887,0.06733234664305254,0.7734242830052394,1.037362231835138,-1.4050712220286614,0.16000010058193467,FALSE,TRUE,TRUE,FALSE,FALSE,0.5077038591716856
2018-12-01,4.38,4.24,2.31,4,-0.08999999999999986,-0.46999999999999975,-0.8500000000000001,0.4400000000000004,4.89708978616343,0.12040331314397003,0.03364278985765306,0.05446465668352063,0.18634196960441943,-0.026032124765858932,0.060705026678830064,-0.14501179073690895,0.0929475412051911,0.9056288116218889,90.56288116218889,0.06725315951989329,0.773815041116371,1.0374425821274067,-1.4032231206951158,0.16055031509782447,FALSE,TRUE,TRUE,FALSE,FALSE,0.562512263476244
2019-01-01,4.07,4.03,4.1,4,-0.3099999999999996,-0.3799999999999999,-1.69,0.2400000000000002,5.16624797987451,0.12056066592993342,0.033410225844042477,0.05507782656026085,0.186043505299606,-0.026032124612428122,0.060705026781087613,-0.14501179078389925,0.09294754155904301,0.9054714586824947,90.54714586824947,0.06714186802029243,0.7738758155079799,1.0370671018570095,-1.4078926324917824,0.15916286501818297,FALSE,TRUE,TRUE,FALSE,FALSE,0.35248733970280344
2019-02-01,4.25,4.23,4.46,4,0.17999999999999972,-0.07000000000000028,0.09999999999999964,0.03000000000000025,5.118578927886791,0.12023768883174679,0.033407286520950465,0.0547606104294735,0.18571476723402008,-0.026032124391318974,0.060705026886204924,-0.14501179076881626,0.0929475419861783,0.9057944355595722,90.57944355595721,0.06712679747071262,0.774228330119461,1.0373605409996833,-1.4033972718798278,0.16049840607139507,FALSE,TRUE,TRUE,FALSE,FALSE,0.3105804134268437
2019-03-01,4.35,4.34,4.17,4,0.09999999999999964,-0.25,0.45999999999999996,0.23000000000000043,5.011586054078831,0.11993204020736194,0.03338483174112148,0.054498972364834225,0.18536510804988965,-0.026032124165051986,0.06070502698987731,-0.1450117907457434,0.09294754241563943,0.90610008395769,90.610008395769,0.06709762033255531,0.7745911646575392,1.037609003257841,-1.3994522544453094,0.16167740647366485,FALSE,TRUE,TRUE,FALSE,FALSE,0.37114055886912
2019-04-01,4.3,4.32,4.75,4,-0.04999999999999982,-0.34999999999999964,0.16999999999999993,0.33999999999999986,3.94609468720675,0.11955564626306164,0.03335039771591988,0.054190067869771805,0.18492122465635147,-0.026032123973880654,0.06070502709488408,-0.14501179076038156,0.09294754281262027,0.9064764777108191,90.6476477710819,0.0670649147148748,0.7750316602434142,1.037921295178224,-1.3945223472928339,0.16315992597519557,FALSE,TRUE,TRUE,FALSE,FALSE,0.3438975379780744
2019-05-01,4.39,4.42,4.54,4,0.08999999999999986,-0.2999999999999998,0.75,0.3200000000000003,3.2129768545706,0.11918962094000643,0.033279290601270786,0.05396340993047338,0.18441583194953948,-0.026032123762134474,0.060705027205987444,-0.14501179076639398,0.09294754324212504,0.9068425028221281,90.68425028221282,0.06701677439333384,0.7754920386511477,1.0381929669931085,-1.3900623839505217,0.1645099345663779,FALSE,TRUE,TRUE,FALSE,FALSE,0.35402212769156943
2019-06-01,4.36,4.4,4.8,4,-0.02999999999999936,-0.3899999999999997,0.54,0.41999999999999993,3.00958360171855,0.1188017993210155,0.033215525498772845,0.05370056561584893,0.18390303302618208,-0.02603212355961522,0.06070502731241631,-0.14501179077247148,0.09294754365324104,0.9072303242385997,90.72303242385998,0.066962306247274,0.7759866156722013,1.0384740328049982,-1.3854014438933226,0.165929749748515,FALSE,TRUE,TRUE,FALSE,FALSE,0.3490105969882938
2019-07-01,4.6,4.57,4.37,4,0.23999999999999932,-0.3600000000000003,0.7999999999999998,0.40000000000000036,2.89314289133187,0.11860813100954433,0.033108718302819994,0.05371623556173505,0.1835000264573536,-0.026032123207270382,0.06070502742519249,-0.14501179064116387,0.09294754422662312,0.907423992197726,90.7423992197726,0.06689400300846966,0.7763141555194114,1.0385338288760404,-1.3839208843661621,0.16638268121033054,FALSE,TRUE,TRUE,FALSE,FALSE,0.5561225406441397
2019-08-01,4.53,4.6,3.01,4,-0.0699999999999994,-0.5999999999999996,0.3700000000000001,0.5700000000000003,2.52254012751929,0.11809697386135841,0.033005690866307176,0.053407008478533746,0.18278693924418307,-0.02603212301242683,0.060705027529101126,-0.14501179064997752,0.09294754462512386,0.9079351491510684,90.79351491510684,0.06681142800371576,0.7769871565080948,1.038883141794042,-1.3779805880486693,0.16820928160302365,FALSE,TRUE,TRUE,FALSE,FALSE,0.5365383772776767
2019-09-01,4.34,4.33,1.8,4,-0.1900000000000004,-0.5300000000000002,-0.9900000000000002,0.5999999999999996,2.24269083280033,0.11757405319908017,0.03289264919073073,0.053105645429137385,0.18204246096902293,-0.02603212283556354,0.060705027639479096,-0.14501179068945108,0.092947545018324,0.9084580696364833,90.84580696364833,0.06672782329286367,0.7776739392157177,1.039242200057249,-1.3718704709090486,0.1701037644009669,FALSE,TRUE,TRUE,FALSE,FALSE,0.5034867257833041
2019-10-01,4.22,4.18,2.17,4,-0.1200000000000001,-0.33999999999999986,-2.2,0.33000000000000007,0.671617725402163,0.11701648562653041,0.032765845762477805,0.05279660800907958,0.18123636324398124,-0.026032122637866563,0.06070502776846514,-0.1450117907445621,0.09294754546882897,0.9090156370113361,90.90156370113361,0.06660934106768815,0.7784637274847226,1.0395675465379497,-1.365939994755479,0.17195779814058368,FALSE,TRUE,TRUE,FALSE,FALSE,0.4954509194246581
2019-11-01,4.25,4.05,2.92,4,0.03000000000000025,-0.21999999999999975,-1.83,0.17999999999999972,0.499534306703753,0.11652239933892876,0.03279921032139881,0.052237128387632684,0.18080767029022482,-0.026032122449617206,0.060705027896459325,-0.14501179080717674,0.09294754590794232,0.9095097231106885,90.95097231106884,0.0665757360847071,0.779023678140419,1.039995768080958,-1.359208057034127,0.17408066889475182,FALSE,TRUE,TRUE,FALSE,FALSE,0.4749311717684935
2019-12-01,4.1,3.89,3.41,4,-0.15000000000000036,-0.25,-1.08,0.04999999999999982,0.0475125353594841,0.1167489539478021,0.032846421726690146,0.0523711503424755,0.1811267575531287,-0.02603212233169547,0.06070502802444514,-0.14501179094010258,0.09294754627671165,0.9092831683838933,90.92831683838934,0.06654904227379019,0.778849442321631,1.0397168944461557,-1.363157582988009,0.17283285214138097,FALSE,TRUE,TRUE,FALSE,FALSE,0.2280571659556591
2020-01-01,4.11,4.07,1.78,4,0.010000000000000675,-0.09999999999999964,-0.5899999999999999,-0.10999999999999988,-0.536943657601041,0.11662915930112756,0.03285030336031833,0.05224374783368854,0.18101457076856659,-0.026032122197864622,0.060705028152531974,-0.14501179105731732,0.09294754666158808,0.909402962896737,90.94029628967371,0.066498949133657545,0.7790674175850073,1.039738508208467,-1.3623829892585246,0.17307704929710704,FALSE,TRUE,TRUE,FALSE,FALSE,0.16841334857344986
2020-02-01,3.85,3.92,1.24,4,-0.26000000000000023,-0.11000000000000032,-2.2199999999999998,0.07000000000000028,-0.434894297619515,0.1165123259432263,0.03275212560719329,0.05231933933599542,0.1807053125504572,-0.026032122063485985,0.060705028285517236,-0.145011791183585,0.09294754705661304,0.9095197961202597,90.95197961202597,0.06642262243577235,0.7793338483874437,1.0397057438530757,-1.3621895758065041,0.1731380647297873,FALSE,TRUE,TRUE,FALSE,FALSE,0.10437723320932565
2020-03-01,3.99,3.86,1.77,4,0.14000000000000012,0.1499999999999999,-2.76,-0.08000000000000007,-1.1601451819852,0.11543732833043234,0.03277566394965268,0.05119820741972528,0.1796764492411394,-0.026032121899131563,0.06070502842117274,-0.14501179128511046,0.09294754748684735,0.9105947935686992,91.05947935686991,0.06632827194023928,0.7805937694090516,1.0405958177283468,-1.347920031926257,0.1776841043834703,FALSE,TRUE,TRUE,FALSE,FALSE,0.29024545358356885
2020-04-01,3.97,3.55,1.88,4,-0.020000000000000018,0.009999999999999787,-2.23,-0.14000000000000012,-0.052411999956048,0.1155583586617976,0.03292639785644555,0.0510238047225275,0.1800929126010677,-0.026032121700381144,0.0607050285569666,-0.14501179135251113,0.09294754795174885,0.9104737630385835,91.04737630385836,0.06630128044304245,0.7805256412413305,1.0404218848358364,-1.350294238107904,0.17692161984536314,FALSE,TRUE,TRUE,FALSE,FALSE,0.22331520456687648
2020-05-01,3.96,3.78,1.8,4,-0.010000000000000231,0.029999999999999805,-2.12,-0.4500000000000002,0.821206494438265,0.11549359368313807,0.03300839066934528,0.05079833678359337,0.18018885058268275,-0.02603212151320366,0.06070502868951613,-0.14501179142512596,0.09294754839871866,0.9105385278300656,91.05385278300656,0.06619258926368946,0.7808034368297816,1.0402736188303496,-1.3515330517370967,0.17652473970881047,FALSE,TRUE,TRUE,FALSE,FALSE,0.2046550242100392
2020-06-01,3.77,3.5,2.39,4,-0.18999999999999995,0.040000000000000036,-2.2,-0.2200000000000002,0.403699809281699,0.11600873000075139,0.033038772020495946,0.05125392674714972,0.18076353325435307,-0.026032121203897862,0.06070502884826529,-0.1450117914269628,0.09294754901916708,0.9100233912031465,91.00233912031464,0.06617221645796875,0.7803282301683391,1.0397185522379537,-1.3597339429306385,0.1739141327752808,FALSE,TRUE,TRUE,FALSE,FALSE,0.02515680135540375
2020-07-01,3.9,3.49,2.88,4,0.1299999999999999,0.22999999999999998,-1.6099999999999999,-0.5,-0.0982443182762083,0.11565830363810768,0.03314024089408795,0.05070462504671383,0.18061198222950153,-0.026032120980470502,0.0607050289947742,-0.14501179149068763,0.09294754952974663,0.9103738173423628,91.03738173423628,0.06607416978272214,0.7808708242598427,1.0398768104248828,-1.3564481090320675,0.17495663507423748,FALSE,TRUE,TRUE,FALSE,FALSE,0.0718152571627627
2020-08-01,3.92,3.61,4.19,4,0.020000000000000018,0.10000000000000009,-1.12,-0.5099999999999998,0.26095430705686,0.11551572099298989,0.03319901988008711,0.0504468377059899,0.18058460427998987,-0.026032120693000885,0.060705029155183554,-0.14501179151761456,0.0929475501316128,0.910516399700011,91.05163997000109,0.0659961437048166,0.7811663349200406,1.0398664644799813,-1.3558913487464608,0.17513374051606692,FALSE,TRUE,TRUE,FALSE,FALSE,0.039762902079911816
2020-09-01,3.99,3.81,4.97,4,0.07000000000000028,0.08000000000000007,0.1900000000000004,-0.3900000000000001,0.446989561458366,0.11544926987881056,0.033281636728783336,0.05021846054384978,0.18068007921377133,-0.026032120371135708,0.06070502932023312,-0.1450117915192406,0.09294755077696917,0.9105828504923251,91.05828504923251,0.06593956390164414,0.7813436800888252,1.039822020895825,-1.3560470257439077,0.1750842061961306,FALSE,TRUE,TRUE,FALSE,FALSE,-0.03581579015951353
2020-10-01,4.15,4.19,5.34,4,0.16000000000000014,0.009999999999999787,0.9699999999999998,-0.18999999999999995,0.663153783160997,0.11543442169822565,0.033341752754548176,0.05008578711787211,0.1807830562785792,-0.02603212015436287,0.06070502948990881,-0.145011791635026,0.09294755132630025,0.9105976984561371,91.05976984561372,0.06586955376371914,0.7814957454015229,1.0396996515107513,-1.3572628997086895,0.17469769116217568,FALSE,TRUE,TRUE,FALSE,FALSE,0.042387793787640154
2020-11-01,4.27,4.49,5.46,4,0.11999999999999922,-0.15000000000000036,1.3399999999999999,0.1900000000000004,0.236746788458087,0.11543070059073608,0.03339776083835438,0.04997229218327928,0.18088910899819288,-0.02603211993975249,0.06070502966377843,-0.1450117917611938,0.09294755188168882,0.9106014193490164,91.06014193490164,0.06577752586519645,0.7816798376610795,1.0395230010369532,-1.3591052487166486,0.1741132398680877,FALSE,TRUE,TRUE,FALSE,FALSE,0.1235909634375709
2020-12-01,4.26,4.49,4.82,4,-0.009999999999999787,-0.2699999999999996,1.46,0.4900000000000002,1.09105037945318,0.11523751964915804,0.033449609204192515,0.049677490312001235,0.18079754898631484,-0.026032119751795445,0.060705029839217065,-0.14501179191709018,0.09294755241349928,0.9107946001026374,91.07946001026373,0.06569360526937201,0.7820374997600775,1.0395517004451973,-1.3579008113739863,0.17449515990470532,FALSE,TRUE,TRUE,FALSE,FALSE,0.11981843376983446
2021-01-01,4.12,4.33,5.24,4,-0.13999999999999968,-0.2599999999999998,0.8200000000000003,0.4900000000000002,1.45404568357117,0.11490761768343039,0.033531653477867206,0.049186784524733435,0.18062845084212734,-0.026032119609364888,0.0607050300272514,-0.14501179214320015,0.09294755292447038,0.9111245019259345,91.11245019259346,0.06566002308539182,0.7824332214544981,1.039815782397371,-1.3535709233376538,0.17587330865735526,FALSE,TRUE,TRUE,FALSE,FALSE,0.058934467704578566
2021-02-01,4.39,4.56,6,4,0.2699999999999996,-0.1200000000000001,1.2400000000000002,0.33000000000000007,1.2199769433562,0.11496808435164424,0.03353368744196688,0.04924326469656608,0.1806929040067224,-0.026032119235492014,0.060705030226992925,-0.14501179216081347,0.09294755368982943,0.9110640348838477,91.10640348838477,0.0656038555680047,0.782482840723591,1.0396452290441043,-1.3556514986220838,0.1752100780558147,FALSE,TRUE,TRUE,FALSE,FALSE,0.2731487289241508
2021-03-01,4.34,4.6,5.84,4,-0.04999999999999982,-0.3899999999999997,2,0.5599999999999996,1.25745810035771,0.11429910452853909,0.03349238568110275,0.0486552348372527,0.17994297421982547,-0.026032119054225807,0.0607050304146093,-0.14501179234726858,0.09294755423881697,0.9117330145256867,91.17330145256867,0.06548292252182152,0.7833888447804898,1.0400771842708836,-1.3479390056987646,0.17767800120751112,FALSE,TRUE,TRUE,FALSE,FALSE,0.14362426239459547
2021-04-01,4.39,4.54,5.2,4,0.04999999999999982,-0.33999999999999986,1.8399999999999999,0.5999999999999996,0.439802975233583,0.11427732874372577,0.03352257122807609,0.04857429646751801,0.17998036101993353,-0.026032118693161594,0.060705030609354144,-0.14501179236789727,0.09294755498157407,0.9117547899494358,91.17547899494357,0.06542222070587692,0.7835295935772865,1.039979986321585,-1.3488568424984244,0.1773829526950368,FALSE,TRUE,TRUE,FALSE,FALSE,0.20152024316778852
2021-05-01,4.41,4.54,5.17,4,0.020000000000000462,-0.3899999999999997,1.2000000000000002,0.54,0.11980959925828,0.11434979818242266,0.03357841163693949,0.04853732071596063,0.1801622756488847,-0.026032118301605903,0.060705030808904416,-0.14501179236745293,0.09294755576424112,0.9116823201191833,91.16823201191832,0.0653884404684785,0.7835233317957241,1.0398413084426426,-1.3506619709548147,0.17680373953253647,FALSE,TRUE,TRUE,FALSE,FALSE,0.28851873842217063
2021-06-01,4.23,4.28,3.91,4,-0.17999999999999972,-0.41000000000000014,1.17,0.54,0.211137920875304,0.11388397546597188,0.03356808273571991,0.04809174227390012,0.17967620865804365,-0.02603211815038477,0.060705031008242434,-0.14501179260692712,0.09294755630615759,0.9121481426844129,91.21481426844129,0.06532021982086816,0.7841228643732719,1.0401734209955538,-1.3449412380501609,0.17864421161571326,FALSE,TRUE,TRUE,FALSE,FALSE,0.11377575172351821
2021-07-01,4.12,4.3,3.82,4,-0.11000000000000032,-0.23000000000000043,-0.08999999999999986,0.28000000000000025,0.532390738875055,0.11383493570790157,0.0336100099261419,0.04796052673262974,0.1797093446831734,-0.026032117808308646,0.06070503121748378,-0.1450117926749565,0.09294755705833921,0.912197182100407,91.2197182100407,0.06529892734910264,0.7842136362670683,1.0401807279337456,-1.3446287935202905,0.1787451401041019,FALSE,TRUE,TRUE,FALSE,FALSE,0.14500457322261182
2021-08-01,4.14,4.22,3.62,4,0.019999999999999574,-0.1200000000000001,-0.18000000000000016,0.2999999999999998,0.63625737126233906,0.11378545592120112,0.033629692369839745,0.047872470065153785,0.17969844177724847,-0.026032117464874275,0.060705031421222896,-0.14501179273084347,0.09294755780109491,0.9122466615436732,91.22466615436731,0.06526784795409732,0.7843240302052062,1.0401692928821402,-1.3445109836935865,0.17878320704610087,FALSE,TRUE,TRUE,FALSE,FALSE,0.17721889609586322
2021-09-01,4.2,4.21,3.67,4,0.0600000000000005,-0.13999999999999968,-0.3799999999999999,0.21999999999999975,0.429944681182226,0.1137215650293829,0.03362074142545244,0.04782612270196229,0.1796170073568035,-0.026032117097609483,0.060705031627854456,-0.14501179276856907,0.09294755857335012,0.9123105520682265,91.23105520682266,0.0652203670439567,0.7844809816035884,1.0401401225328648,-1.344510187633155,0.1787834642912175,FALSE,TRUE,TRUE,FALSE,FALSE,0.2549741870423328
2021-10-01,3.89,4.22,2.96,4,-0.31000000000000005,-0.20000000000000018,-0.33000000000000007,0.20999999999999996,-0.327207412037334,0.1139203134352511,0.03358964390688706,0.0480858211242272,0.179754805746275,-0.026032116881208274,0.06070503183329557,-0.14501179295482505,0.09294755919240852,0.9121118034459572,91.21118034459572,0.06516336449511703,0.7843939559240718,1.0398296509678426,-1.3487363219348292,0.17742167450198487,FALSE,TRUE,TRUE,FALSE,FALSE,-0.07153088289777067
2021-11-01,4.08,4.17,2.89,4,0.18999999999999995,0.10999999999999988,-1.04,0.21999999999999975,-0.643091012198616,0.11378128760298013,0.033515789933916164,0.04809154641909438,0.17947102878686588,-0.026032116451543085,0.06070503203722496,-0.1450117929248541,0.09294756002176795,0.912250828848563,91.2250828848563,0.06508653189273017,0.7846835704601943,1.0398180872369318,-1.3481924539481895,0.17759649104535627,FALSE,TRUE,TRUE,FALSE,FALSE,0.19503583719533302
2021-12-01,4.02,4.22,3.07,4,-0.0600000000000005,-0.08000000000000007,-1.1099999999999999,0.16999999999999993,-0.74107408761499,0.11421079625284145,0.03345340333803917,0.04864333054999266,0.17977826195569024,-0.026032116141202995,0.06070503224379867,-0.14501179301939107,0.09294756073698507,0.9118213198883616,91.18213198883616,0.06500382725027887,0.7844161596205517,1.0392264801561715,-1.3565152059759704,0.17493530056526044,FALSE,TRUE,TRUE,FALSE,FALSE,0.14080079057425224
2022-01-01,4.09,4.2,2.87,4,0.07000000000000028,-0.019999999999999574,-0.9300000000000002,0.21999999999999975,-0.97645276867615,0.11444328428377,0.0333785961186412,0.04902243803672483,0.17986413053081518,-0.026032115800924866,0.06070503244902722,-0.1450117930813535,0.09294756147950377,0.9115888315171549,91.15888315171549,0.06492296748828316,0.7843421534706551,1.0388355095636548,-1.3617856962376367,0.17326552697815054,FALSE,TRUE,TRUE,FALSE,FALSE,0.18845786451008975
2022-02-01,3.92,3.84,2.98,4,-0.16999999999999993,-0.08999999999999986,-1.13,0.20000000000000018,-1.12589129334189,0.1149868236661131,0.033256801328010795,0.04980469082220812,0.18016895651001807,-0.026032115533652547,0.06070503265530084,-0.14501179321837004,0.09294756215106496,0.9110452918675395,91.10452918675395,0.064813802054921,0.7840125741387862,1.0380780095962927,-1.372465513704679,0.1699185675184121,FALSE,TRUE,TRUE,FALSE,FALSE,0.03934317700150338
2022-03-01,3.8,3.79,4.17,4,-0.1200000000000001,0.08000000000000007,-1.02,-0.16000000000000014,-0.60697936446017,0.11549432226669898,0.03313119574872705,0.05055837183444743,0.1804302726989505,-0.02603211526005129,0.060705032869328004,-0.14501179336425432,0.09294756284415175,0.9105377929933524,91.05377929933523,0.0646612917247015,0.7838039900190996,1.037271595967605,-1.3835511883606844,0.1664959231970614,FALSE,TRUE,TRUE,FALSE,FALSE,-0.0948779834236416
2022-04-01,3.94,4.14,4.62,4,0.14000000000000012,0.20000000000000018,0.16999999999999993,-0.20999999999999996,-0.340108650213145,0.11574840531290648,0.03303539333343751,0.05100022416425437,0.18049658646155858,-0.02603211502589019,0.060705033087042164,-0.14501179355680516,0.09294756350502477,0.9102837097129837,91.02837097129837,0.06454620333174056,0.783775475843973,1.0367919435819943,-1.3899545698437448,0.16454267318489352,FALSE,TRUE,TRUE,FALSE,FALSE,-0.0899163323928862
2022-05-01,4.01,4.29,5.82,4,0.06999999999999984,0.06000000000000005,0.6200000000000001,0.13999999999999968,-0.697114574767621,0.1160091632977466,0.0329180757099443,0.051490920465893014,0.1805274061296002,-0.026032114799910036,0.060705033314915266,-0.14501179377744805,0.09294756417762799,0.9100229515021635,91.00229515021636,0.06441224378744752,0.7837772735153525,1.0362686294889745,-1.3968935594721663,0.1624455816492424,FALSE,TRUE,TRUE,FALSE,FALSE,-0.0680630041467953
2022-06-01,4.16,4.61,7.55,4,0.15000000000000036,-0.009999999999999787,1.8200000000000003,0.29000000000000004,-0.585825950779961,0.11626951500351163,0.0327443400516748,0.052091787804696615,0.18044724220232664,-0.02603211457402091,0.060705033546699906,-0.14501179400584846,0.09294756485780666,0.9097625995705093,90.97625995705093,0.06426594170918028,0.7838036683879654,1.0357215307530532,-1.404124767016375,0.16028169966256703,FALSE,TRUE,TRUE,FALSE,FALSE,-0.052281435887324
2022-07-01,4.51,4.88,8.36,4,0.34999999999999964,-0.16000000000000014,3.55,0.6100000000000003,-0.0445619663737684,0.11700210944274742,0.03249955230726173,0.05330415740683882,0.18070006147865603,-0.026032114273473576,0.06070503377509387,-0.1450117941529451,0.09294756560599794,0.9090300048307263,90.90300048307263,0.0640633940223321,0.7834680598195568,1.0345919498418958,-1.419999620025785,0.15560779167435473,FALSE,TRUE,TRUE,FALSE,FALSE,0.10989681360110252
2022-08-01,4.55,5.44,8.87,4,0.040000000000000036,-0.5099999999999998,4.359999999999999,0.8799999999999999,-0.0724925909544538,0.11648733938667154,0.032408576260914285,0.05296769712505979,0.18000698164828327,-0.026032114185583637,0.06070503400185208,-0.14501179450949306,0.09294756613832579,0.909544774798912,90.95447747989121,0.06392985670305248,0.7842445581241226,1.0348449914737015,-1.4149136235553137,0.15709382306563846,FALSE,TRUE,TRUE,FALSE,FALSE,0.0640062543650301
2022-09-01,4.61,5.6,9.03,4,0.0600000000000005,-0.5499999999999998,4.869999999999999,1.4400000000000004,-0.0915421809151162,0.11645169617408108,0.032397835515629345,0.05295310538639493,0.17995028696176724,-0.026032114001746504,0.060705034201911805,-0.1450117947177658,0.09294756671427279,0.9095804178276654,90.95804178276654,0.06370994407137301,0.7847112219907132,1.0344496136646175,-1.4192381344902656,0.15582960163252643,FALSE,TRUE,TRUE,FALSE,FALSE,0.07908197609023346
2022-10-01,4.67,5.64,9.7,4,0.05999999999999961,-0.6100000000000003,5.029999999999999,1.5999999999999996,0.882726496476316,0.11679446055981708,0.032450664096787186,0.05319232765570721,0.18039659346392695,-0.02603211370689504,0.060705034458718395,-0.145011794926246,0.09294756751245592,0.9092376531470779,90.9237653147078,0.06370630729598421,0.7843755852589076,1.0340997210352483,-1.4246995424053301,0.15424407145994842,FALSE,TRUE,TRUE,FALSE,FALSE,0.13656154608231286
2022-11-01,4.8,6.27,9.17,4,0.1299999999999999,-0.6699999999999999,5.699999999999999,1.6399999999999997,1.71460681708124,0.11719504390318157,0.03234821601404828,0.05379370555152513,0.180596382254838,-0.026032113393795884,0.060705034744749184,-0.1450117951737569,0.09294756838616512,0.9088370694906143,90.88370694906143,0.06371191608135654,0.7839640085851172,1.0337101303961114,-1.4308615423365354,0.15246990086926254,FALSE,TRUE,TRUE,FALSE,FALSE,0.19874005047638296
2022-12-01,4.71,6.15,9.24,4,-0.08999999999999986,-0.7999999999999998,5.17,2.2699999999999996,1.06228139396891,0.11681668950418675,0.032636256872580684,0.052850801443730805,0.1807825775646427,-0.026032113303057092,0.06070503491894534,-0.1450117954244363,0.09294756881832211,0.9092154237988703,90.92154237988703,0.06354302341306192,0.7846733864404836,1.033757461157257,-1.4287103654319975,0.1530874973377435,FALSE,TRUE,TRUE,FALSE,FALSE,0.18005640366341713
2023-01-01,4.62,5.47,9.69,4,-0.08999999999999986,-0.71,5.24,2.1500000000000004,1.83028934593641,0.11585885525432855,0.032708028552297194,0.05175229728651831,0.1799654132221388,-0.026032113464758956,0.06070503528347287,-0.145011796300599,0.09294756937108106,0.9101732582104304,91.01732582104304,0.06368076685953006,0.7853612486578596,1.0349852677630011,-1.4105788328164066,0.15836883662204007,FALSE,TRUE,TRUE,FALSE,FALSE,0.09455101903059172
2023-02-01,4.49,5.27,9.92,4,-0.1299999999999999,-0.6200000000000001,5.6899999999999995,1.4699999999999998,1.87912581537608,0.1140025995935,0.03260767644552995,0.05009272814072627,0.17791247104627372,-0.026032113992201185,0.0607050357778849,-0.145011797797071,0.0929475698126686,0.9120295143987012,91.20295143987012,0.06403324357097084,0.7865266631863174,1.0375323656110849,-1.3738252303867333,0.16949594632913387,FALSE,TRUE,TRUE,FALSE,FALSE,-0.09403994066210208
2023-03-01,4.43,5.19,8.71,4,-0.0600000000000005,-0.4900000000000002,5.92,1.2699999999999996,1.71488700767632,0.11317634969765904,0.03261674574345081,0.04924870274759535,0.17710399664772272,-0.026032114255627348,0.06070503620226731,-0.1450117988922714,0.0929475703810167,0.9128557645579684,91.28557645579683,0.064181372529533,0.7870625859217353,1.0386489431942014,-1.3577808016170472,0.17453324853679547,FALSE,TRUE,TRUE,FALSE,FALSE,-0.1828801387496468
2023-04-01,4.39,5.11,8.32,4,-0.040000000000000036,-0.4299999999999997,4.710000000000001,1.1900000000000004,1.43058057145598,0.11419824816099064,0.03309204928873272,0.04933902338045022,0.17905747294153107,-0.026032114125680583,0.06070503659813092,-0.14501179953820303,0.09294757128684186,0.91183386596469,91.18338659646899,0.064440775596774,0.7855322666591853,1.0381354652701946,-1.3681730739399072,0.1712579077373002,FALSE,TRUE,TRUE,FALSE,FALSE,-0.09682181676387941
2023-05-01,4.3,5.03,6.54,4,-0.08999999999999986,-0.3899999999999997,4.32,1.1100000000000003,1.76361799399931,0.11423096361883726,0.033363480113461054,0.0488397441975353,0.17962218304013922,-0.026032114243697634,0.060705037004736354,-0.1450118004531521,0.09294757196575684,0.9118011506248604,91.18011506248604,0.06463735455250759,0.7851142636459996,1.0384880376037213,-1.3645182415918955,0.17240451700535422,FALSE,TRUE,TRUE,FALSE,FALSE,-0.13983526294974974
2023-06-01,4.24,4.94,4.93,4,-0.05999999999999961,-0.2999999999999998,2.54,1.0300000000000002,1.80125602517016,0.11565300834827286,0.03396120028866722,0.04909027891073384,0.18221573778581188,-0.026032114007529784,0.06070503739956961,-0.1450118009908432,0.09294757297578365,0.910379105659257,91.0379105659257,0.06496120736855833,0.7830574788246447,1.0377007324938692,-1.3796063523308248,0.16770788052209357,FALSE,TRUE,TRUE,FALSE,FALSE,-0.001670578857429592
2023-07-01,4.21,4.67,4.53,4,-0.03000000000000025,-0.2400000000000002,0.9299999999999997,0.9400000000000004,1.32599522398578,0.11712781849032523,0.0345175430291282,0.04947467731842238,0.18478095966222807,-0.026032113750132497,0.060705037797978444,-0.1450118015143129,0.09294757401404789,0.9089042952598072,90.89042952598072,0.06527529877213038,0.7809670605863401,1.0368415299332743,-1.3955616665685269,0.16284653271488644,FALSE,TRUE,TRUE,FALSE,FALSE,0.14414750431150725
2023-08-01,4.17,4.56,4.47,4,-0.040000000000000036,-0.20999999999999996,0.5300000000000002,0.6699999999999999,1.41646959467003,0.11837452125906552,0.034983526681532026,0.04980806891106673,0.1869409736070643,-0.02603211372148982,0.06070503822569187,-0.14501180232397312,0.09294757488099348,0.9076575924624243,90.76575924624242,0.06557139097189435,0.7791400277413165,1.036175157183532,-1.4082728178994426,0.15905030132518705,FALSE,TRUE,TRUE,FALSE,FALSE,0.14457873284187972
2023-09-01,4.15,4.44,4.69,4,-0.019999999999999574,-0.16999999999999993,0.46999999999999975,0.5599999999999996,1.64660272731307,0.11961065955580283,0.035416114890553886,0.05019634989798451,0.18902496921362116,-0.026032113706097645,0.060705038645196184,-0.1450118031307943,0.092947575718599,0.9064214541502947,90.64214541502947,0.06584544825723362,0.7773667470202212,1.0354761612803682,-1.4211847337439145,0.15526306162191636,FALSE,TRUE,TRUE,FALSE,FALSE,0.13146588410201385
2023-10-01,4.32,4.54,4.98,4,0.16999999999999993,-0.15000000000000036,0.6900000000000004,0.4400000000000004,0.855773298240203,0.12096229143371215,0.03581581750693964,0.05076457904325132,0.19116000382417297,-0.026032113554173723,0.060705039066482384,-0.14501180380457615,0.09294757669622872,0.9050698221204615,90.50698221204615,0.06610476031915175,0.7755068726882717,1.0346327715526513,-1.4360566080448447,0.15098623398765787,FALSE,TRUE,TRUE,FALSE,FALSE,0.25999824594974075
2023-11-01,4.43,4.5,4.3,4,0.10999999999999943,-0.3200000000000003,0.9800000000000004,0.54,-0.286077760438586,0.12223318194597124,0.03619149346258192,0.05129915821259387,0.1931672056793486,-0.02603211345333385,0.060705039478187416,-0.1450118045106633,0.09294757760399561,0.9037989315073627,90.37989315073627,0.06633850204025718,0.7737778567201218,1.0338200062946037,-1.4501543678851565,0.14701547683347316,FALSE,TRUE,TRUE,FALSE,FALSE,0.3202546178809403
2023-12-01,4.32,4.48,4.18,4,-0.10999999999999943,-0.4299999999999997,0.2999999999999998,0.5,0.171890960701804,0.12336444603287865,0.036607297349246,0.05161546165700792,0.19511343040874937,-0.02603211342882849,0.06070503989474968,-0.145011805302605,0.092947578444948,0.9026676673959498,90.26676673959498,0.06660369102519441,0.7721268317491352,1.0332085030427645,-1.4613654454560472,0.14391517828088485,FALSE,TRUE,TRUE,FALSE,FALSE,0.2984186739980184
2024-01-01,4.29,4.47,3.82,4,-0.03000000000000025,-0.3200000000000003,0.17999999999999972,0.4800000000000004,-0.560174352853826,0.1244930296352652,0.03699051940121544,0.051992943839452826,0.1969931154310776,-0.026032113408755615,0.06070504031239664,-0.14501180610110512,0.09294757928359387,0.9015390837734905,90.15390837734904,0.06685297590268104,0.7705096587449115,1.0325685088020693,-1.4727978058873654,0.1408055641561546,FALSE,TRUE,TRUE,FALSE,FALSE,0.27222637710405695
2024-02-01,4.28,4.35,3.3,4,-0.009999999999999787,-0.29000000000000004,-0.18000000000000016,0.46999999999999975,-0.389182178363612,0.12564098216408628,0.037356219882999815,0.0524241365948476,0.19885782773332497,-0.02603211333743675,0.06070504072951996,-0.14501180684733292,0.09294758017245942,0.9003911311733505,90.03911311733505,0.06709358702573982,0.7688901170092965,1.0318921453374044,-1.484625777847226,0.13764298300625735,FALSE,TRUE,TRUE,FALSE,FALSE,0.3093895175052474
2024-03-01,4.14,4.05,3.24,4,-0.14000000000000057,-0.28000000000000025,-0.7000000000000002,0.34999999999999964,-0.265704052181137,0.126823843202154,0.03770014111513062,0.052932924404420295,0.20071476199988772,-0.02603211335655408,0.060705041151783865,-0.14501180769407232,0.09294758098096415,0.8992082701544001,89.92082701544001,0.06732133674133792,0.7672608747502847,1.0311556655585155,-1.4971736261396884,0.13434808600450962,FALSE,TRUE,TRUE,FALSE,FALSE,0.2341596060033948
2024-04-01,4.02,3.85,3.36,4,-0.1200000000000001,-0.13999999999999968,-0.7599999999999998,0.04999999999999982,-0.0231351445017847,0.12805498511889887,0.03804696083416955,0.053484312162720565,0.20262565807507718,-0.026032113399622806,0.06070504158213984,-0.14501180858062324,0.09294758178137763,0.897977128280724,89.79771282807239,0.0675370418753482,0.765606958582668,1.0303472979787798,-1.5106209701570534,0.13088504804178425,FALSE,TRUE,TRUE,FALSE,FALSE,0.11829876509042306
2024-05-01,3.99,3.97,3.76,4,-0.02999999999999936,-0.019999999999999574,-0.6400000000000001,-0.1499999999999999,-0.25400692059705,0.12920151308162514,0.03838419641238504,0.05396987053783893,0.20443315562541137,-0.02603211343716842,0.06070504201203717,-0.14501180946075215,0.0929475825864153,0.8968306003555433,89.68306003555433,0.0677547005661,0.7640338274626917,1.029627373248395,-1.5226899208831555,0.12783630079535363,FALSE,TRUE,TRUE,FALSE,FALSE,0.06521996003804663
2024-06-01,4.02,3.99,3.62,4,0.02999999999999936,0.009999999999999787,-0.2400000000000002,-0.029999999999999805,-0.531645556789018,0.13031063331006915,0.03871273508166975,0.05443506680695619,0.2061861998131821,-0.026032113483412812,0.06070504244658059,-0.145011810358686,0.09294758339186038,0.8957214801733436,89.57214801733436,0.06798622385847362,0.7624709299658576,1.0289720303808296,-1.5338183812610644,0.12507433964620546,FALSE,TRUE,TRUE,FALSE,FALSE,0.043033608863237434
2024-07-01,4.07,4.09,3.78,4,0.05000000000000071,-0.019999999999999574,-0.3799999999999999,-0.009999999999999787,-0.938768305010029,0.13138310154591282,0.039015084231474845,0.05491494159842557,0.20785126149340005,-0.026032113534202823,0.060705042880947545,-0.14501181126081958,0.09294758419241395,0.89464901198829,89.46490119882901,0.06820229245793644,0.7609749751076669,1.0283230488689132,-1.544683971974767,0.12242272363017556,FALSE,TRUE,TRUE,FALSE,FALSE,0.10649258548298648
2024-08-01,4.02,3.99,3.07,4,-0.05000000000000071,-0.07000000000000028,-0.2200000000000002,0.08999999999999986,-1.21367336986324,0.13254190212059122,0.03930703288827318,0.055501533320444385,0.20958227092073806,-0.026032113582738717,0.0607050433153716,-0.145011812160811,0.09294758499533355,0.8934902114621475,89.34902114621475,0.06841497903761194,0.7593993165453653,1.0275811063789295,-1.556819720419669,0.11951329377012539,FALSE,TRUE,TRUE,FALSE,FALSE,0.03447200542117094
2024-09-01,3.97,4.04,2.11,4,-0.04999999999999938,-0.019999999999999574,-0.9300000000000002,-0.009999999999999787,-1.56376908566398,0.13365802152379283,0.039569407478364085,0.05610340797660936,0.21121263507097632,-0.026032113613950872,0.06070504375106388,-0.14501181304596433,0.09294758581806258,0.89237409209015806,89.23740920901581,0.06860842363864658,0.7579040527223443,1.0268441314579717,-1.5686981598162988,0.11671828759751811,FALSE,TRUE,TRUE,FALSE,FALSE,0.07209903910320781
2024-10-01,3.96,3.91,1.16,4,-0.010000000000000231,0.029999999999999805,-1.8900000000000001,0.040000000000000036,-1.77052825047062,0.1346404183295603,0.03979757800348889,0.05663859877079863,0.21264223788832198,-0.026032113646589645,0.060705044186924746,-0.14501181393287468,0.0929475866396954,0.8913916953170293,89.13916953170293,0.06879647377607567,0.7565530844525667,1.026230306181492,-1.5786899926946512,0.1144071813296916,FALSE,TRUE,TRUE,FALSE,FALSE,0.19066785831609342
2024-11-01,3.66,3.59,1.66,4,-0.2999999999999998,0.040000000000000036,-2.84,-0.08999999999999986,-1.48085508496023,0.1365387762348022,0.0400149975518409,0.05811082219173562,0.21496673027786878,-0.026032113698462023,0.06070504462356724,-0.14501181484055062,0.09294758744362658,0.8894933374636598,88.94933374636598,0.06894576202858307,0.7543621270009677,1.0246245479263518,-1.6028057314172133,0.10897755107634324,FALSE,TRUE,TRUE,FALSE,FALSE,0.02464807272380708
2024-12-01,3.95,3.89,1.7,4,0.29000000000000004,0.33999999999999986,-2.34,-0.41000000000000014,-1.3955935309204,0.1365695720601326,0.040511403451902385,0.05716868033123232,0.21597046378903287,-0.02603211380905425,0.060705045057505486,-0.14501181580164618,0.09294758818353768,0.8894625417489217,88.94625417489218,0.06918280285728229,0.7538667397991137,1.0250583436987297,-1.5977591783771299,0.11009658280107913,FALSE,TRUE,TRUE,FALSE,FALSE,0.23931684919254964
2025-01-01,3.76,3.54,2.19,4,-0.1900000000000004,0.04999999999999982,-2.3,-0.10999999999999988,-1.55535005948839,0.1382027409327045,0.04091103434990828,0.058018587036603245,0.21838689482880574,-0.02603211364108743,0.06070504551903943,-0.14501181653826928,0.09294758925609442,0.887829372708383,88.7829372708383,0.06950424563890188,0.7516035544835102,1.0240551909332558,-1.6138672718553253,0.10655621895483698,FALSE,TRUE,TRUE,FALSE,FALSE,0.05317830652221118
2025-02-01,3.79,3.65,1.79,4,0.03000000000000025,0.2400000000000002,-1.81,-0.45999999999999996,-1.32222029879188,0.13925406698007478,0.04138901927405113,0.05813307984750045,0.22037505411264913,-0.026032113500729957,0.06070504597285014,-0.14501181728736445,0.09294759028590455,0.8867780465206552,88.67780465206552,0.0697313319666127,0.7501071472720877,1.0234489457692226,-1.6236883806199973,0.10444233211053117,FALSE,TRUE,TRUE,FALSE,FALSE,0.011521869689347191
2025-03-01,3.71,3.46,1.57,4,-0.08000000000000007,0.20999999999999996,-2.21,-0.3500000000000001,-1.23997316582178,0.1402194681563928,0.041734665997389495,0.058421025894700995,0.2220179104180846,-0.026032113382038737,0.06070504645167574,-0.14501181810715416,0.09294759134307667,0.8858126452256458,88.58126452256458,0.06996795614230641,0.7486779711148472,1.0229473193364444,-1.631995002713968,0.10268053892906495,FALSE,TRUE,TRUE,FALSE,FALSE,-0.006625353564050802
2025-04-01,3.62,3.53,1.47,4,-0.08999999999999986,0.29000000000000004,-2.4299999999999997,-0.54,-1.25556783002372,0.14133173123123854,0.04210699166408739,0.058803544072299,0.2238599183901781,-0.02603211324027098,0.060705046919464295,-0.14501181888223513,0.09294759240169316,0.8847003820090324,88.47003820090325,0.07016073059307654,0.7471878769175849,1.0222128871004799,-1.6433639874660217,0.10030764648058266,FALSE,TRUE,TRUE,FALSE,FALSE,-0.06823919501728502
2025-05-01,3.55,3.35,1.69,4,-0.07000000000000028,0.3799999999999999,-2.5300000000000002,-0.4700000000000002,-1.0021037694723,0.14236330195921018,0.042484674339627465,0.05909487035862736,0.225631733559793,-0.026032113116294435,0.06070504740127342,-0.1450118197025871,0.09294759346999826,0.8836688111570842,88.36688111570842,0.07041302642264531,0.7456618153262322,1.0216758069879361,-1.652125959544084,0.09850887596007606,FALSE,TRUE,TRUE,FALSE,FALSE,-0.11611732598862895
2025-06-01,3.53,3.17,1.79,4,-0.020000000000000018,0.4500000000000002,-2.31,-0.6499999999999999,-1.18195745466925,0.14340223663731952,0.0429244401597373,0.0592718798676897,0.22753259340694934,-0.02603211299096059,0.06070504787046071,-0.14501182049684347,0.09294759451492228,0.8826298763536411,88.26298763536411,0.07064529411252597,0.7441676442158507,1.0210921084914315,-1.6614004530777124,0.0966330468729423,FALSE,TRUE,TRUE,FALSE,FALSE,-0.17224677657697016
2025-07-01,3.54,3.26,1.17,4,0.010000000000000231,0.4700000000000002,-2.21,-0.8300000000000001,-1.07197320890524,0.1442122013450075,0.04333653856816064,0.059274146536781674,0.22915025615323334,-0.02603211292955099,0.060705048340565525,-0.14501182135682236,0.09294759549772039,0.8818199115845434,88.18199115845434,0.07086542098631493,0.7429262387020973,1.0207135844669897,-1.6676693198263615,0.0953813890273114,FALSE,TRUE,TRUE,FALSE,FALSE,-0.1779394742190431
2025-08-01,3.49,3.21,1.17,4,-0.04999999999999982,0.45999999999999996,-2.83,-0.7400000000000002,-1.06028342665176,0.14480703793748503,0.04361870759192757,0.05931594200512319,0.23029813386984688,-0.026032112948303404,0.0607050488390757,-0.14501182235263677,0.09294759645602997,0.8812250750108184,88.12250750108184,0.07107250820699429,0.7419255186341822,1.0205246313874545,-1.6711795880800633,0.09468621076849394,FALSE,TRUE,TRUE,FALSE,FALSE,-0.1343376022091853
2025-09-01,3.42,3.16,1.47,4,-0.07000000000000028,0.5099999999999998,-2.83,-0.79,-0.979597645696995,0.14590394761092643,0.04403052125361744,0.05960571173331086,0.232202183488542,-0.02603211283679978,0.06070504932429015,-0.14501182319213599,0.09294759751853643,0.8801281652258733,88.01281652258733,0.071316421252553025,0.7403505480645826,1.019905782387164,-1.6808447853773287,0.09279306705144288,FALSE,TRUE,TRUE,FALSE,FALSE,-0.20140278124815517
2025-10-01,3.37,3.1,1.26,4,-0.04999999999999982,0.5800000000000001,-2.5300000000000002,-0.8399999999999999,-0.932332081655618,0.14707968006465458,0.04450439293777154,0.05985267275280365,0.2343066873765055,-0.026032112703464932,0.06070504980859416,-0.14501182400801957,0.0929475986010897,0.8789524326388104,87.89524326388104,0.07159764248239692,0.7386236319953375,1.0192812332822834,-1.6906641498838526,0.09090096503306033,FALSE,TRUE,TRUE,FALSE,FALSE,-0.2928377438465713
2025-11-01,3.3,3,1.73,4,-0.07000000000000028,0.6299999999999999,-2.74,-0.8999999999999999,-0.921113629343617,0.14798252655270455,0.04487837512225009,0.06002252762841605,0.23594252547699307,-0.026032112660023032,0.0607050502962517,-0.14501182492036888,0.09294759960032281,0.8780495861073184,87.80495861073184,0.07182702994873726,0.7372711942913136,1.0188279779233231,-1.6978345614418031,0.08953899082897729,FALSE,TRUE,TRUE,FALSE,FALSE,-0.3308817225484252
2025-12-01,3.72,3.48,1.65,4,0.4200000000000004,0.7000000000000002,-2.27,-1,-0.823206661168419,0.14703307194465065,0.045393144884653666,0.058064142825720894,0.2360020010635804,-0.026032113220236637,0.06070505077671848,-0.14501182642228005,0.0929475999818068,0.878999041275586,87.8999041275586,0.0721275583355803,0.737631624645037,1.0203664579061351,-1.6775967676799144,0.09342584425373614,FALSE,TRUE,TRUE,FALSE,FALSE,0.016181833737922254
2026-01-01,3.64,3.44,0.96,4,-0.08000000000000007,0.2799999999999998,-2.35,-0.52,-0.606477521373217,0.14761322367029658,0.045794655772292935,0.05785734767219315,0.23736909966840003,-0.02603211311189168,0.06070505132184997,-0.1450118273823732,0.09294760115858985,0.8784188894415951,87.8418889441595,0.07248277919549605,0.7363552527190538,1.0204825261641364,-1.6773792603962372,0.09346834229429832,FALSE,TRUE,TRUE,FALSE,FALSE,-0.035155635091618134
2026-02-01,3.62,3.41,1.56,4,-0.020000000000000018,0.3599999999999999,-3.04,-0.56,-0.656754836364382,0.14764452341291892,0.04609424510862935,0.05730146310544387,0.23798758372039397,-0.026032113124043764,0.06070505184218905,-0.14501182841437113,0.09294760216628362,0.8783875897111248,87.83875897111248,0.0726796220331788,0.7359381481161107,1.020837031306139,-1.6732669610383795,0.09427475347588363,FALSE,TRUE,TRUE,FALSE,FALSE,0.04504587133174307
2026-03-01,3.61,3.37,2.5,4,-0.010000000000000231,0.3799999999999999,-2.44,-0.5899999999999999,-0.647215226762476,0.14857734432069497,0.04670024209823116,0.05704655173886067,0.24010813690252927,-0.026032112971426654,0.0607050523581463,-0.14501182927301165,0.09294760333015833,0.8774547686507316,87.74547686507316,0.07305268718319319,0.7342741327978022,1.020635404503661,-1.677491083140631,0.09344649167533868,FALSE,TRUE,TRUE,FALSE,FALSE,-0.051911864471857194
2026-04-01,3.71,3.53,3.24,4,0.10000000000000009,0.3900000000000001,-1.5,-0.6299999999999999,-0.649972490625839,0.14924899099637517,0.04737424719239572,0.05639717270458182,0.24210080928816852,-0.02603211288146778,0.060705052872450996,-0.14501183019107144,0.09294760442813589,0.8767831218850926,87.67831218850925,0.0734669990686175,0.7327904496583646,1.0207757941118205,-1.6771731481753325,0.09350862820107306,FALSE,TRUE,TRUE,FALSE,FALSE,-0.09164707214169777
2026-05-01,3.74,3.66,2.86,4,0.03000000000000025,0.29000000000000004,-0.7599999999999998,-0.4700000000000002,-0.814185476525076,0.15000310513801726,0.048017812322027925,0.055889922370438924,0.24411628790559559,-0.02603211275714381,0.0607050534013049,-0.14501183110328209,0.09294760558899448,0.8760290076191265,87.60290076191265,0.0738940327914913,0.7311993646753818,1.0208586505628712,-1.6776861093870143,0.09340839256057103,FALSE,TRUE,TRUE,FALSE,FALSE,-0.16965727538435876
2026-06-01,3.71,3.68,2.27,4,-0.03000000000000025,0.2599999999999998,-1.1400000000000001,-0.33999999999999986,-0.668956601565762,0.15060311974044835,0.04858306698429356,0.05538205819273602,0.2458241812881607,-0.02603211272737195,0.06070505393279967,-0.14501183211522084,0.09294760666047695,0.8754289929869236,87.54289929869236,0.07427645560786068,0.7298498150962285,1.0210081708776186,-1.6771264325096993,0.09351776100262554,FALSE,TRUE,TRUE,FALSE,FALSE,-0.13655007186333465
2026-07-01,3.28,2.94,NA,4,-0.43000000000000016,0.29000000000000004,-1.73,-0.31999999999999984,-0.835236290365504,0.15191802166444454,0.04912209742119978,0.05564047987382513,0.24819556345506394,-0.026032112486057753,0.06070505446124578,-0.14501183290964198,0.09294760793752649,0.8741140908216132,87.41140908216131,0.07463555952647616,0.7278310821837246,1.0203970994595017,-1.686674689344697,0.09166592153225663,FALSE,TRUE,TRUE,FALSE,FALSE,-0.4772320230288088
