fecha,modelo,parametro_anclaje,anclaje_porcentaje,anclaje_se,anclaje_li_95,anclaje_ls_95,anclaje_significativamente_menor_uno,anclaje_significativamente_mayor_cero,fuera_rango_0_1,y_observada,y_ajustada_estado,residuo_estado_u,sorpresa_inflacion_raw,sorpresa_transicion,efecto_sorpresa_sobre_A_siguiente,componente_persistencia,componente_intercepto,A_siguiente_condicional_sin_innovacion,contribucion_meta_observacion,contribucion_inflacion_observacion,cambio_exp24_reconstruido
2011-02-01,TVP con sorpresa en transición,0.5476800686184643,54.76800686184643,0.10917365604322521,0.3337036347131793,0.7616565025237493,TRUE,TRUE,FALSE,0.9099999999999993,0.9099999999999993,0.855231993138153,1.5600000000000005,1.0551316458043283,0.004392978953511601,0.5207589572031547,0.04262142171436849,0.5677733578710348,-0.46552805832569444,-0.4297039348124586,-0.040000000000000036
2011-03-01,TVP con sorpresa en transición,0.5677733578856105,56.77733578856105,0.10380724529911062,0.36431489576503884,0.7712318200061821,TRUE,TRUE,FALSE,0.8899999999999997,0.8899999999999997,1.0262656058925463,1.27,0.9039757551498264,0.0037636502351616357,0.5398645645916715,0.04262142171436849,0.5862496365412017,-0.45989641988734425,-0.24636918600520177,0.3200000000000003
2011-04-01,TVP con sorpresa en transición,0.5862496365596682,58.62496365596682,0.09870461947615355,0.3927921372786765,0.77970713584066,TRUE,TRUE,FALSE,1.2000000000000002,1.2000000000000004,1.1941375036344037,-0.39999999999999947,0.03352631586355847,1.3958485707735779e-4,0.5574326452405952,0.04262142171436849,0.600193651812041,-0.662462089312425,-0.47167541432197807,0.06000000000000072
2011-05-01,TVP con sorpresa en transición,0.6001936518261424,60.01936518261424,0.09385281226823466,0.4162455199326035,0.7841417837196812,TRUE,TRUE,FALSE,-0.021148129164529905,-0.021148129164530072,0.43568814605936557,0.7211481291645301,0.6178992262756023,0.002572587323310371,0.5706912450426862,0.04262142171436849,0.615885254080365,-0.7142304456731097,-0.17145770038625624,-0.4500000000000004
2011-06-01,TVP con sorpresa en transición,0.6158852536936629,61.58852536936629,0.08923949474158992,0.44097905800159515,0.7907914493857306,TRUE,TRUE,FALSE,-0.23302206259620029,-0.23302206259620029,0.6249196838267301,1.0330220625962,0.7804564062059018,0.0032493846433562855,0.5856115291530609,0.04262142171436849,0.6314823355107857,-0.45575508773331064,0.25083540390658043,0.41999999999999993
2011-07-01,TVP con sorpresa en transición,0.6314823354687882,63.14823354687882,0.0848529440182076,0.4651736212109079,0.7977910497266685,TRUE,TRUE,FALSE,-0.5422993669593801,-0.54229936695938,0.35585755902390825,1.6122993669593804,1.0823914988850583,0.004506473758956639,0.6004419392885171,0.04262142171436849,0.6475698347618422,-0.7325195091437944,0.09666195011988596,-0.28000000000000014
2011-08-01,TVP con sorpresa en transición,0.6475698346048885,64.75698346048885,0.08068201333859323,0.48943599426106554,0.8057036749487114,TRUE,TRUE,FALSE,-1.0896744659206394,-1.0896744659206394,0.23115719062340345,2.14967446592064,1.3624860219851969,0.005672630939310001,0.6157386604112252,0.04262142171436849,0.6640327130649036,-0.5698614544523017,0.4087042638288987,0.0700000000000004
2011-09-01,TVP con sorpresa en transición,0.6640327123954728,66.40327123954728,0.076716103986064,0.5136719115485577,0.8143935132423878,TRUE,TRUE,FALSE,-1.1958261311642007,-1.1958261311642007,0.5478083169916739,2.2758261311642007,1.4282397023901587,0.00594639254553567,0.6313923085208116,0.04262142171436849,0.6799601227807157,-0.6308310767756993,0.5630227597840249,0.47999999999999954
2011-10-01,TVP con sorpresa en transición,0.6799601221971117,67.99601221971116,0.07294513827998571,0.5369902783210456,0.8229299660731777,TRUE,TRUE,FALSE,-0.7393156240494898,-0.7393156240494899,0.7901293025390735,1.35931562404949,0.9505294886069411,0.003957473984167473,0.6465368094703742,0.04262142171436849,0.6931157051689101,-0.9723429747418695,0.26221367220279596,0.07999999999999996
2011-11-01,TVP con sorpresa en transición,0.693115705175281,69.3115705175281,0.06935953371173884,0.5571735171157812,0.8290578932347807,TRUE,TRUE,FALSE,-0.5900000000000007,-0.5900000000000005,0.5536409135392133,0.6900000000000004,0.6016639738408233,0.002504992798461707,0.6590457322259393,0.04262142171436849,0.7041721467387695,-1.0466047148146742,0.04296380127546084,-0.4500000000000002
2011-12-01,TVP con sorpresa en transición,0.7041721467611728,70.41721467611728,0.06595017886796822,0.5749121714059806,0.833432122116365,TRUE,TRUE,FALSE,-0.43484387510005984,-0.4348438751000598,0.30794780092702384,0.10484387510005977,0.29666467994017726,0.0012351460601240814,0.6695586964920494,0.04262142171436849,0.7134152642665419,-0.7464224755668429,-0.0015253253601804132,-0.43999999999999956
2012-01-01,TVP con sorpresa en transición,0.7134152637594703,71.34152637594703,0.06270841018087088,0.5905090382771985,0.8363214892417421,TRUE,TRUE,FALSE,-0.25,-0.2499999999999999,0.9628059483910997,0.4900000000000002,0.4974185320101324,0.0020709729927031106,0.6783474698017704,0.04262142171436849,0.723039864508842,-0.7990250954106068,0.16621914701950724,0.33000000000000007
2012-02-01,TVP con sorpresa en transición,0.7230398642480789,72.30398642480789,0.059625990115215285,0.6061750710797157,0.839904657416442,TRUE,TRUE,FALSE,0.6699999999999999,0.67,1.3496574723931944,-0.5499999999999998,-0.044657765509459824,-1.859299972415902e-4,0.687498974852133,0.04262142171436849,0.7299344665692599,-1.0484078031597144,-0.14124966923347973,0.16000000000000036
2012-03-01,TVP con sorpresa en transición,0.7299344668083461,72.99344668083461,0.05669508582153919,0.6188141404977218,0.8410547931189704,TRUE,TRUE,FALSE,0.2999999999999998,0.2999999999999998,0.7890560927615916,-0.33000000000000007,0.07001222050429994,2.9149178909286517e-4,0.6940546745121039,0.04262142171436849,0.7369675880155652,-1.1751944915614374,-0.25386160120015483,-0.6400000000000007
2012-04-01,TVP con sorpresa en transición,0.7369675879729944,73.69675879729944,0.0539082495930024,0.6313093603011137,0.8426258156448752,TRUE,TRUE,FALSE,0.9900000000000002,0.9900000000000002,1.0268483793986498,-1.6900000000000004,-0.6388567839443978,-0.0026598428900655906,0.7007420839203459,0.04262142171436849,0.7407036627446487,-0.7148585603338045,-0.2419898190648451,0.07000000000000028
2012-05-01,TVP con sorpresa en transición,0.740703662712331,74.0703662712331,0.05125839978401585,0.6402390452305042,0.8411682801941578,TRUE,TRUE,FALSE,1.0100000000000007,1.0100000000000007,0.8396381575761642,-1.8000000000000007,-0.6961917769512779,-0.002898553783232819,0.704294512604117,0.04262142171436849,0.7440173805352527,-0.7703318092208242,-0.32930634835533973,-0.2599999999999998
2012-06-01,TVP con sorpresa en transición,0.7440173805135976,74.40173805135976,0.04873880285325442,0.6484910822716209,0.8395436787555742,TRUE,TRUE,FALSE,1.2100000000000004,1.2100000000000004,0.7635895716918418,-2.06,-0.8317108513311756,-0.003462779530718993,0.7074453452261733,0.04262142171436849,0.7466039874098228,-0.5803335568006063,-0.3532560148912355,-0.16999999999999993
2012-07-01,TVP con sorpresa en transición,0.7466039873736692,74.66039873736692,0.046343056245399805,0.6557732661991715,0.8374347085481668,TRUE,TRUE,FALSE,1.4300000000000002,1.4300000000000002,0.6609978930051211,-2.9099999999999997,-1.2747539791116114,-0.005307363705193026,0.7099048079094571,0.04262142171436849,0.7472188659186325,-0.45542843229793845,-0.4155694607071826,-0.20999999999999985
2012-08-01,TVP con sorpresa en transición,0.7472188658204126,74.72188658204126,0.04406507211865079,0.660852911491697,0.8335848201491283,TRUE,TRUE,FALSE,1.69,1.69,0.4645610600545231,-3.1,-1.3737871488507678,-0.005719682520663694,0.7104894621210674,0.04262142171436849,0.7473912013147722,-0.29888754632816533,-0.5156735137263584,-0.3500000000000006
2012-09-01,TVP con sorpresa en transición,0.7473912015312874,74.73912015312874,0.04189906190498434,0.6652705492115039,0.8295118538510708,TRUE,TRUE,FALSE,1.96,1.96,0.6221697492589955,-3.62,-1.644825297610564,-0.006848134015636044,0.7106533267022825,0.04262142171436849,0.746426614401015,-0.03736956007656424,-0.4648001891824312,0.12
2012-10-01,TVP con sorpresa en transición,0.746426614408392,74.64266144083919,0.039839521558530475,0.6683425869923653,0.8245106418244187,TRUE,TRUE,FALSE,1.48,1.48,0.5693595304217616,-3.4100000000000006,-1.535367583688339,-0.00639241321958952,0.7097361536791383,0.04262142171436849,0.7459651621739173,-0.12689252444942659,-0.3524670059723352,0.08999999999999975
2012-11-01,TVP con sorpresa en transición,0.7459651622413084,74.59651622413084,0.037881217530087934,0.6717193401918087,0.8202109842908081,TRUE,TRUE,FALSE,1.4700000000000002,1.4700000000000002,0.6121400634224955,-3.3400000000000003,-1.498881679047597,-0.00624050628757401,0.7092973841070855,0.04262142171436849,0.74567829953388,-0.19395094218274003,-0.3581891212397551,0.060000000000000386
2012-12-01,TVP con sorpresa en transición,0.745678299681472,74.56782996814721,0.03601917357423294,0.6750820167230787,0.8162745826398654,TRUE,TRUE,FALSE,1.8199999999999998,1.8199999999999994,0.7835071634427534,-3.7399999999999998,-1.7073725627089782,-0.007108545899091201,0.7090246222227653,0.04262142171436849,0.7445374980380426,-0.23861705589807125,-0.43489010754468294,0.10999999999999921
2013-01-01,TVP con sorpresa en transición,0.7445374981946584,74.45374981946584,0.03424865808235307,0.6774113618344197,0.8116636345548971,TRUE,TRUE,FALSE,1.38,1.38,0.9705043759929378,-2.49,-1.0558385512671609,-0.004395922113099975,0.707939896619828,0.04262142171436849,0.7461653962210965,-0.6924198733210322,-0.3780845026719054,-0.09999999999999976
2013-02-01,TVP con sorpresa en transición,0.7461653962225138,74.61653962225138,0.032565171956616505,0.6823388320371917,0.8099919604078358,TRUE,TRUE,FALSE,0.7500000000000004,0.7500000000000003,0.6455368445288483,-2.11,-0.8577722117888482,-0.0035712844821586417,0.7094877756243672,0.04262142171436849,0.748537912856577,-0.6193172788646865,-0.2462195656641617,-0.21999999999999986
2013-03-01,TVP con sorpresa en transición,0.7485379128803066,74.85379128803066,0.030964437289959883,0.6878487309904362,0.809227094770177,TRUE,TRUE,FALSE,0.4800000000000004,0.4800000000000005,0.6147368243184554,-1.8200000000000003,-0.7066163211343468,-0.002941955763808678,0.7117436716692531,0.04262142171436849,0.7514231376198129,-0.45660812685698726,-0.10812869746146832,0.04999999999999982
2013-04-01,TVP con sorpresa en transición,0.7514231376193795,75.14231376193796,0.02944238645146382,0.6937171205556004,0.8091291546831586,TRUE,TRUE,FALSE,0.5899999999999999,0.5899999999999999,0.8454838667905887,-1.25,-0.4095168119168778,-0.0017049993173966777,0.7144870737255056,0.04262142171436849,0.7554034961224774,-0.4959392708287906,-0.07954459596179862,0.2699999999999996
2013-05-01,TVP con sorpresa en transición,0.7554034961778464,75.54034961778464,0.027995151754542417,0.70053400699721,0.8102729853584828,TRUE,TRUE,FALSE,0.7000000000000002,0.7000000000000003,0.7982024545031202,-1.71,-0.6492813281274666,-0.002703244870641449,0.7182717785029326,0.04262142171436849,0.7581899553466596,-0.7025252514453969,-0.19567720305772282,-0.09999999999999953
2013-06-01,TVP con sorpresa en transición,0.7581899553772863,75.81899553772863,0.026619055623801454,0.7060175650521671,0.8103623457024055,TRUE,TRUE,FALSE,0.9400000000000004,0.9400000000000005,1.1447112879518675,-0.9900000000000002,-0.2739977375369798,-0.001140773569910503,0.7209212698211941,0.04262142171436849,0.762401917965652,-0.6292976629631477,-0.1354136249887198,0.38
2013-07-01,TVP con sorpresa en transición,0.7624019181326335,76.24019181326335,0.02531060125644201,0.7127940512429529,0.812009785022314,TRUE,TRUE,FALSE,0.019999999999999574,0.019999999999999574,0.6222975153247801,-0.09999999999999964,0.18989447860959457,7.906145657152518e-4,0.7249261943344889,0.04262142171436849,0.7683382306145726,-0.9225063209404865,-0.09979119438429393,-0.40000000000000036
2013-08-01,TVP con sorpresa en transición,0.7683382305209991,76.83382305209992,0.02406646374324467,0.7211688283490005,0.8155076326929978,TRUE,TRUE,FALSE,0.14999999999999947,0.14999999999999947,0.718570290585539,0.03000000000000025,0.25765401579954356,0.0010727274394583392,0.7305707083968603,0.04262142171436849,0.7742648575506871,-0.622353966722009,-0.01621632386352992,0.08000000000000007
2013-09-01,TVP con sorpresa en transición,0.7742648574571557,77.42648574571557,0.022883481598341967,0.7294140576835204,0.8191156572307909,TRUE,TRUE,FALSE,0.4900000000000002,0.49000000000000027,0.8151912401320056,-0.020000000000000462,0.23159265534187048,9.642224880186885e-4,0.7362060130936159,0.04262142171436849,0.779791657296003,-0.6890957231368683,-0.10609551699513678,0.020000000000000573
2013-10-01,TVP con sorpresa en transición,0.7797916572593673,77.97916572593672,0.021758648738774113,0.7371454893791122,0.8224378251396224,TRUE,TRUE,FALSE,0.5,0.5000000000000001,0.6637562480244672,-0.2999999999999998,0.08564903677890369,3.565947599566552e-4,0.7414611440844706,0.04262142171436849,0.7844391605587957,-0.7096104081060244,-0.15414583991844294,-0.20000000000000018
2013-11-01,TVP con sorpresa en transición,0.7844391605032723,78.44391605032723,0.020689106848551606,0.7438892562078102,0.8249890647987345,TRUE,TRUE,FALSE,0.5499999999999998,0.5499999999999998,0.6676658740754909,-0.5499999999999998,-0.044657765509459824,-1.859299972415902e-4,0.7458802001750078,0.04262142171436849,0.7883156918921347,-0.5569518039573234,-0.12071407011816741,-0.009999999999999787
2013-12-01,TVP con sorpresa en transición,0.7883156918023343,78.83156918023343,0.019672138110972383,0.7497590096059307,0.8268723739987379,TRUE,TRUE,FALSE,0.5600000000000005,0.5600000000000005,1.056638885835471,0.14999999999999947,0.32020128089795763,0.0013331393229134953,0.7495661813025614,0.04262142171436849,0.7935207423398433,-0.5518209842616342,-0.01481790157383666,0.4900000000000001
2014-01-01,TVP con sorpresa en transición,0.7935207424593868,79.35207424593868,0.01870515830970684,0.7568593058472413,0.8301821790715322,TRUE,TRUE,FALSE,0.5500000000000007,0.5500000000000007,0.8594730895591614,-0.2600000000000007,0.10649812514504141,4.4339872110837257e-4,0.7545153786673545,0.04262142171436849,0.7975801991028313,-0.9442896835266705,-0.16518340603249074,-0.25
2014-02-01,TVP con sorpresa en transición,0.7975801992343313,79.75801992343314,0.017785710244176745,0.7627208477162798,0.8324395507523829,TRUE,TRUE,FALSE,0.54,0.54,0.6516612278928062,-0.39000000000000057,0.038738587955092434,1.6128584736528522e-4,0.7583752936032112,0.04262142171436849,0.801158001164945,-0.7497253872802717,-0.16193584061253508,-0.26000000000000056
2014-03-01,TVP con sorpresa en transición,0.8011580012887385,80.11580012887384,0.01691145750256126,0.7680121536576388,0.8343038489198382,TRUE,TRUE,FALSE,1.04,1.04,0.6394209993556309,-0.9100000000000001,-0.23229956080470346,-9.671656476070643e-4,0.7617772294663006,0.04262142171436849,0.803431485533062,-0.5447874408763419,-0.23463355847928852,-0.13999999999999957
2014-04-01,TVP con sorpresa en transición,0.8034314857108601,80.343148571086,0.016080178520138416,0.7719149149464142,0.834948056475306,TRUE,TRUE,FALSE,1.4100000000000001,1.4100000000000001,0.8074263857168551,-1.3399999999999999,-0.45642726074068857,-0.0019003082299880458,0.7639389611865512,0.04262142171436849,0.8046600746709316,-0.4338530022838645,-0.25357338343299046,0.1200000000000001
2014-05-01,TVP con sorpresa en transición,0.8046600746198938,80.46600746198938,0.015289760931215979,0.7746926938624829,0.83462745537730465,TRUE,TRUE,FALSE,1.0100000000000002,1.0100000000000005,0.42259814552747793,-1.5799999999999996,-0.5815217909375174,-0.0024211319968983607,0.7651071590373762,0.04262142171436849,0.8053074487548464,-0.53107564924913,-0.27152249627834774,-0.37999999999999984
2014-06-01,TVP con sorpresa en transición,0.8053074488930005,80.53074488930005,0.014538196200866497,0.7768131079391252,0.8338017898468759,TRUE,TRUE,FALSE,1.1400000000000001,1.1400000000000001,0.5118601898634598,-1.4899999999999998,-0.5346113421137066,-0.002225823084306993,0.7657227117490782,0.04262142171436849,0.8061183103791397,-0.22548608569004036,-0.20637410417341942,0.08000000000000007
2014-07-01,TVP con sorpresa en transición,0.8061183105117135,80.61183105117135,0.013823574525852332,0.7790246023034375,0.8332120187199894,TRUE,TRUE,FALSE,1.2800000000000002,1.2800000000000002,0.5786770698548096,-1.7400000000000002,-0.6649181444020704,-0.002768347841505239,0.7664937156164677,0.04262142171436849,0.8063467894893309,-0.2902025917842171,-0.23847447807059252,0.050000000000000044
2014-08-01,TVP con sorpresa en transición,0.8063467893952811,80.63467893952811,0.013144079981478974,0.7805848660216684,0.8321087127688939,TRUE,TRUE,FALSE,0.6499999999999995,0.6499999999999996,0.17425539425678385,-1.4699999999999998,-0.5241867979306376,-0.0021824211037311334,0.7667109636632148,0.04262142171436849,0.8071499642738521,-0.3306021836520654,-0.19365321060471885,-0.3500000000000004
2014-09-01,TVP con sorpresa en transición,0.8071499643136253,80.71499643136252,0.012497985899466189,0.7826543620713822,0.8316455665558684,TRUE,TRUE,FALSE,0.4299999999999997,0.4299999999999997,0.18785501070591226,-1.1499999999999995,-0.3573940910015321,-0.0014879894145173784,0.7674746586685556,0.04262142171436849,0.8086080909684067,-0.0484289978588172,-0.06942601284709479,0.07000000000000027
2014-10-01,TVP con sorpresa en transición,0.8086080910229245,80.86080910229245,0.01188365048703675,0.7853165640634706,0.8318996179823784,TRUE,TRUE,FALSE,0.7199999999999998,0.7199999999999998,0.2752655499373914,-1.3899999999999997,-0.48248862119836117,-0.0020088131814276944,0.7688611114319731,0.04262142171436849,0.8094737199649139,-0.1051190518329801,-0.13014649810441126,0.040000000000000036
2014-11-01,TVP con sorpresa en transición,0.8094737199808378,80.94737199808378,0.01129951265736305,0.7873270821295518,0.8316203578321238,TRUE,TRUE,FALSE,0.52,0.5199999999999999,0.22858946080689843,-1.0799999999999996,-0.3209081863607904,-0.00133608248250187,0.7696841905602403,0.04262142171436849,0.8109695297921069,-0.13761053239674237,-0.1009789284101559,-0.009999999999999842
2014-12-01,TVP con sorpresa en transición,0.81096952983826,81.096952983826,0.010744088053328002,0.7899115042070101,0.8320275554695099,TRUE,TRUE,FALSE,0.8300000000000001,0.8300000000000001,0.32719889150027875,-1.3100000000000005,-0.44079044446608523,-0.0018352052591242576,0.7711064741636774,0.04262142171436849,0.8118926906189216,-0.1297551247741217,-0.14744376672615725,0.04999999999999977
2015-01-01,TVP con sorpresa en transición,0.8118926905494747,81.18926905494746,0.010215965284296745,0.7918697665249416,0.8319156145740078,TRUE,TRUE,FALSE,0.94,0.9399999999999998,0.08751267492305158,-2.1399999999999997,-0.8734090280634518,-0.003636387453022431,0.7719842570826646,0.04262142171436849,0.8109692913440106,-0.17049746501538965,-0.2370152099076619,-0.31999999999999995
2015-02-01,TVP con sorpresa en transición,0.8109692915906255,81.09692915906254,0.00971380233558222,0.7919305888599433,0.8300079943213077,TRUE,TRUE,FALSE,1.7500000000000004,1.7500000000000004,0.38757159012774933,-2.4100000000000006,-1.0141403745348847,-0.004222314190796537,0.7711062476270608,0.04262142171436849,0.8095053551506327,0.0892066220749687,-0.29677821220271805,0.18
2015-03-01,TVP con sorpresa en transición,0.8095053551431629,80.95053551431629,0.009236323167544783,0.7914024943852023,0.8276082159011235,TRUE,TRUE,FALSE,1.6700000000000004,1.6700000000000006,0.40717164597666633,-2.1199999999999997,-0.8629844838803826,-0.003592985472446571,0.7697142707020737,0.04262142171436849,0.8087427069439955,-0.056665374860021635,-0.31050627111664453,0.04000000000000015
2015-04-01,TVP con sorpresa en transición,0.8087427066651912,80.87427066651912,0.008782314448140446,0.7915296866459302,0.8259557266844523,TRUE,TRUE,FALSE,1.3899999999999997,1.3899999999999997,0.12027395053564952,-2.03,-0.8160740350565718,-0.0033976765598552026,0.7689891100675029,0.04262142171436849,0.8082128552220161,-0.0889616977331713,-0.32131225280247877,-0.2900000000000006
2015-05-01,TVP con sorpresa en transición,0.8082128549398008,80.82128549398007,0.008350622496669352,0.7918459355978389,0.8245797742817627,TRUE,TRUE,FALSE,0.9899999999999998,0.9899999999999997,-0.15766225401451728,-1.9299999999999997,-0.7639513141412264,-0.0031806666569759046,0.7684853031046484,0.04262142171436849,0.8079260581620409,0.14547831388916427,-0.237816059874647,-0.25
2015-06-01,TVP con sorpresa en transición,0.8079260581789964,80.79260581789964,0.007940150336894759,0.7923636494868491,0.8234884668711437,TRUE,TRUE,FALSE,1.12,1.12,-0.051492784359544894,-1.6400000000000006,-0.6127954234867252,-0.002551337938625942,0.768212603785021,0.04262142171436849,0.8082826875607635,0.3474082050169686,-0.19591542065742365,0.10000000000000007
2015-07-01,TVP con sorpresa en transición,0.808282687434252,80.8282687434252,0.007549854917196326,0.7934852437080446,0.8230801311604594,TRUE,TRUE,FALSE,1.17,1.17,-0.1313351267691458,-1.85,-0.7222531374089503,-0.003007058734672467,0.768551702995886,0.04262142171436849,0.808166065975582,0.2667332868533032,-0.24539816008415738,-0.10999999999999996
2015-08-01,TVP con sorpresa en transición,0.8081660657106902,80.81660657106902,0.00717874445817976,0.7940959851184414,0.822236146302939,TRUE,TRUE,FALSE,0.9900000000000002,0.9900000000000002,-0.36771899039395955,-1.9200000000000004,-0.7587390420496922,-0.0031589656666879762,0.7684408137913501,0.04262142171436849,0.8079032698390306,0.35559306891270365,-0.23787407851874423,-0.2500000000000001
2015-09-01,TVP con sorpresa en transición,0.807903269947995,80.7903269947995,0.006825875927412039,0.7945247989673284,0.8212817409286616,TRUE,TRUE,FALSE,1.44,1.44,-0.20812267069390988,-2.13,-0.8681967559719174,-0.0036146864627345015,0.7681909357052555,0.04262142171436849,0.8071976709568894,0.5574532562641165,-0.2593305855702068,0.0899999999999998
2015-10-01,TVP con sorpresa en transición,0.8071976707855422,80.71976707855421,0.006490352653853514,0.7944768133370254,0.819918528234059,TRUE,TRUE,FALSE,1.4,1.4,-0.3112590620653494,-2.3600000000000003,-0.988079014077212,-0.004113809239356888,0.7675200201377614,0.04262142171436849,0.806027632612773,0.48431860247132535,-0.2930595404059759,-0.12
2015-11-01,TVP con sorpresa en transición,0.8060276326017092,80.60276326017092,0.00617132203913642,0.7939320636680035,0.8181232015354148,TRUE,TRUE,FALSE,1.1400000000000001,1.1400000000000001,-0.2866689097050252,-1.85,-0.7222531374089503,-0.003007058734672467,0.7664074949621826,0.04262142171436849,0.8060218579418786,0.5803398954732307,-0.20367098576820533,0.09000000000000025
2015-12-01,TVP con sorpresa en transición,0.8060218581434827,80.60218581434827,0.005867973389614576,0.7945208416375987,0.8175228746493667,TRUE,TRUE,FALSE,1.1400000000000001,1.1400000000000001,-0.06097256863378922,-1.6500000000000004,-0.6180076955782596,-0.0025730389289138713,0.7664020043463711,0.04262142171436849,0.8064503871318256,0.507793770630394,-0.16682120199660494,0.2799999999999998
2016-01-01,TVP con sorpresa en transición,0.8064503871968084,80.64503871968084,0.005579535866797349,0.7955146978474361,0.8173860765461807,TRUE,TRUE,FALSE,0.73,0.73,-0.01999886009303199,-1.1300000000000003,-0.3469695468184634,-0.0014445874339415205,0.7668094691341697,0.04262142171436849,0.8079863034145967,0.282257635518883,-0.11225877542585115,0.14999999999999986
2016-02-01,TVP con sorpresa en transición,0.8079863034846582,80.79863034846582,0.005305276521834779,0.7975881525738361,0.8183844543954802,TRUE,TRUE,FALSE,-0.29000000000000004,-0.29000000000000004,0.01703479532416998,0.6299999999999999,0.5703903412916157,0.002374786856734127,0.7682698877439423,0.04262142171436849,0.8132660963150449,0.16159726069693178,0.11136794397889828,0.29000000000000004
2016-03-01,TVP con sorpresa en transición,0.8132660964117331,81.3266096411733,0.0050444984331669855,0.8033790611626571,0.8231531316608091,TRUE,TRUE,FALSE,-0.27999999999999936,-0.27999999999999936,-0.06041815396883176,0.47999999999999954,0.4922062599185975,0.002049272002415179,0.7732901534364438,0.04262142171436849,0.8179608471532275,-0.07319394867705586,0.033612102645887994,-0.09999999999999963
2016-04-01,TVP con sorpresa en transición,0.817960847211284,81.79608472112841,0.00479653893502648,0.808559803648188,0.82736189077438,TRUE,TRUE,FALSE,-0.0699999999999994,-0.06999999999999937,0.1426698202749343,0.43999999999999995,0.47135717155245954,0.0019624680412634607,0.7777541346378595,0.04262142171436849,0.8223380243934914,0.008179608472112666,0.04915057125295323,0.2000000000000002
2016-05-01,TVP con sorpresa en transición,0.8223380244834614,82.23380244834614,0.0045607679369496345,0.8133990835851951,0.8312769653817277,TRUE,TRUE,FALSE,0.07000000000000028,0.07000000000000033,0.14401042220351173,0.46999999999999975,0.4869939878270631,0.00202757101212725,0.7819161525792871,0.04262142171436849,0.8265651453057828,-0.15624422465185797,-0.017766197551653956,-0.030000000000000193
2016-06-01,TVP con sorpresa en transición,0.8265651453910816,82.65651453910816,0.004336586320313069,0.8180655923874189,0.8350646983947443,TRUE,TRUE,FALSE,0.02999999999999936,0.029999999999999416,0.32756345234078904,0.9000000000000004,0.7111216877630486,0.0029607135945082332,0.7859354901487131,0.04262142171436849,0.8315176254575898,-0.13225042326257316,0.03468697092178371,0.2299999999999996
2016-07-01,TVP con sorpresa en transición,0.831517625582631,83.1517625582631,0.004123424416812582,0.8234358622327053,0.8395993889325567,TRUE,TRUE,FALSE,-0.019999999999999574,-0.019999999999999574,0.33755257900053154,1.1799999999999997,0.8570653063260154,0.0035683413225702666,0.7906445321020313,0.04262142171436849,0.83683429513897,-0.3242918739772258,0.006739294976694767,0.020000000000000517
2016-08-01,TVP con sorpresa en transición,0.8368342952706779,83.68342952706779,0.003920740559780915,0.8291497849807818,0.8445188055605739,TRUE,TRUE,FALSE,-0.16999999999999993,-0.16999999999999993,0.3488372630678205,1.46,1.0030089248889826,0.004175969050632302,0.7956998618852111,0.04262142171436849,0.8424972526502119,-0.34310206106097807,0.03426479799315764,0.040000000000000036
2016-09-01,TVP con sorpresa en transición,0.8424972528092299,84.24972528092299,0.0037280197088731567,0.835190468446183,0.8498040371722768,TRUE,TRUE,FALSE,-0.3200000000000003,-0.3200000000000003,0.30344796707883004,1.7000000000000002,1.1281034550858118,0.004696792817542618,0.8010844578043235,0.04262142171436849,0.8484026723362346,-0.37912376376415363,0.045675796685323324,-0.03000000000000025
2016-10-01,TVP con sorpresa en transición,0.848402672467951,84.8402672467951,0.0035447721408869135,0.8414550467384116,0.8553502981974903,TRUE,TRUE,FALSE,-0.1299999999999999,-0.12999999999999984,0.34510549658205236,1.4999999999999996,1.0238580132551205,0.00426277301178402,0.8066995976634023,0.04262142171436849,0.8535837923895547,-0.35632912243653936,0.021223625854486814,0.009999999999999842
2016-11-01,TVP con sorpresa en transición,0.853583792496869,85.3583792496869,0.0033705322039662435,0.8469776707683627,0.8601899142253753,TRUE,TRUE,FALSE,-0.16000000000000014,-0.16000000000000003,0.4887236822976202,1.8199999999999998,1.190650720184226,0.004957204700997775,0.8116260407056145,0.04262142171436849,0.8592046671209808,-0.3670410307736534,0.048317348476033244,0.17000000000000004
2016-12-01,TVP con sorpresa en transición,0.8592046672647861,85.92046672647861,0.0032048571373236036,0.8529232627000357,0.8654860718295364,TRUE,TRUE,FALSE,-0.009999999999999787,-0.009999999999999676,0.565667127067407,1.65,1.1020420946281388,0.004588287866102968,0.8169706224248173,0.04262142171436849,0.8641803320052888,-0.5155228003588713,0.009855673291465016,0.06000000000000061
2017-01-01,TVP con sorpresa en transición,0.8641803322622181,86.41803322622181,0.003047325943491319,0.8582076831638206,0.8701529813606157,TRUE,TRUE,FALSE,0.16999999999999993,0.16999999999999996,0.3687614764203105,1.0600000000000005,0.7945180412276013,0.0033079294391151104,0.8217017095392182,0.04262142171436849,0.8676310606927017,-0.5703590192930641,-0.05840245712724616,-0.25999999999999973
2017-02-01,TVP con sorpresa en transición,0.8676310609233222,86.76310609233222,0.0028975383190259045,0.8619519901742067,0.8733101316724378,TRUE,TRUE,FALSE,0.6299999999999999,0.6299999999999999,0.4825027196430352,0.20999999999999996,0.35147491344716514,0.0014633452646410753,0.8249828182779031,0.04262142171436849,0.8690675852569126,-0.3470524243693292,-0.07545029527370638,0.05999999999999961
2017-03-01,TVP con sorpresa en transición,0.869067585469312,86.9067585469312,0.0027551136383113153,0.8636676619649066,0.8744675089737173,TRUE,TRUE,FALSE,0.3200000000000003,0.3200000000000003,0.28523729658122776,0.020000000000000018,0.25244174370800887,0.0010510264491704088,0.8263487307283113,0.04262142171436849,0.8700211788918502,-0.39977108931588345,-0.06546620726534402,-0.17999999999999972
2017-04-01,TVP con sorpresa en transición,0.8700211791246565,87.00211791246565,0.0026196899853922085,0.8648866811026275,0.8751556771466855,TRUE,TRUE,FALSE,0.5099999999999998,0.5099999999999998,0.5099999999999998,0.009999999999999787,0.24722947161647424,0.0010293254588824787,0.8272554506657473,0.04262142171436849,0.8709061978389983,-0.24360593015490403,-0.036394069845096216,0.22999999999999954
2017-05-01,TVP con sorpresa en transición,0.8709061980838401,87.090619808384,0.0024909232348097237,0.866024078255359,0.8757883179123211,TRUE,TRUE,FALSE,0.08000000000000007,0.08000000000000003,0.1583815578275455,-0.08999999999999986,0.195106750701129,8.123155560031812e-4,0.8280969666833963,0.04262142171436849,0.8715307039537679,-0.44416216102275824,-0.054219396804787164,-0.33999999999999986
2017-06-01,TVP con sorpresa en transición,0.8715307041878645,87.15307041878646,0.0023684861770052394,0.8668885565830533,0.8761728517926757,TRUE,TRUE,FALSE,0.3299999999999996,0.3299999999999996,0.26899285070684925,-0.2200000000000002,0.1273472135111798,5.302026822600928e-4,0.8286907753065932,0.04262142171436849,0.8718423997032217,-0.1481602197119369,-0.030832630994912492,0.08999999999999986
2017-07-01,TVP con sorpresa en transición,0.8718423999515319,87.18423999515319,0.002252067686813184,0.8674284283946316,0.8762563715084322,TRUE,TRUE,FALSE,0.1200000000000001,0.1200000000000001,0.43386326398255187,0.03000000000000025,0.25765401579954356,0.0010727274394583392,0.8289871497232514,0.04262142171436849,0.8726812988770781,-0.22667902398739811,0.012815760004846879,0.22000000000000064
2017-08-01,TVP con sorpresa en transición,0.872681299188318,87.2681299188318,0.0021413719326305865,0.8684842873228572,0.8768783110537789,TRUE,TRUE,FALSE,-0.71,-0.7100000000000001,0.3546711850097478,0.9399999999999995,0.7319707761291863,0.0030475175556599504,0.8297848130248378,0.04262142171436849,0.8754537522948661,-0.41888702361039304,0.09421583860064456,0.02999999999999936
2017-09-01,TVP con sorpresa en transición,0.8754537523612957,87.54537523612957,0.002036117627352988,0.8714630351433967,0.8794444695791948,TRUE,TRUE,FALSE,0.03000000000000025,0.030000000000000138,0.6603267017001329,0.3199999999999994,0.4088099064540448,0.001702056157808302,0.8324209867802501,0.04262142171436849,0.8767444646524268,-0.44648141370426064,0.02615471200412789,0.2400000000000001
2017-10-01,TVP con sorpresa en transición,0.8767444649200478,87.67444649200478,0.00193603730674199,0.8729499015261075,0.880539028313988,TRUE,TRUE,FALSE,0.16999999999999993,0.16999999999999987,0.48562800737121736,-0.0699999999999994,0.20553129488419833,8.557175365790418e-4,0.833648254604402,0.04262142171436849,0.8771253938553495,-0.6575583486900358,-0.048069658681181335,-0.21999999999999975
2017-11-01,TVP con sorpresa en transición,0.877125394078707,87.71253940787071,0.0018408766564344966,0.873517342132115,0.8807334460252991,TRUE,TRUE,FALSE,0.4299999999999997,0.4299999999999997,0.6054250788157413,-0.21999999999999975,0.12734721351118006,5.302026822600939e-4,0.8340104592614604,0.04262142171436849,0.877162083658089,-0.46487645886171497,-0.040548619954026685,0.09999999999999964
2017-12-01,TVP con sorpresa en transición,0.8771620839219884,87.71620839219884,0.0017503938633603572,0.8737313749910421,0.8805927928529346,TRUE,TRUE,FALSE,-0.13000000000000078,-0.13000000000000078,0.47524183790617147,0.020000000000000462,0.25244174370800915,0.00105102644917041,0.8340453456223523,0.04262142171436849,0.8777177937858912,-0.5526121128708525,0.007370274964680759,-0.07000000000000028
2018-01-01,TVP con sorpresa en transición,0.8777177940040806,87.77177940040805,0.001664359001264125,0.8744557103042578,0.8809798777039033,TRUE,TRUE,FALSE,-0.9699999999999998,-0.9699999999999998,0.5045658939268554,1,0.7632444086783938,0.0031777234973875304,0.8345737398792177,0.04262142171436849,0.8803728850909737,-0.49152196464228476,0.13695607071542978,0.15000000000000036
2018-02-01,TVP con sorpresa en transición,0.8803728853818567,88.03728853818566,0.0015825534500988135,0.8772711376160534,0.88347463314766,TRUE,TRUE,FALSE,-0.15000000000000036,-0.15000000000000036,0.4750647486211178,0.29000000000000004,0.3931730901794415,0.001636953186944514,0.8370983207365374,0.04262142171436849,0.8813566956378505,-0.6250647486211182,0,-0.15000000000000036
2018-03-01,TVP con sorpresa en transición,0.8813566958838351,88.13566958838351,0.0015047693300919243,0.8784074021918145,0.8843059895758558,TRUE,TRUE,FALSE,0.46999999999999975,0.46999999999999975,0.6022035043825753,-0.25,0.11171039723657629,4.650997113963038e-4,0.8380337722171586,0.04262142171436849,0.8811202936429233,-0.4935597496949473,-0.0486437546876275,0.0600000000000005
2018-04-01,TVP con sorpresa en transición,0.8811202939263851,88.11202939263852,0.0014308089839945408,0.8783159598489995,0.8839246280037708,TRUE,TRUE,FALSE,0.3200000000000003,0.3200000000000003,0.4433568411496939,-0.08000000000000007,0.20031902279266345,8.340165462911106e-4,0.8378089905537451,0.04262142171436849,0.8812644288144047,-0.5462945822343589,-0.05706225891533519,-0.1600000000000002
2018-05-01,TVP con sorpresa en transición,0.88126442909685,88.126442909685,0.0013604844710329788,0.8785979285320993,0.8839309296616007,TRUE,TRUE,FALSE,0.5600000000000005,0.5600000000000005,0.48949884567225244,-0.45999999999999996,0.002252683314350964,9.378915349777816e-6,0.8379460407868436,0.04262142171436849,0.8805768414165619,-0.40538163738455096,-0.06411720828770101,0.020000000000000462
2018-06-01,TVP con sorpresa en transición,0.8805768417081254,88.05768417081255,0.0012936170893657539,0.878041398803183,0.8831122846130679,TRUE,TRUE,FALSE,0.33999999999999986,0.33999999999999986,0.419251915753731,-0.11000000000000032,0.1846822065180597,7.689135754273206e-4,0.8372922516277065,0.04262142171436849,0.8806825869175022,-0.4226768840199006,-0.046575031733831145,-0.050000000000000766
2018-07-01,TVP con sorpresa en transición,0.880682587222539,88.0682587222539,0.001230036922082513,0.8782717591556027,0.8830934152894753,TRUE,TRUE,FALSE,0.5700000000000003,0.5700000000000003,0.38505665668326716,-0.3799999999999999,0.04395086004662733,1.829868376532165e-4,0.8373927992411222,0.04262142171436849,0.8801972077931438,-0.3786935125056915,-0.076363144177575,-0.06999999999999934
2018-08-01,TVP con sorpresa en transición,0.8801972081306652,88.01972081306651,0.0011695824052701013,0.877904868739384,0.8824895475219463,TRUE,TRUE,FALSE,1.7200000000000002,1.7200000000000004,0.4965258806983756,-1.7200000000000002,-0.6544936002190013,-0.0027249458609293793,0.8369312788677954,0.04262142171436849,0.8768277547212344,-0.31687099492703974,-0.20965488577133604,-0.030000000000000193
2018-09-01,TVP con sorpresa en transición,0.8768277549086477,87.68277549086477,0.001112099919683594,0.874648079118858,0.8790074306984375,TRUE,TRUE,FALSE,0.9600000000000004,0.9600000000000003,0.39883023685846564,-1.1200000000000006,-0.341757274726929,-0.0014228864436535912,0.8337274504891786,0.04262142171436849,0.8749259857598934,-0.2893531591198538,-0.11947707773861173,-0.009999999999999898
2018-10-01,TVP con sorpresa en transición,0.8749259859377794,87.49259859377794,0.0010574433947267642,0.8728534349684252,0.8769985369071336,TRUE,TRUE,FALSE,-0.22999999999999954,-0.22999999999999954,0.251209292265779,-0.04999999999999982,0.2159558390672672,8.991195171549006e-4,0.8319191626166458,0.04262142171436849,0.8754397038481692,-0.27997631550008967,0.028767023234310688,0
2018-11-01,TVP con sorpresa en transición,0.8754397039355001,87.54397039355001,0.0010054739428578053,0.8734690112201053,0.8774103966508948,TRUE,TRUE,FALSE,0.1299999999999999,0.1299999999999999,0.4276494993380698,-0.16000000000000014,0.1586208460603871,6.604086239876719e-4,0.8324076289021989,0.04262142171436849,0.875689459240555,-0.2801407052593603,0.002491205921289945,0.1499999999999994
2018-12-01,TVP con sorpresa en transición,0.8756894593557826,87.56894593557826,9.560595040283133e-4,0.8738156171608098,0.8775633015507553,TRUE,TRUE,FALSE,1.23,1.23,0.48566395954758473,-1.3400000000000003,-0.4564272607406888,-0.0019003082299880467,0.832645107641475,0.04262142171436849,0.8733662211258554,-0.4115740458972176,-0.164089913650367,-0.0899999999999998
2019-01-01,TVP con sorpresa en transición,0.8733662211206975,87.33662211206975,9.090745110794079e-4,0.8715844678197185,0.8751479744216765,TRUE,TRUE,FALSE,1.7600000000000002,1.7600000000000005,0.2840110863060216,-2.22,-0.9151072047957284,-0.0038099953753258703,0.8304360677476383,0.04262142171436849,0.8692474940866809,-0.331879164025865,-0.26213192228015614,-0.30999999999999944
2019-02-01,TVP con sorpresa en transición,0.8692474942266999,86.92474942266999,8.64399572324572e-4,0.8675533021966919,0.8709416862567079,TRUE,TRUE,FALSE,0.15000000000000036,0.1500000000000003,0.23692474942267,-0.7800000000000002,-0.16454002361475448,-6.850527738639768e-4,0.8265197961043534,0.04262142171436849,0.8684561650448579,-0.06084732459586924,0.00392257517319892,0.1799999999999997
2019-03-01,TVP con sorpresa en transición,0.8684561651865121,86.84561651865121,8.219211619368423e-4,0.8668452293109846,0.8700671010620397,TRUE,TRUE,FALSE,-0.11000000000000032,-0.11000000000000032,0.28948983598579525,-0.20999999999999996,0.13255948560271447,5.519036725480231e-4,0.8257673646952423,0.04262142171436849,0.8689406900821587,-0.21711404129662804,0.027624205310832445,0.09999999999999967
2019-04-01,TVP con sorpresa en transición,0.8689406902479175,86.89406902479175,7.815313379391973e-4,0.8674089169727673,0.8704724635230677,TRUE,TRUE,FALSE,0.1299999999999999,0.12999999999999987,0.2777199173421458,-0.3799999999999999,0.04395086004662733,1.829868376532165e-4,0.8262280730178087,0.04262142171436849,0.8690324815698303,-0.30412924158677085,-0.023590675755374806,-0.04999999999999988
2019-05-01,TVP con sorpresa en transición,0.8690324817417561,86.9032481741756,7.431274653940504e-4,0.8675759786736612,0.8704889848098509,TRUE,TRUE,FALSE,-0.3600000000000003,-0.3600000000000003,0.29177436130631673,0.33000000000000007,0.41402217854557966,0.0017237571480962332,0.8263153525179228,0.04262142171436849,0.8706605313803875,-0.26070974452252665,0.058935383216209794,0.08999999999999986
2019-06-01,TVP con sorpresa en transición,0.8706605315681692,87.06605315681692,7.066119563922995e-4,0.869275597582595,0.8720454655537435,TRUE,TRUE,FALSE,-0.17999999999999972,-0.17999999999999972,0.2901566870468117,0.23000000000000043,0.36189945763023446,0.0015067472452169359,0.8278633758593898,0.04262142171436849,0.8719915448189752,-0.33955760731158574,0.01940092026477466,-0.029999999999999416
2019-07-01,TVP con sorpresa en transición,0.8719915449535794,87.19915449535794,6.7189202086972e-4,0.870674660791175,0.8733084291159839,TRUE,TRUE,FALSE,-0.20000000000000018,-0.20000000000000012,0.49759323596286326,0.4500000000000002,0.47656944364399423,0.0019841690315513913,0.8291289635305974,0.04262142171436849,0.8737345542765173,-0.31391695618328885,0.05632372022042498,0.23999999999999938
2019-08-01,TVP con sorpresa en transición,0.8737345545201597,87.37345545201597,6.388794321568004e-4,0.8724823738426689,0.8749867351976505,TRUE,TRUE,FALSE,0.16000000000000014,0.16000000000000014,0.48328178517245934,0.11000000000000032,0.29935219253181994,0.001246335361761778,0.8307862957876889,0.04262142171436849,0.8746540528638191,-0.5242407327120955,-0.029041052460363214,-0.0699999999999994
2019-09-01,TVP con sorpresa en transición,0.8746540531223002,87.46540531223002,6.074903017149136e-4,0.8734633940099815,0.8758447122346188,TRUE,TRUE,FALSE,1.33,1.33,0.4640924874089226,-1.0600000000000005,-0.31048364217772173,-0.001292680501926012,0.8316605966078892,0.04262142171436849,0.8729893378203316,-0.4635666481548193,-0.19052583925410382,-0.1900000000000005
2019-10-01,TVP con sorpresa en transición,0.8729893381193486,87.29893381193486,5.776448664604858e-4,0.8718571749852316,0.8741215012534657,TRUE,TRUE,FALSE,2.42,2.42,0.4994234561374325,-2.3200000000000003,-0.9672299257110738,-0.004027005278205168,0.830077710359784,0.04262142171436849,0.8686721267959472,-0.2968163749605784,-0.32260708117685444,-0.12000000000000027
2019-11-01,TVP con sorpresa en transición,0.868672127047889,86.8672127047889,5.492672870895896e-4,0.8675955829473073,0.8697486711484707,TRUE,TRUE,FALSE,2.08,2.08,0.490330007502363,-2.13,-0.8681967559719174,-0.0036146864627345015,0.8259727109916849,0.04262142171436849,0.8649794462433188,-0.19110786795053536,-0.26922213955182756,0.030000000000000082
2019-12-01,TVP con sorpresa en transición,0.8649794462609819,86.49794462609819,5.222854521855453e-4,0.863955785585049,0.8660031069369147,TRUE,TRUE,FALSE,1.1799999999999997,1.1799999999999997,0.24582219803813923,-1.5200000000000005,-0.5502481583883106,-0.0022909260551707837,0.8224615432387216,0.04262142171436849,0.8627920388979192,-0.21624486156524547,-0.1795773364728941,-0.15000000000000033
2020-01-01,TVP con sorpresa en transición,0.8627920390312372,86.27920390312373,4.966307977346768e-4,0.8618186605540639,0.8637654175084106,TRUE,TRUE,FALSE,0.7000000000000002,0.7000000000000002,0.1909526969715703,-0.8300000000000001,-0.19060138407242708,-7.935577253036255e-4,0.8203816576025437,0.04262142171436849,0.8622095215916085,-0.08627920390312342,-0.09467349306844623,0.010000000000000647
2020-02-01,TVP con sorpresa en transición,0.8622095217389222,86.22095217389221,4.722381322691014e-4,0.8612839520075483,0.8631350914702961,TRUE,TRUE,FALSE,2.07,2.07,0.1558948617395927,-2.25,-0.9307440210703318,-0.0038750983461896594,0.819827773838864,0.04262142171436849,0.8585740972070427,-0.09484304739128172,-0.3210518143483113,-0.26000000000000034
2020-03-01,TVP con sorpresa en transición,0.8585740976875239,85.85740976875239,4.490454724619717e-4,0.8576939847340777,0.8594542106409702,TRUE,TRUE,FALSE,2.7500000000000004,2.75,0.38033549038243436,-2.99,-1.316452155843888,-0.0054809716274964665,0.8163710483772764,0.04262142171436849,0.8535114984641483,0.1287861146531285,-0.36912160503556263,0.14000000000000024
2020-04-01,TVP con sorpresa en transición,0.8535114984887019,85.3511498488702,4.269938832870492e-4,0.8526746058558404,0.8543483911215634,TRUE,TRUE,FALSE,2.2,2.1999999999999997,0.2966693583701946,-2.57,-1.097536727999437,-0.0045695300354034124,0.8115573002959076,0.04262142171436849,0.8496091919748726,0.008535114984886837,-0.32520447335508185,-0.020000000000000406
2020-05-01,TVP con sorpresa en transición,0.8496091920814886,84.96091920814885,4.0602732821838725e-4,0.8488133931414414,0.8504049910215357,TRUE,TRUE,FALSE,2.08,2.08,0.2788285127872443,-2.4400000000000004,-1.0297771908094884,-0.004287417161660327,0.8078468110308267,0.04262142171436849,0.8461808155835348,0.02548827576244449,-0.314316788549689,-0.010000000000000175
2020-06-01,TVP con sorpresa en transición,0.846180815513987,84.6180815513987,3.860925290335066e-4,0.8454240880623813,0.8469375429655928,TRUE,TRUE,FALSE,1.9700000000000002,1.9700000000000004,0.10840220586922866,-2.62,-1.12359808845711,-0.004678034986843063,0.8045869556727607,0.04262142171436849,0.8425303424002861,0.03384723262055951,-0.332249438489788,-0.18999999999999984
2020-07-01,TVP con sorpresa en transición,0.8425303425972057,84.25303425972058,3.671388295317679e-4,0.8418107637139972,0.8432499214804142,TRUE,TRUE,FALSE,1.5099999999999998,1.5099999999999998,0.1535261484184986,-2.0100000000000002,-0.805649490873503,-0.0033542745792793445,0.80111592106995555,0.04262142171436849,0.8403830682050446,0.1937819787973573,-0.2173081272158561,0.1299999999999998
2020-08-01,TVP con sorpresa en transición,0.8403830683246079,84.03830683246079,3.491180657827971e-4,0.8396988094893213,0.8410673271598944,TRUE,TRUE,FALSE,1.04,1.04,0.09877096347643918,-1.6900000000000004,-0.6388567839443978,-0.0026598428900655906,0.7990741956629165,0.04262142171436849,0.8390357744872193,0.08403830683246086,-0.1628092703089,0.020000000000000046
2020-09-01,TVP con sorpresa en transición,0.8390357745625425,83.90357745625425,3.319844450743581e-4,0.8383850970067692,0.8396864521183158,TRUE,TRUE,FALSE,-0.20000000000000018,-0.20000000000000012,-0.04058320283311674,-0.40999999999999925,0.028314043772024036,1.1788386678942842e-4,0.7977931278739255,0.04262142171436849,0.8405324334550834,0.06712286196500346,0.043460340868113595,0.07000000000000031
2020-10-01,TVP con sorpresa en transición,0.8405324335148447,84.05324335148447,3.156944286206405e-4,0.8399136838046284,0.8411511832250611,TRUE,TRUE,FALSE,-0.8199999999999994,-0.8199999999999995,-0.0046835394906002544,0.6399999999999997,0.5756026133831502,0.0023964878470220568,0.7992162188351426,0.04262142171436849,0.8442341283965331,0.008405324335148269,0.15627821515545207,0.1600000000000001
2020-11-01,TVP con sorpresa en transición,0.8442341284393595,84.42341284393595,3.002066214694591e-4,0.843645734273359,0.8448225226053601,TRUE,TRUE,FALSE,-1.0700000000000003,-1.0700000000000003,0.06127373210874125,1.1600000000000001,0.8466407621429465,0.0035249393419944076,0.8027359576374641,0.04262142171436849,0.8488823186938269,-0.12663511926590423,0.1853613871571621,0.11999999999999912
2020-12-01,TVP con sorpresa en transición,0.8488823188009014,84.88823188009013,2.854816670229624e-4,0.8483227850152899,0.8494418525865128,TRUE,TRUE,FALSE,-1.2000000000000002,-1.2000000000000002,0.03936818544931583,1.4100000000000001,0.97694756443131,0.004067464099192653,0.8071556670704991,0.04262142171436849,0.8538445528840602,-0.22919822607624302,0.17983004062692742,-0.009999999999999766
2021-01-01,TVP con sorpresa en transición,0.8538445530061632,85.38445530061632,2.7148214722010045e-4,0.8533124577751663,0.8543766482371602,TRUE,TRUE,FALSE,-0.7000000000000002,-0.7000000000000002,1.5253346505398021e-4,0.9300000000000002,0.7267585040376521,0.003025816565372022,0.8118739835808088,0.04262142171436849,0.8575212218605492,-0.22199958378160226,0.08184705031654865,-0.13999999999999962
2021-02-01,TVP con sorpresa en transición,0.8575212218701022,85.75212218701022,2.581724868946816e-4,0.8570152130939894,0.8580272306462149,TRUE,TRUE,FALSE,-0.8500000000000005,-0.8500000000000008,0.21332631511892625,1.17,0.851853034234481,0.0035466403322823373,0.8153699264738848,0.04262142171436849,0.8615379885205356,-0.10290254662441235,0.1595762315054856,0.2699999999999995
2021-03-01,TVP con sorpresa en transición,0.8615379887819131,86.15379887819131,2.4551886417840046e-4,0.8610567806505983,0.8620191969132279,TRUE,TRUE,FALSE,-1.6600000000000001,-1.6600000000000001,0.06307597756382621,2.08,1.3261697945641242,0.00552143044848395,0.8191892499588518,0.04262142171436849,0.8673321021217042,-0.33599981562494585,0.22292383806111993,-0.04999999999999971
2021-04-01,TVP con sorpresa en transición,0.8673321021301541,86.73321021301541,2.334891243761198e-4,0.8668744718555951,0.8677897324047131,TRUE,TRUE,FALSE,-1.4500000000000002,-1.45,0.14589106791948334,1.98,1.2740470736487788,0.005304420545604652,0.8246985547483398,0.04262142171436849,0.8726243970083128,-0.2948929147242523,0.19900184680476884,0.049999999999999906
2021-05-01,TVP con sorpresa en transición,0.8726243969849441,87.2624396984944,2.2205269752731519e-4,0.8721891816951206,0.8730596122747676,TRUE,TRUE,FALSE,-0.79,-0.7899999999999999,0.2571492763819331,1.6500000000000004,1.102042094628139,0.004588287866102969,0.829730707838636,0.04262142171436849,0.8769404174191074,-0.3403235148241279,0.10317423844219535,0.020000000000000517
2021-06-01,TVP con sorpresa en transición,0.8769404175841234,87.69404175841234,2.111805211295605e-4,0.8765265113684731,0.8773543237997737,TRUE,TRUE,FALSE,-0.9399999999999995,-0.9399999999999995,0.08602028857342488,1.3900000000000001,0.9665230202482409,0.004024062118616794,0.8338345752518972,0.04262142171436849,0.8804800590848825,-0.3595455712094907,0.09352528263606616,-0.17999999999999966
2021-07-01,TVP con sorpresa en transición,0.880480059114214,88.0480059114214,2.0084496677692416e-4,0.880086410212855,0.880873708015573,TRUE,TRUE,FALSE,0.20999999999999996,0.20999999999999996,0.13075679467972082,0.41000000000000014,0.45572035527785604,0.0018973650703996718,0.8372002263641108,0.04262142171436849,0.881719013148879,-0.2025104135962696,-0.038246381083451554,-0.11000000000000032
2021-08-01,TVP con sorpresa en transición,0.8817190131791774,88.17190131791774,1.9101976904855618e-4,0.8813446213115071,0.8820934050468477,TRUE,TRUE,FALSE,0.31999999999999984,0.31999999999999984,0.1612905776277478,0.3299999999999996,0.41402217854557943,0.0017237571480962321,0.838378279873563,0.04262142171436849,0.8827234587360276,-0.10580628158150139,-0.0354842960462468,0.0199999999999996
2021-09-01,TVP con sorpresa en transición,0.8827234587734538,88.27234587734539,1.8167995927829205e-4,0.8823673725965556,0.883079544950352,TRUE,TRUE,FALSE,0.5800000000000001,0.5800000000000001,0.2445650856660877,0.010000000000000231,0.24722947161647446,0.0010293254588824795,0.8393333521323766,0.04262142171436849,0.8829840993056275,-0.12358128422828325,-0.060983801437803964,0.0600000000000005
2021-10-01,TVP con sorpresa en transición,0.882984099260183,88.2984099260183,1.7280180195423253e-4,0.882645413951889,0.8833227845684769,TRUE,TRUE,FALSE,0.2200000000000002,0.22000000000000014,-0.0713847527558603,-0.14000000000000012,0.16904539024345616,7.038106045635314e-4,0.8395811808846925,0.04262142171436849,0.8829064132036244,-0.17659681985203673,-0.062018427392103066,-0.3100000000000001
2021-11-01,TVP con sorpresa en transición,0.8829064132661761,88.29064132661762,0.00016436273428560742,0.8825842682265759,0.8832285583057764,TRUE,TRUE,FALSE,1.12,1.1199999999999999,0.20177733020317676,-1.2300000000000004,-0.3990922677338089,-0.001661597336820819,0.8395073135312021,0.04262142171436849,0.8804671379087498,0.09711970545927927,-0.1088970356624562,0.18999999999999984
2021-12-01,TVP con sorpresa en transición,0.8804671377878691,88.04671377878691,1.5634130898286387e-4,0.8801607144529668,0.8807735611227714,TRUE,TRUE,FALSE,1.1299999999999994,1.1299999999999994,0.15268147705546498,-1.6,-0.5919463351205868,-0.002464533977474222,0.8371879401831475,0.04262142171436849,0.8773448279200416,-0.07043737102302959,-0.14224410603243576,-0.060000000000000386
2022-01-01,TVP con sorpresa en transición,0.8773448278569955,87.73448278569956,1.4871713943976587e-4,0.8770533476198098,0.87763630809418125,TRUE,TRUE,FALSE,1.02,1.02,0.20406931009299406,-1.4200000000000004,-0.4981254374729651,-0.0020739161522914853,0.8342191068133877,0.04262142171436849,0.8747666123754647,-0.017546896557139535,-0.11652241353585421,0.07000000000000031
2022-02-01,TVP con sorpresa en transición,0.874766612208965,87.4766612208965,1.4147084797434527e-4,0.874489334442073,0.875043889975857,TRUE,TRUE,FALSE,1.0499999999999998,1.0499999999999998,0.06151372820386951,-1.46,-0.5189745258391031,-0.0021607201134432037,0.8317676228736854,0.04262142171436849,0.8722283244746107,-0.07872899509880672,-0.15278473310506266,-0.16999999999999987
2022-03-01,TVP con sorpresa en transición,0.8722283243099186,87.22283243099186,1.345840166288259e-4,0.8719645444844314,0.8724921041354058,TRUE,TRUE,FALSE,0.8199999999999998,0.8199999999999998,-0.06967289079611715,-1.5799999999999996,-0.5815217909375174,-0.0024211319968983607,0.8293541040419281,0.04262142171436849,0.8695543937593982,0.06977826594479355,-0.12010537514867652,-0.1200000000000001
2022-04-01,TVP con sorpresa en transición,0.8695543936587946,86.95543936587946,1.2803914014894525e-4,0.8693034415554912,0.869805345762098,TRUE,TRUE,FALSE,-0.22999999999999998,-0.22999999999999998,-0.08217575307800497,-0.4299999999999997,0.017889499588954715,7.44818862135678e-5,0.8268116099522209,0.04262142171436849,0.869507513552803,0.1739108787317591,0.04826487434624601,0.14000000000000012
2022-05-01,TVP con sorpresa en transición,0.8695075134438932,86.95075134438932,1.2181958127803189e-4,0.8692687514519765,0.86974627543581,TRUE,TRUE,FALSE,-0.6100000000000003,-0.6100000000000003,-0.07090534166478644,0.08000000000000007,0.28371537625721616,0.0011812323908979877,0.8267670341255214,0.04262142171436849,0.8705696882307878,0.05217045080663364,0.08873489085815264,0.06999999999999985
2022-06-01,TVP con sorpresa en transición,0.8705696881187966,87.05696881187967,1.1590952850103358e-4,0.8703425096174696,0.8707968666201237,TRUE,TRUE,FALSE,-1.6600000000000001,-1.66,-0.07556316762378987,1.2800000000000002,0.909188027241361,0.003785351225449566,0.8277769978027931,0.04262142171436849,0.8741837707426111,-0.008705696881187781,0.23426886450497814,0.1500000000000005
2022-07-01,TVP con sorpresa en transición,0.8741837704697858,87.41837704697858,1.1029395570828445e-4,0.8739675982888852,0.8743999426506864,TRUE,TRUE,FALSE,-3.04,-3.0400000000000005,0.06335238516773907,3.2699999999999996,1.9464301734567342,0.008103848292747597,0.8312134306112665,0.04262142171436849,0.8819387006183825,-0.13986940327516584,0.42651701810742615,0.34999999999999937
2022-08-01,TVP con sorpresa en transición,0.8819387006531028,88.19387006531028,1.0495858411513395e-4,0.8817329856083688,0.8821444156978367,TRUE,TRUE,FALSE,-3.8099999999999996,-3.81,0.035252734847527424,4.06,2.358199668687963,0.009818226525494054,0.8385871686507655,0.04262142171436849,0.891026816890628,-0.4497887373330822,0.4545360024855543,0.039999999999999515
2022-09-01,TVP con sorpresa en transición,0.8910268167370284,89.10268167370285,9.988984506166468e-5,0.8908310362382863,0.8912225972357706,TRUE,TRUE,FALSE,-4.259999999999999,-4.259999999999999,0.07930059750932929,4.6499999999999995,2.665723722088501,0.011098584952481911,0.8472285600870921,0.04262142171436849,0.9009485667539425,-0.49006474920536547,0.4707641516960371,0.0600000000000009
2022-10-01,TVP con sorpresa en transición,0.900948566447836,90.0948566447836,9.507484586298953e-5,0.9007622231741089,0.9011349097215632,TRUE,TRUE,FALSE,-4.359999999999999,-4.359999999999999,0.17177128923261525,4.819999999999999,2.754332347644588,0.011467501787376719,0.8566626080451717,0.04262142171436849,0.9107515315469169,-0.5495786255331803,0.43780733630056456,0.059999999999999554
2022-11-01,TVP con sorpresa en transición,0.9107515311426632,91.07515311426631,9.050133639503746e-5,0.9105741517827761,0.9109289105025502,TRUE,TRUE,FALSE,-4.8999999999999995,-4.8999999999999995,0.2912837275131802,5.4799999999999995,3.098342305685868,0.012899767146380086,0.865983709842531,0.04262142171436849,0.9215048987032796,-0.6102035258655842,0.44891979835240425,0.13000000000000023
2022-12-01,TVP con sorpresa en transición,0.9215048986210478,92.15048986210478,8.615767861923459e-5,0.9213360326739625,0.9216737645681331,TRUE,TRUE,FALSE,-4.46,-4.46,0.30418032587081745,5,2.84815324529221,0.011858119612559457,0.876208497552246,0.04262142171436849,0.9306880388791738,-0.7372039188968381,0.3430235930260212,-0.08999999999999947
2023-01-01,TVP con sorpresa en transición,0.9306880389706625,93.06880389706626,8.203281495700938e-5,0.9305272576077964,0.9308488203335287,TRUE,TRUE,FALSE,-4.62,-4.619999999999999,0.25680532420627206,5.0200000000000005,2.8585777894752793,0.011901521593135317,0.8849402423542411,0.04262142171436849,0.9394631856617448,-0.6607885076691704,0.31398318346289866,-0.08999999999999969
2023-02-01,TVP con sorpresa en transición,0.9394631859452924,93.94631859452925,7.81162413702621e-5,0.9393100809255991,0.9396162909649858,TRUE,TRUE,FALSE,-5.199999999999999,-5.199999999999998,0.145545528028715,5.489999999999999,3.1035545777774023,0.012921468136668016,0.8932840486193475,0.04262142171436849,0.948826938470384,-0.5824671752860814,0.3069216472573673,-0.12999999999999906
2023-03-01,TVP con sorpresa en transición,0.9488269384640485,94.88269384640485,7.439797971716656e-5,0.9486811211032803,0.9489727558248168,TRUE,TRUE,FALSE,-5.49,-5.49,0.127055475707167,6.08,3.4110786311779404,0.014201826563655876,0.902187527633065,0.04262142171436849,0.9590107759110893,-0.464925199847384,0.2778697241402165,-0.060000000000000525
2023-04-01,TVP con sorpresa en transición,0.959010775600522,95.9010775600522,7.086855192670878e-5,0.9588718757911091,0.9591496754099348,TRUE,TRUE,FALSE,-4.320000000000001,-4.320000000000001,0.19694075307845765,4.920000000000001,2.806455068559934,0.011684511690256019,0.9118707801583841,0.04262142171436849,0.9661767135630085,-0.4123746335082242,0.1754338804297661,-0.040000000000000424
2023-05-01,TVP con sorpresa en transición,0.9661767135298946,96.61767135298946,6.751895439042105e-5,0.9660443788110156,0.9663090482487737,TRUE,TRUE,FALSE,-4.0200000000000005,-4.0200000000000005,0.15388340244914508,4.180000000000001,2.420746933786378,0.010078638408949212,0.9186844777481029,0.04262142171436849,0.9713845378714205,-0.3768089182766586,0.13292551582751405,-0.08999999999999944
2023-06-01,TVP con sorpresa en transición,0.9713845376935863,97.13845376935863,6.434063612198205e-5,0.9712584323640449,0.9715106430231278,TRUE,TRUE,FALSE,-2.3,-2.3,0.16731672574170947,2.25,1.4147784201202114,0.005890347283378758,0.9236363122883348,0.04262142171436849,0.972148081286082,-0.2914153613080757,0.0640986355663666,-0.059999999999999665
2023-07-01,TVP con sorpresa en transición,0.9721480810909866,97.21480810909866,6.132547475002797e-5,0.9720278853691418,0.9722682768128315,TRUE,TRUE,FALSE,-0.7199999999999998,-0.7199999999999998,0.18409771541461753,0.3199999999999994,0.4088099064540448,0.001702056157808302,0.9243623238527368,0.04262142171436849,0.9686858017249135,-0.233315539461837,0.01921782404721923,-0.03000000000000025
2023-08-01,TVP con sorpresa en transición,0.9686858015434497,96.86858015434497,5.84657558885143e-5,0.9685712107675793,0.9688003923193201,TRUE,TRUE,FALSE,-0.3600000000000003,-0.36000000000000026,0.15340347481802835,-0.34999999999999964,0.059587676321231076,2.480898085170065e-4,0.921070232009283,0.04262142171436849,0.9639397435321684,-0.2034240183241244,0.010020543506096092,-0.03999999999999995
2023-09-01,TVP con sorpresa en transición,0.9639397433374581,96.39397433374582,5.575415239239061e-5,0.9638304672067805,0.9640490194681358,TRUE,TRUE,FALSE,-0.3199999999999994,-0.3199999999999994,0.13305167936860568,-0.9700000000000006,-0.26357319335391094,-0.0010973715893346442,0.9165574654074012,0.04262142171436849,0.958081515532435,-0.1638697563673678,0.010818076998762555,-0.019999999999999574
2023-10-01,TVP con sorpresa en transición,0.9580815152799081,95.80815152799082,5.3183704583090476e-5,0.9579772771343609,0.9581857534254554,TRUE,TRUE,FALSE,-0.3700000000000001,-0.37000000000000005,0.291076245543137,-0.9099999999999993,-0.232299560804703,-9.671656476070624e-4,0.9109871974551577,0.04262142171436849,0.9526414535219191,-0.14371222729198657,0.022635981748849603,0.17000000000000004
2023-11-01,TVP con sorpresa en transición,0.9526414532819805,95.26414532819804,5.0747801401223554e-5,0.9525419894189395,0.9527409171450214,TRUE,TRUE,FALSE,-0.5500000000000007,-0.5500000000000007,0.3835886242163405,-0.6599999999999993,-0.10199275851633947,-4.2464089040881694e-4,0.905814540688028,0.04262142171436849,0.9480113215119876,-0.304845265050234,0.0312566408338929,0.10999999999999938
2023-12-01,TVP con sorpresa en transición,0.9480113213556124,94.80113213556123,4.8440162302601884e-5,0.947916380382094,0.9481062623291308,TRUE,TRUE,FALSE,0.020000000000000462,0.020000000000000462,0.304403396406684,-1.9699999999999998,-0.7848004025073646,-0.003267470618127624,0.9014120020311608,0.04262142171436849,0.9407659531274016,-0.40764486818291307,-0.006758528223770384,-0.10999999999999943
2024-01-01,TVP con sorpresa en transición,0.9407659529540718,94.07659529540719,4.625481974672773e-5,0.9406752951732569,0.9408566107348868,TRUE,TRUE,FALSE,0.11000000000000032,0.11000000000000035,0.279337871531733,-1.9700000000000006,-0.784800402507365,-0.0032674706181276257,0.8945227783592886,0.04262142171436849,0.9338767294555295,-0.30104510494530323,-0.008292766586429976,-0.030000000000000193
2024-02-01,TVP con sorpresa en transición,0.9338767292695113,93.38767292695113,4.418610251734705e-5,0.93379012609996,0.9339633324390625,TRUE,TRUE,FALSE,0.4600000000000004,0.4600000000000004,0.2919021887314882,-1.65,-0.6180076955782594,-0.0025730389289138705,0.8879721931773942,0.04262142171436849,0.9280205759628487,-0.2708242514881583,-0.03107793724332972,-0.009999999999999842
2024-03-01,TVP con sorpresa en transición,0.9280205757556318,92.80205757556318,4.222861950494034e-5,0.9279378091822853,0.9281033423289783,TRUE,TRUE,FALSE,0.8399999999999999,0.8399999999999999,0.19038559697105736,-1.9699999999999998,-0.7848004025073646,-0.003267470618127624,0.8824038977950147,0.04262142171436849,0.9217578488912556,-0.25984576121157715,-0.07053983575948088,-0.14000000000000065
2024-04-01,TVP con sorpresa en transición,0.9217578486703186,92.17578486703187,4.037724411558281e-5,0.9216787107260571,0.9218369866145801,TRUE,TRUE,FALSE,0.7799999999999994,0.7799999999999994,0.07946403501055749,-1.9500000000000002,-0.7743758583242958,-0.0032240686375517654,0.8764490138891196,0.04262142171436849,0.9158463669659362,-0.12904609881384432,-0.0704179361967132,-0.12000000000000005
2024-05-01,TVP con sorpresa en transición,0.9158463667675708,91.58463667675709,3.862709916556151e-5,0.915770659044379,0.9159220744907626,TRUE,TRUE,FALSE,0.6300000000000003,0.6300000000000003,0.043858325268754904,-1.7500000000000004,-0.670130416493605,-0.0027900488317931693,0.8708281097744861,0.04262142171436849,0.9106594826570614,-0.018316927335351025,-0.05554139793340324,-0.029999999999999367
2024-06-01,TVP con sorpresa en transición,0.9106594824623184,91.06594824623184,3.697354231766539e-5,0.910587015650995,0.9107319492736419,TRUE,TRUE,FALSE,0.2599999999999998,0.2599999999999998,0.04144172420904315,-1.2700000000000005,-0.4199413560999471,-0.0017484012979725383,0.8658961857978654,0.04262142171436849,0.9067692062142614,0.00910659482462299,-0.0205483190336668,0.02999999999999934
2024-07-01,TVP con sorpresa en transición,0.9067692060191229,90.67692060191229,3.54121519622393e-5,0.9066997994766619,0.9068386125615839,TRUE,TRUE,FALSE,0.4500000000000002,0.4500000000000002,0.10542770171273361,-1.3200000000000003,-0.4460027165576197,-0.001856906249412187,0.8621971351661694,0.04262142171436849,0.9029616506311257,-0.018135384120382073,-0.037292317592350785,0.05000000000000075
2024-08-01,TVP con sorpresa en transición,0.9029616503995148,90.29616503995148,3.3938713591206097e-5,0.9028951317431945,0.9030281690558352,TRUE,TRUE,FALSE,0.23999999999999977,0.23999999999999977,0.04134843691210634,-0.8900000000000001,-0.22187501662163436,-9.237636670312045e-4,0.8585767392314372,0.04262142171436849,0.9002743972787745,-0.0632073155279663,-0.02814112138414075,-0.05000000000000071
2024-09-01,TVP con sorpresa en transición,0.900274397046404,90.0274397046404,3.2549206588808766e-5,0.9002106017737646,0.9003381923190434,TRUE,TRUE,FALSE,0.9000000000000004,0.9000000000000005,0.0627448107468446,-1.4899999999999998,-0.5346113421137066,-0.002225823084306993,0.8560215773146693,0.04262142171436849,0.8964171759447308,-0.018005487940927697,-0.09473932280591618,-0.04999999999999928
2024-10-01,TVP con sorpresa en transición,0.8964171757402551,89.64171757402552,3.123979152482454e-5,0.8963559468739819,0.8964784046065284,TRUE,TRUE,FALSE,1.85,1.85,0.1557715378509176,-2.3300000000000005,-0.9724421978026084,-0.004048706268493099,0.8523539570009362,0.04262142171436849,0.8909266724468116,0.026892515272207478,-0.19266405312312546,-0.01000000000000037
2024-11-01,TVP con sorpresa en transición,0.8909266719395191,89.09266719395191,3.000679790781899e-5,0.8908678596963284,0.8909854841827098,TRUE,TRUE,FALSE,2.5,2.5,-0.030231748308234104,-3.38,-1.5197307674137348,-0.0063273102487257276,0.847133337888388,0.04262142171436849,0.8834274493540307,0.035637066877580795,-0.3054053185693464,-0.2999999999999997
2024-12-01,TVP con sorpresa en transición,0.8834274495299619,88.34274495299618,2.8846712498379254e-5,0.8833709110123926,0.8834839880475311,TRUE,TRUE,FALSE,2.29,2.29,0.22277976809988959,-2.84,-1.2382680744708696,-0.005155456773177518,0.8400027383548195,0.04262142171436849,0.8774687032960105,0.3003653328401869,-0.23314510094007623,0.29000000000000026
2025-01-01,TVP con sorpresa en transición,0.8774687029140766,87.74687029140766,2.7756167886911174e-5,0.8774143018246694,0.8775231040034839,TRUE,TRUE,FALSE,2.0599999999999996,2.0599999999999996,0.04182198329762351,-2.7800000000000002,-1.2069944419216627,-0.00502525083144994,0.8343368928151894,0.04262142171436849,0.871933063698108,0.043873435145703674,-0.27569541844332757,-0.19000000000000036
2025-02-01,TVP con sorpresa en transición,0.8719330635107442,87.19330635107441,2.6731932157701206e-5,0.8718806698864779,0.8719854571350104,TRUE,TRUE,FALSE,1.6,1.6000000000000003,0.021801155045553237,-2.28,-0.9463808373449354,-0.0039402013170534485,0.829073356732155,0.04262142171436849,0.86775457712947,0.20926393524257877,-0.20106509028813163,0.03000000000000038
2025-03-01,TVP con sorpresa en transición,0.8677545769391336,86.77545769391337,2.5770898714189425e-5,0.8677040669058046,0.8678050869724626,TRUE,TRUE,FALSE,1.92,1.92,0.002262384964514681,-2.5599999999999996,-1.0923244559079024,-0.004547829045115482,0.8251002628870415,0.04262142171436849,0.8631738555562944,0.18222846115721802,-0.2644908461217328,-0.08000000000000008
2025-04-01,TVP con sorpresa en transición,0.863173855326971,86.3173855326971,2.4870077142676708e-5,0.8631251108714786,0.8632225997824634,TRUE,TRUE,FALSE,2.05,2.05,-0.04751246844453928,-2.4799999999999995,-1.050626279175626,-0.004374221122812044,0.8207447057896194,0.04262142171436849,0.8589919063811758,0.25032041804482164,-0.292807949600282,-0.08999999999999965
2025-05-01,TVP con sorpresa en transición,0.8589919061563164,85.89919061563164,2.402658458348221e-5,0.8589448149158613,0.8590389973967715,TRUE,TRUE,FALSE,2.08,2.0799999999999996,-0.09324952257548084,-2.38,-0.9985035582602808,-0.0041572112199327466,0.8167683195488709,0.04262142171436849,0.8552325300433066,0.3264169243394001,-0.3031674017639198,-0.07000000000000055
2025-06-01,TVP con sorpresa en transición,0.855232529824609,85.52325298246089,2.3237638063107404e-5,0.8551869848909195,0.8552780747582984,TRUE,TRUE,FALSE,1.8399999999999999,1.8399999999999999,-0.13558714389484677,-2.2800000000000002,-0.9463808373449356,-0.003940201317053449,0.813193734658147,0.04262142171436849,0.8518749550554621,0.3848546384210742,-0.26926749452622734,-0.019999999999999907
2025-07-01,TVP con sorpresa en transición,0.8518749548972576,85.18749548972576,2.2500547623792814e-5,0.8518308546342825,0.8519190551602327,TRUE,TRUE,FALSE,1.75,1.7500000000000002,-0.13264365032293907,-2.2,-0.9046826606126592,-0.0037665933947500104,0.8100012006988421,0.04262142171436849,0.8488560290184605,0.40038122880171123,-0.2577375784787717,0.010000000000000453
2025-08-01,TVP con sorpresa en transición,0.848856028923339,84.8856028923339,2.1812710413191297e-5,0.848813276796524,0.848898781050154,TRUE,TRUE,FALSE,2.3200000000000003,2.3200000000000003,-0.08226256185304909,-2.92,-1.279966251203146,-0.005329064695480956,0.8071306694669549,0.04262142171436849,0.8444230264858423,0.3904737733047359,-0.3582112114516866,-0.04999999999999977
2025-09-01,TVP con sorpresa en transición,0.8444230262291328,84.44230262291327,2.117160574899507e-5,0.8443815306443698,0.8444645218138958,TRUE,TRUE,FALSE,2.25,2.2500000000000004,-0.1397171642284458,-2.8200000000000003,-1.2278435302878008,-0.005112054792601659,0.8029155701916848,0.04262142171436849,0.8404249371134516,0.4306557433768575,-0.360938579148412,-0.07000000000000026
2025-10-01,TVP con sorpresa en transición,0.8404249368138376,84.04249368138376,2.05747909550717e-5,0.8403846109645762,0.840465262663099,TRUE,TRUE,FALSE,1.9000000000000001,1.9,-0.22627509013900932,-2.5700000000000003,-1.0975367279994372,-0.004569530035403414,0.799114006114383,0.04262142171436849,0.837165897793348,0.48744646335202585,-0.31117137321301674,-0.05000000000000021
2025-11-01,TVP con sorpresa en transición,0.8371658975796653,83.71658975796653,2.0019898281795734e-5,0.8371266593000588,0.8372051358592718,TRUE,TRUE,FALSE,2.04,2.04,-0.2538345593682832,-2.6500000000000004,-1.1392349047317136,-0.004743137957706853,0.7960151643446746,0.04262142171436849,0.8338934481013361,0.527414515475189,-0.3435799561069062,-0.0700000000000004
2025-12-01,TVP con sorpresa en transición,0.8338934484772397,83.38934484772396,1.9504632747812294e-5,0.8338552200995223,0.8339316768549571,TRUE,TRUE,FALSE,1.9900000000000002,1.9900000000000002,0.09706187195666609,-1.8599999999999999,-0.7274654095004847,-0.003028759724960396,0.7929035718662805,0.04262142171436849,0.8324962338556885,0.583725413934068,-0.2607872858907337,0.4200000000000004
2026-01-01,TVP con sorpresa en transición,0.8324962337301614,83.24962337301614,1.9026770601480515e-5,0.8324589419450403,0.8325335255152824,TRUE,TRUE,FALSE,1.9900000000000002,1.9900000000000004,0.03363385073412107,-2.24,-0.9255317489787974,-0.00385339735590173,0.7915750369489649,0.04262142171436849,0.8303430613074316,0.233098945444445,-0.34673279617856606,-0.07999999999999999
2026-02-01,TVP con sorpresa en transición,0.8303430614007375,83.03430614007375,1.8584158757902458e-5,0.8303066371188891,0.830379485682586,TRUE,TRUE,FALSE,2.66,2.66,0.13575709334175767,-2.58,-1.1027490000909717,-0.0045912310256913435,0.7895277034029808,0.04262142171436849,0.8275578940916579,0.29892350210426544,-0.4546805954460234,-0.020000000000000295
2026-03-01,TVP con sorpresa en transición,0.8275578938429069,82.7557893842907,1.817471478379226e-5,0.8275222720565014,0.8275935156293124,TRUE,TRUE,FALSE,2.05,2.0499999999999994,0.030758739023306725,-2.09,-0.8473476676057792,-0.0035278825015827822,0.7868794402359268,0.04262142171436849,0.8259729794487125,0.31447199966030454,-0.35523073868361177,-0.010000000000000508
2026-04-01,TVP con sorpresa en transición,0.8259729792569823,82.59729792569823,1.779642721727006e-5,0.825938098900583,0.8260078596133816,TRUE,TRUE,FALSE,1.21,1.2100000000000002,-0.028959468885473388,-0.96,-0.25836092126237603,-0.0010756705990467128,0.7853724318302637,0.04262142171436849,0.8269181829455855,0.3221294619102232,-0.1931699930247496,0.10000000000000019
2026-05-01,TVP con sorpresa en transición,0.8269181827168384,82.69181827168384,1.7447356519653803e-5,0.8268839865264345,0.8269523789072423,TRUE,TRUE,FALSE,0.5,0.4999999999999999,-0.1284578188647971,-0.2899999999999996,0.09086130887043835,3.782957502445855e-4,0.7862711739907026,0.04262142171436849,0.8292708914553156,0.23980627298788315,-0.08134845412308592,0.030000000000000138
2026-06-01,TVP con sorpresa en transición,0.8292708912754064,82.92708912754064,1.712563613162141e-5,0.8292373256453761,0.8293044569054367,TRUE,TRUE,FALSE,0.8500000000000001,0.8500000000000001,-0.09536881605396336,-0.4900000000000002,-0.013384132960252787,-5.572405551401217e-5,0.7885082355997792,0.04262142171436849,0.8310739332586337,0.2156104317316055,-0.1502416156776424,-0.030000000000000276
2026-07-01,TVP con sorpresa en transición,0.8310739328422175,83.10739328422176,1.682947364529844e-5,0.831040947679994,0.831106918004441,TRUE,TRUE,FALSE,1.0099999999999998,1.0099999999999998,-0.4277579038170366,-0.8999999999999999,-0.2270872887131688,-9.454646573191339e-4,0.7902226489953498,0.04262142171436849,0.8318986060523991,0.24101144052424311,-0.24325353670720673,-0.4300000000000002
