fecha,exp_inf_12m,exp_inf_24m,infl_gt,tasa_pol,imae,deficit_fiscal,tc,effr,infl_us,oil,d_tasa_pol,imae_lag2,tcdep_var,d_effr,d_infl_us,oil_var,exp24_lag1,infl_gt_lag1,meta_inflacion,fecha_origen_pronostico,expectativa_12m_origen,inflacion_realizada,sorpresa_h12_exacta,fecha_realizacion_sorpresa_disponible,fecha_origen_pronostico_disponible,expectativa_12m_origen_disponible,inflacion_realizada_disponible,sorpresa_h12_disponible,exp12_lag1,d_exp24,d_exp24_lag1,gap_correccion_meta,gap_expectativa_corta_meta,dummy_sep2012
2011-02-01,5.5,5.81,5.24,4.5,91.3,-1079.352889730001,7.813943571428571,0.1578947368421053,2.1248981733331505,88.57842105263158,NA,98.9,-4.326633305035976,-0.01510526315789467,0.42411468183017575,14.807092553587164,5.85,4.9,5,2010-02-01,3.97,5.24,1.27,2011-01-01,2010-01-01,3.34,4.9,1.5600000000000005,5.99,-0.040000000000000036,-0.35000000000000053,-0.8499999999999996,0.9900000000000002,0
2011-03-01,6.24,6.13,4.99,4.75,97,254.0003461999995,7.71115,0.1382608695652174,2.619241510354115,102.8565217391304,0.25,92.1,-4.052261776382116,-0.0196338672768879,0.4943433370209646,23.637694231400808,5.81,5.24,5,2010-03-01,5.39,4.99,-0.39999999999999947,2011-02-01,2010-02-01,3.97,5.24,1.27,5.5,0.3200000000000003,-0.040000000000000036,-0.8099999999999996,0.5,0
2011-04-01,6.07,6.19,5.761148129164525,4.75,93.6,-96.1119758100008,7.624186666666666,0.09571428571428572,3.0772344447868676,109.5325,0,91.3,-4.812855812876604,-0.0425465838509317,0.45799293443275246,26.192417885558772,6.13,4.99,5,2010-04-01,5.04,5.761148129164525,0.7211481291645248,2011-03-01,2010-03-01,5.39,4.99,-0.39999999999999947,6.24,0.0600000000000005,0.3200000000000003,-1.13,1.2400000000000002,0
2011-05-01,5.96,5.74,6.393022062596202,4.75,92.2,-1921.962475579999,7.647901612903225,0.09333333333333334,3.458971880896499,100.9004761904762,0,97,-4.510466146025394,-0.00238095238095237,0.3817374361096313,31.354179103578073,6.19,5.761148129164525,5,2010-05-01,5.36,6.393022062596202,1.0330220625962019,2011-04-01,2010-04-01,5.04,5.761148129164525,0.7211481291645248,6.07,-0.4500000000000002,0.0600000000000005,-1.1900000000000004,1.0700000000000003,0
2011-06-01,6.38,6.16,6.422299366959379,4.75,91.6,-519.562267440001,7.795322333333333,0.09090909090909093,3.502318150636043,96.26409090909092,0,93.6,-2.703818574016781,-0.00242424242424242,0.04334626973954414,24.513846001618145,5.74,6.393022062596202,5,2010-06-01,4.81,6.422299366959379,1.6122993669593795,2011-05-01,2010-05-01,5.36,6.393022062596202,1.0330220625962019,5.96,0.41999999999999993,-0.4500000000000002,-0.7400000000000002,0.96,0
2011-07-01,5.96,5.88,7.039674465920641,5,92.7,-519.2017889000017,7.763817741935484,0.068,3.5798809769996183,97.3035,0.25,92.2,-3.0751882297027855,-0.0229090909090909,0.07756282636357525,24.29061720404979,6.16,6.422299366959379,5,2010-07-01,4.89,7.039674465920641,2.1496744659206417,2011-06-01,2010-06-01,4.81,6.422299366959379,1.6122993669593795,6.38,-0.28000000000000025,0.41999999999999993,-1.1600000000000001,1.38,0
2011-08-01,6.33,5.95,7.625826131164203,5,92.6,-1272.01610764,7.829563870967742,0.09782608695652174,3.754996030708085,86.33304347826088,0,91.6,-2.3582111473118506,0.02982608695652174,0.17511505370846692,11.962720698254348,5.88,7.039674465920641,5,2010-08-01,5.35,7.625826131164203,2.2758261311642034,2011-07-01,2010-07-01,4.89,7.039674465920641,2.1496744659206417,5.96,0.07000000000000028,-0.28000000000000025,-0.8799999999999999,0.96,0
2011-09-01,6.69,6.43,7.249315624049487,5.5,92.1,-873.1248666200017,7.854209,0.0838095238095238,3.8126216928186807,85.51523809523809,0.5,92.7,-2.721799441743622,-0.01401656314699793,0.0576256621105955,12.79862634717608,5.95,7.625826131164203,5,2010-09-01,5.89,7.249315624049487,1.3593156240494872,2011-08-01,2010-08-01,5.35,7.625826131164203,2.2758261311642034,6.33,0.47999999999999954,0.07000000000000028,-0.9500000000000002,1.33,0
2011-10-01,6.69,6.51,6.65,5.5,91.8,204.905242060001,7.851946129032258,0.07200000000000001,3.5222681306640595,86.32238095238095,0,92.6,-2.7417968737782683,-0.01180952380952379,-0.29035356215462116,5.267713074568636,6.43,7.249315624049487,5,2010-10-01,5.96,6.65,0.6900000000000004,2011-09-01,2010-09-01,5.89,7.249315624049487,1.3593156240494872,6.69,0.08000000000000007,0.47999999999999954,-1.4299999999999997,1.6900000000000004,0
2011-11-01,6.85,6.06,6.054843875100062,5.5,95.8,-634.6104972599992,7.813565333333333,0.082,3.451432214581729,97.1604761904762,0,92.1,-2.4861809933248047,0.00999999999999999,-0.07083591608233064,14.254152388553454,6.51,6.65,5,2010-11-01,5.95,6.054843875100062,0.10484387510006155,2011-10-01,2010-10-01,5.96,6.65,0.6900000000000004,6.69,-0.4500000000000002,0.08000000000000007,-1.5099999999999998,1.6900000000000004,0
2011-12-01,5.94,5.62,6.200000000000003,5.5,101.4,-4406.742774900002,7.805258387096774,0.07142857142857144,3.062066838419383,98.56285714285714,0,91.8,-2.1707398257526656,-0.01057142857142856,-0.38936537616234546,10.042003290852277,6.06,6.054843875100062,5,2010-12-01,5.71,6.200000000000003,0.4900000000000029,2011-11-01,2010-11-01,5.95,6.054843875100062,0.10484387510006155,6.85,-0.4399999999999995,-0.4500000000000002,-1.0599999999999996,1.8499999999999996,0
2012-01-01,5.97,5.95,5.44,5.5,95,695.4552653000005,7.812545161290323,0.0845,3.008766337985506,100.2735,0,95.8,-1.9475378177473248,0.01307142857142856,-0.05330050043387757,11.735118528301935,5.62,6.200000000000003,4.5,2011-01-01,5.99,5.44,-0.5499999999999998,2011-12-01,2010-12-01,5.71,6.200000000000003,0.4900000000000029,5.94,0.33000000000000007,-0.4399999999999995,-1.12,1.4400000000000004,0
2012-02-01,6,6.11,5.17,5.5,95,-222.9759616000006,7.781241379310345,0.105,2.898178442347387,102.204,0,101.4,-0.4193889351610913,0.02049999999999999,-0.110587895638119,14.30825427108786,5.95,5.44,4.5,2011-02-01,5.5,5.17,-0.33000000000000007,2012-01-01,2011-01-01,5.99,5.44,-0.5499999999999998,5.97,0.16000000000000014,0.33000000000000007,-1.4500000000000002,1.4699999999999998,0
2012-03-01,5.59,5.47,4.55,5.5,101.1,467.0555868900005,7.732393225806452,0.1272727272727273,2.582875281332093,106.1577272727273,0,95,0.2751083594490833,0.02227272727272729,-0.31530316101529365,3.1590956996978115,6.11,5.17,4.5,2011-03-01,6.24,4.55,-1.6900000000000004,2012-02-01,2011-02-01,5.5,5.17,-0.33000000000000007,6,-0.6400000000000006,0.16000000000000014,-1.6100000000000003,1.5,0
2012-04-01,5.84,5.54,4.27,5.5,95.2,477.2373999100005,7.737014666666667,0.1452380952380952,2.273163374134853,103.321,0,95,1.4690261080928746,0.0179653679653679,-0.30971190719724007,-5.838066202301562,5.47,4.55,4.5,2011-04-01,6.07,4.27,-1.8000000000000007,2012-03-01,2011-03-01,6.24,4.55,-1.6900000000000004,5.59,0.07000000000000028,-0.6400000000000006,-0.9699999999999998,1.0899999999999999,0
2012-05-01,5.26,5.28,3.9,5.5,95.6,-642.0739460799987,7.783616451612904,0.1563636363636364,1.737942937466073,94.65454545454546,0,101.1,1.758975848010058,0.0111255411255412,-0.53522043666878,-6.390074645628019,5.54,4.27,4.5,2011-05-01,5.96,3.9,-2.06,2012-04-01,2011-04-01,6.07,4.27,-1.8000000000000007,5.84,-0.2599999999999998,0.07000000000000028,-1.04,1.3399999999999999,0
2012-06-01,4.89,5.11,3.47,5,94.1,-565.5150728800008,7.850320333333333,0.1619047619047619,1.6538704482976383,82.30333333333333,-0.5,95.2,0.7030484807434956,0.00554112554112551,-0.08407248916843457,-15.66837524176341,5.28,3.9,4.5,2011-06-01,6.38,3.47,-2.9099999999999997,2012-05-01,2011-05-01,5.96,3.9,-2.06,5.26,-0.16999999999999993,-0.2599999999999998,-0.7800000000000002,0.7599999999999998,0
2012-07-01,4.71,4.9,2.86,5,95,-799.767229179999,7.826440322580646,0.1585714285714286,1.4175114798464818,87.8952380952381,0,95.6,0.8033596003837129,-0.00333333333333329,-0.23635896845115667,-10.168933065997887,5.11,3.47,4.5,2011-07-01,5.96,2.86,-3.1,2012-06-01,2011-06-01,6.38,3.47,-2.9099999999999997,4.89,-0.20999999999999996,-0.16999999999999993,-0.6100000000000003,0.3899999999999997,0
2012-08-01,4.44,4.55,2.71,5,95.3,-1837.870727750002,7.874918387096774,0.1321739130434783,1.6859349154821217,94.13130434782607,0,94.1,0.5776012411997211,-0.0263975155279503,0.26842343563563986,8.647824670893023,4.9,2.86,4.5,2011-08-01,6.33,2.71,-3.62,2012-07-01,2011-07-01,5.96,2.86,-3.1,4.71,-0.35000000000000053,-0.20999999999999996,-0.40000000000000036,0.20999999999999996,0
2012-09-01,4.91,5.17,3.28,5,94.1,-1558.059422540001,7.972578666666666,0.1494736842105263,1.949716898281963,94.51368421052632,0,95,1.495842065938824,0.01729977116704797,0.26378198279984133,10.00500470779091,4.55,2.71,4.5,2011-09-01,6.69,3.28,-3.4100000000000006,2012-08-01,2011-08-01,6.33,2.71,-3.62,4.44,0.6200000000000001,-0.35000000000000053,-0.04999999999999982,-0.05999999999999961,1
2012-10-01,4.7,4.76,3.35,5,96.3,86.58560979000322,7.882072903225806,0.1590909090909091,2.155678059536939,89.49130434782609,0,95.3,0.3829512465901797,0.0096172248803828,0.20596116125497588,3.605255900741789,5.17,3.28,4.5,2011-10-01,6.69,3.35,-3.3400000000000003,2012-09-01,2011-09-01,6.69,3.28,-3.4100000000000006,4.91,-0.41000000000000014,0.6200000000000001,-0.6699999999999999,0.41000000000000014,0
2012-11-01,4.48,4.82,3.11,5,98.9,-2842.19879953,7.862470666666667,0.161,1.7960197033926306,86.53142857142858,0,94.1,0.6239522797343078,0.00190909090909091,-0.3596583561443083,-11.585632118470455,4.76,3.35,4.5,2011-11-01,6.85,3.11,-3.7399999999999998,2012-10-01,2011-10-01,6.69,3.35,-3.3400000000000003,4.7,0.0600000000000005,-0.41000000000000014,-0.2599999999999998,0.20000000000000018,0
2012-12-01,4.65,4.93,3.45,5,104.1,-2703.619227499993,7.893507419354839,0.163,1.7595049796895523,87.8595,0,96.3,1.124291717247594,0.002,-0.03651472370307829,-11.49555405737166,4.82,3.11,4.5,2011-12-01,5.94,3.45,-2.49,2012-11-01,2011-11-01,6.85,3.11,-3.7399999999999998,4.48,0.10999999999999943,0.0600000000000005,-0.3200000000000003,-0.019999999999999574,0
2013-01-01,4.53,4.83,3.86,5,99.1,1421.84375074,7.887918709677419,0.1442857142857143,1.6840617620982954,94.75666666666666,0,98.9,0.960151598797987,-0.01871428571428571,-0.07544321759125694,-5.658925059569508,4.93,3.45,4,2012-01-01,5.97,3.86,-2.11,2012-12-01,2011-12-01,5.94,3.45,-2.49,4.65,-0.09999999999999964,0.10999999999999943,-0.9299999999999997,0.6500000000000004,0
2013-02-01,4.41,4.61,4.18,5,98.8,-855.9402631500002,7.8283,0.1421052631578947,2.01814049025748,95.30894736842106,0,104.1,0.602948698016581,-0.00218045112781958,0.3340787281591844,-6.984712335153542,4.83,3.86,4,2012-02-01,6,4.18,-1.8200000000000003,2013-01-01,2012-01-01,5.97,3.86,-2.11,4.53,-0.21999999999999975,-0.09999999999999964,-0.8300000000000001,0.5300000000000002,0
2013-03-01,4.59,4.66,4.34,5,101.7,36.67709642000045,7.808230967741936,0.1461904761904762,1.5187472411246148,92.9385,0,99.1,0.9760012596877754,0.00408521303258149,-0.499393249132865,-13.298799720440256,4.61,4.18,4,2012-03-01,5.59,4.34,-1.25,2013-02-01,2012-02-01,6,4.18,-1.8200000000000003,4.41,0.04999999999999982,-0.21999999999999975,-0.6100000000000003,0.41000000000000014,0
2013-04-01,4.85,4.93,4.13,5.25,101.2,-325.1611593099988,7.798229333333333,0.145,1.1388080475768732,92.02136363636365,0.25,98.8,0.7880788159753127,-0.00119047619047621,-0.3799391935477416,-11.58198833186086,4.66,4.34,4,2012-04-01,5.84,4.13,-1.71,2013-03-01,2012-03-01,5.59,4.34,-1.25,4.59,0.2699999999999996,0.04999999999999982,-0.6600000000000001,0.5899999999999999,0
2013-05-01,4.71,4.83,4.27,5.25,99.5,-899.5297414200004,7.78722064516129,0.1086363636363636,1.3903888279197076,94.50954545454546,0,101.7,0.04629415349159949,-0.03636363636363639,0.2515807803428345,-0.1533060822509036,4.93,4.13,4,2012-05-01,5.26,4.27,-0.9900000000000002,2013-04-01,2012-04-01,5.84,4.13,-1.71,4.85,-0.09999999999999964,0.2699999999999996,-0.9299999999999997,0.8499999999999996,0
2013-06-01,4.87,5.21,4.79,5.25,96.7,-1468.2788148,7.815682333333333,0.0955,1.715793527156876,95.7725,0,101.2,-0.4422066966483395,-0.01313636363636359,0.3254046992371684,15.156397831036372,4.83,4.27,4,2012-06-01,4.89,4.79,-0.09999999999999964,2013-05-01,2012-05-01,5.26,4.27,-0.9900000000000002,4.71,0.3799999999999999,-0.09999999999999964,-0.8300000000000001,0.71,0
2013-07-01,4.88,4.81,4.74,5.25,98.6,-623.05906891,7.823370322580645,0.09227272727272728,1.885471805415804,104.6709090909091,0,99.5,-0.03923370204264032,-0.00322727272727273,0.16967827825892812,17.467560002635363,5.21,4.79,4,2012-07-01,4.71,4.74,0.03000000000000025,2013-06-01,2012-06-01,4.89,4.79,-0.09999999999999964,4.87,-0.40000000000000036,0.3799999999999999,-1.21,0.8700000000000001,0
2013-08-01,4.85,4.89,4.42,5.25,98.7,-816.9393697700011,7.888960645161291,0.08272727272727273,1.538809488600279,106.5727272727273,0,96.7,0.1781574414516207,-0.00954545454545453,-0.3466623168155252,12.413697493935238,4.81,4.74,4,2012-08-01,4.44,4.42,-0.020000000000000462,2013-07-01,2012-07-01,4.71,4.74,0.03000000000000025,4.88,0.08000000000000007,-0.40000000000000036,-0.8099999999999996,0.8799999999999999,0
2013-09-01,4.84,4.91,4.21,5.25,97.7,-830.3524890299996,7.941729666666666,0.081,1.094734108174805,106.2895,0,98.6,-0.38768934210642314,-0.00172727272727273,-0.444075380425474,11.742187294618311,4.89,4.42,4,2012-09-01,4.91,4.21,-0.7000000000000002,2013-08-01,2012-08-01,4.44,4.42,-0.020000000000000462,4.85,0.020000000000000462,0.08000000000000007,-0.8899999999999997,0.8499999999999996,0
2013-10-01,4.72,4.71,4.15,5,99.5,979.7261445600016,7.962094838709677,0.08545454545454545,0.8767991434911409,100.5382608695652,-0.25,98.7,1.0101207864237072,0.00445454545454544,-0.2179349646836641,11.639689778330276,4.91,4.21,4,2012-10-01,4.7,4.15,-0.5499999999999998,2013-09-01,2012-09-01,4.91,4.21,-0.7000000000000002,4.84,-0.20000000000000018,0.020000000000000462,-0.9100000000000001,0.8399999999999999,0
2013-11-01,4.69,4.7,4.63,5,102.2,-1989.346104969999,7.898649000000001,0.08473684210526315,1.2328701961954494,93.864,0,97.7,0.45908409604296097,-7.1770334928229e-4,0.3560710527043085,8.133924208818044,4.71,4.15,4,2012-11-01,4.48,4.63,0.14999999999999947,2013-10-01,2012-10-01,4.7,4.15,-0.5499999999999998,4.72,-0.009999999999999787,-0.20000000000000018,-0.71,0.7199999999999998,0
2013-12-01,5.09,5.19,4.39,5,106.3,-3639.426779620003,7.86284935483871,0.08619047619047619,1.512838366757336,97.62523809523807,0,99.5,-0.38915218341162294,0.00145363408521304,0.2799681705618866,10.539709937295603,4.7,4.63,4,2012-12-01,4.65,4.39,-0.2600000000000007,2013-11-01,2012-11-01,4.48,4.63,0.14999999999999947,4.69,0.4900000000000002,-0.009999999999999787,-0.7000000000000002,0.6900000000000004,0
2014-01-01,4.73,4.94,4.14,5,102.7,1508.56006072,7.849517096774194,0.07142857142857144,1.5577587955749124,94.61714285714284,0,102.2,-0.48802981113409416,-0.01476190476190475,0.04492042881757641,-0.14735283101732222,5.19,4.39,4,2013-01-01,4.53,4.14,-0.39000000000000057,2013-12-01,2012-12-01,4.65,4.39,-0.2600000000000007,5.09,-0.25,0.4900000000000002,-1.1900000000000004,1.0899999999999999,0
2014-02-01,4.56,4.68,3.5,5,102.6,-391.0447219200005,7.763746428571428,0.06736842105263158,1.120474634772492,100.8173684210526,0,106.3,-0.8280367886809081,-0.00406015037593986,-0.4372841608024203,5.618695396333706,4.94,4.14,4,2013-02-01,4.41,3.5,-0.9100000000000001,2014-01-01,2013-01-01,4.53,4.14,-0.39000000000000057,4.73,-0.2600000000000007,-0.25,-0.9400000000000004,0.7300000000000004,0
2014-03-01,4.46,4.54,3.25,4.75,106.8,-392.5233233700001,7.729463870967742,0.07904761904761905,1.6126949139407998,100.8038095238095,-0.25,102.7,-1.0138926314088526,0.01167919799498747,0.4922202791683077,8.123816373628312,4.68,3.5,4,2013-03-01,4.59,3.25,-1.3399999999999999,2014-02-01,2013-02-01,4.41,3.5,-0.9100000000000001,4.56,-0.13999999999999968,-0.2600000000000007,-0.6799999999999997,0.5599999999999996,0
2014-04-01,4.51,4.66,3.27,4.75,104.8,-238.0966586599989,7.751467,0.09045454545454544,2.015125303606169,102.0690476190476,0,102.6,-0.6014583603513479,0.0114069264069264,0.4024303896653691,10.362875817670414,4.54,3.25,4,2013-04-01,4.85,3.27,-1.5799999999999996,2014-03-01,2013-03-01,4.59,3.25,-1.3399999999999999,4.46,0.1200000000000001,-0.13999999999999968,-0.54,0.45999999999999996,0
2014-05-01,4.19,4.28,3.22,4.75,104.4,-1460.59591116,7.732156774193549,0.08714285714285715,2.166947687079812,102.1771428571429,0,106.8,-0.709617409829777,-0.0033116883116883,0.1518223834736432,7.800716215215875,4.66,3.27,4,2013-05-01,4.71,3.22,-1.4899999999999998,2014-04-01,2013-04-01,4.85,3.27,-1.5799999999999996,4.51,-0.3799999999999999,0.1200000000000001,-0.6600000000000001,0.5099999999999998,0
2014-06-01,4.24,4.36,3.13,4.5,101.1,-1464.417370739999,7.806707,0.09571428571428572,2.058981694594422,105.7942857142857,-0.25,104.8,-0.11490347768612352,0.00857142857142856,-0.10796599248538996,9.952092030282513,4.28,3.22,4,2013-06-01,4.87,3.13,-1.7400000000000002,2014-05-01,2013-05-01,4.71,3.22,-1.4899999999999998,4.19,0.08000000000000007,-0.3799999999999999,-0.28000000000000025,0.1900000000000004,0
2014-07-01,4.24,4.41,3.41,4.5,103.8,-140.8869471300022,7.770071612903226,0.09136363636363636,1.9742378703305976,103.5886363636364,0,104.4,-0.6836068324102218,-0.00435064935064934,-0.08474382426382476,-1.039359293483777,4.36,3.13,4,2013-07-01,4.88,3.41,-1.4699999999999998,2014-06-01,2013-06-01,4.87,3.13,-1.7400000000000002,4.24,0.04999999999999982,0.08000000000000007,-0.3600000000000003,0.2400000000000002,0
2014-08-01,4.09,4.06,3.7,4.5,102.2,-1631.860352569999,7.807583870967742,0.08904761904761904,1.715098348296905,96.53619047619048,0,101.1,-1.0368843052865897,-0.00231601731601732,-0.25913952203369206,-9.890966839960846,4.41,3.41,4,2013-08-01,4.85,3.7,-1.1499999999999995,2014-07-01,2013-07-01,4.88,3.41,-1.4699999999999998,4.24,-0.35000000000000053,0.04999999999999982,-0.41000000000000014,0.2400000000000002,0
2014-09-01,4.24,4.13,3.45,4.5,101.8,-627.3552292300014,7.724649666666666,0.08857142857142856,1.684050971123213,93.21190476190476,0,103.8,-2.771462252221468,-4.7619047619047e-4,-0.03104737717369232,-13.12910563918832,4.06,3.7,4,2013-09-01,4.84,3.45,-1.3899999999999997,2014-08-01,2013-08-01,4.85,3.7,-1.1499999999999995,4.09,0.07000000000000028,-0.35000000000000053,-0.05999999999999961,0.08999999999999986,0
2014-10-01,4.08,4.17,3.64,4.5,103.9,1704.94352938,7.647447096774194,0.08863636363636364,1.6095417021513327,84.39695652173913,0,102.2,-4.0320256621181105,6.493506493507328e-5,-0.07450926897188026,-17.500701943634756,4.13,3.45,4,2013-10-01,4.72,3.64,-1.0799999999999996,2014-09-01,2013-09-01,4.84,3.45,-1.3899999999999997,4.24,0.040000000000000036,0.07000000000000028,-0.1299999999999999,0.2400000000000002,0
2014-11-01,4.16,4.16,3.38,4,107.1,-1490.504846719999,7.615450999999999,0.095,1.2315249893208031,75.78947368421052,-0.5,101.8,-3.651252238364,0.00636363636363636,-0.3780167128305294,-21.38875127177169,4.17,3.64,4,2013-11-01,4.69,3.38,-1.3100000000000005,2014-10-01,2013-10-01,4.72,3.64,-1.0799999999999996,4.08,-0.009999999999999787,0.040000000000000036,-0.16999999999999993,0.08000000000000007,0
2014-12-01,4.2,4.21,2.95,4,112.3,-3970.618347609995,7.622571935483872,0.1213636363636364,0.6531213919623156,59.29045454545454,0,103.9,-3.1035216995545234,0.02636363636363639,-0.5784035973584878,-49.86877228651059,4.16,3.38,4,2013-12-01,5.09,2.95,-2.1399999999999997,2014-11-01,2013-11-01,4.69,3.38,-1.3100000000000005,4.16,0.04999999999999982,-0.009999999999999787,-0.16000000000000014,0.16000000000000014,0
2015-01-01,3.75,3.89,2.32,4,107.8,1078.926645269999,7.635784838709677,0.1165,-0.22993097820543085,47.219,0,107.1,-2.7606285326125413,-0.00486363636363638,-0.8830523701677464,-69.50423198092905,4.21,2.95,4,2014-01-01,4.73,2.32,-2.4100000000000006,2014-12-01,2013-12-01,5.09,2.95,-2.1399999999999997,4.2,-0.31999999999999984,0.04999999999999982,-0.20999999999999996,0.20000000000000018,0
2015-02-01,3.79,4.07,2.44,3.5,107.2,-1239.40209232,7.645556785714286,0.1136842105263158,-0.08703146293520092,50.58421052631579,-0.5,112.3,-1.5340338101232476,-0.0028157894736842,0.14289951527022993,-68.96711638959472,3.89,2.32,4,2014-02-01,4.56,2.44,-2.1199999999999997,2015-01-01,2014-01-01,4.73,2.32,-2.4100000000000006,3.75,0.18000000000000016,-0.31999999999999984,0.10999999999999988,-0.25,0
2015-03-01,3.82,4.11,2.43,3.5,111.7,-1200.343411209999,7.626493870967742,0.1136363636363636,-0.02203128442387481,47.82363636363636,0,107.8,-1.3411282460654483,-4.7846889952199434e-5,0.06500017851132611,-74.56561459429759,4.07,2.44,4,2014-03-01,4.46,2.43,-2.03,2015-02-01,2014-02-01,4.56,2.44,-2.1199999999999997,3.79,0.040000000000000036,0.18000000000000016,-0.07000000000000028,-0.20999999999999996,0
2015-04-01,3.62,3.82,2.58,3.5,107.6,-168.8143575199992,7.686672333333333,0.1245454545454545,-0.10403098939390532,54.45285714285714,0,107.2,-0.839415239486696,0.010909090909090891,-0.08199970497003051,-62.83142009250455,4.11,2.43,4,2014-04-01,4.51,2.58,-1.9299999999999997,2015-03-01,2014-03-01,4.46,2.43,-2.03,3.82,-0.2900000000000005,0.040000000000000036,-0.11000000000000032,-0.18000000000000016,0
2015-05-01,3.46,3.57,2.55,3.5,106.7,-1266.01513118,7.689620967741936,0.1245,0.03503321824429406,59.265,0,111.7,-0.551634383885391,-4.545454545450134e-5,0.13906420763819938,-54.468908912022584,3.82,2.58,4,2014-05-01,4.19,2.55,-1.6400000000000006,2015-04-01,2014-04-01,4.51,2.58,-1.9299999999999997,3.62,-0.25,-0.2900000000000005,0.18000000000000016,-0.3799999999999999,0
2015-06-01,3.25,3.67,2.39,3.25,105.6,-883.7487391600002,7.651719333333333,0.1286363636363636,0.17957180975504627,59.81954545454546,-0.25,107.6,-2.005286397104644,0.0041363636363636,0.1445385915107522,-57.01640530839445,3.57,2.55,4,2014-06-01,4.24,2.39,-1.85,2015-05-01,2014-05-01,4.19,2.55,-1.6400000000000006,3.46,0.10000000000000009,-0.25,0.43000000000000016,-0.54,0
2015-07-01,3.16,3.56,2.32,3.25,108.7,434.8869898900002,7.64757935483871,0.1304347826086956,0.22568611104094316,50.90090909090909,0,106.7,-1.5890207365292677,0.00179841897233198,0.04611430128589688,-71.05468524703839,3.67,2.39,4,2014-07-01,4.24,2.32,-1.9200000000000004,2015-06-01,2014-06-01,4.24,2.39,-1.85,3.25,-0.10999999999999988,0.10000000000000009,0.33000000000000007,-0.75,0
2015-08-01,3.04,3.31,1.96,3.25,107.5,-1332.833409919999,7.6466438709677425,0.1419047619047619,0.24130379853448855,42.86761904761904,0,105.6,-2.082871057659874,0.0114699792960663,0.01561768749354541,-81.18012287061474,3.56,2.32,4,2014-08-01,4.09,1.96,-2.13,2015-07-01,2014-07-01,4.24,2.32,-1.9200000000000004,3.16,-0.25,-0.10999999999999988,0.43999999999999995,-0.8399999999999999,0
2015-09-01,3.06,3.4,1.88,3.25,106.7,-640.8297865799973,7.693563999999999,0.1352380952380952,0.00884296163417275,45.47952380952381,0,108.7,-0.4032335970832523,-0.00666666666666668,-0.23246083690031585,-71.76132485307214,3.31,1.96,4,2014-09-01,4.24,1.88,-2.3600000000000003,2015-08-01,2014-08-01,4.09,1.96,-2.13,3.04,0.08999999999999986,-0.25,0.69,-0.96,0
2015-10-01,2.94,3.28,2.23,3,108.5,889.8051885299974,7.683855806451613,0.1242857142857143,0.12761656067050353,46.22363636363637,-0.25,107.5,0.4749599998335796,-0.0109523809523809,0.11877359903633078,-60.20400639201213,3.4,1.88,4,2014-10-01,4.08,2.23,-1.85,2015-09-01,2014-09-01,4.24,1.88,-2.3600000000000003,3.06,-0.1200000000000001,0.08999999999999986,0.6000000000000001,-0.94,0
2015-11-01,3.02,3.37,2.51,3,111.4,-347.2957206800006,7.647624333333334,0.1189473684210526,0.43631821691852224,42.4435,0,106.7,0.42158451403806474,-0.00533834586466171,0.3087016562480187,-57.97856336897142,3.28,2.23,4,2014-11-01,4.16,2.51,-1.6500000000000004,2015-10-01,2014-10-01,4.08,2.23,-1.85,2.94,0.0900000000000003,-0.1200000000000001,0.7200000000000002,-1.06,0
2015-12-01,3.17,3.65,3.07,3,115.2,-2331.829421459999,7.61347935483871,0.2318181818181818,0.638724751536472,37.18863636363636,0,108.5,-0.11935614486109358,0.11287081339712922,0.20240653461794977,-46.644508365086025,3.37,2.51,4,2014-12-01,4.2,3.07,-1.1300000000000003,2015-11-01,2014-11-01,4.16,2.51,-1.6500000000000004,3.02,0.2799999999999998,0.0900000000000003,0.6299999999999999,-0.98,0
2016-01-01,3.62,3.8,4.38,3,109.7,1405.01300772,7.648605483870968,0.3626315789473684,1.2375025026943831,31.68315789473684,0,111.4,0.1677613290103075,0.1308133971291866,0.5987777511579111,-39.90111109668102,3.65,3.07,4,2015-01-01,3.75,4.38,0.6299999999999999,2015-12-01,2014-12-01,4.2,3.07,-1.1300000000000003,3.17,0.1499999999999999,0.2799999999999998,0.3500000000000001,-0.8300000000000001,0
2016-02-01,3.94,4.09,4.27,3,109.4,-819.5374646400019,7.66202551724138,0.374,0.8472775790126548,30.323,0,115.2,0.21517098592243045,0.01136842105263158,-0.39022492368172834,-51.17329821922914,3.8,4.38,4,2015-02-01,3.79,4.27,0.47999999999999954,2016-01-01,2015-01-01,3.75,4.38,0.6299999999999999,3.62,0.29000000000000004,0.1499999999999999,0.20000000000000018,-0.3799999999999999,0
2016-03-01,3.99,3.99,4.26,3,113,-312.8397745700004,7.717160000000001,0.3613043478260869,0.8916160965521982,37.54636363636364,0,109.7,1.1818199898057102,-0.0126956521739131,0.04433851753954343,-24.194346893050337,4.09,4.27,4,2015-03-01,3.82,4.26,0.43999999999999995,2016-02-01,2015-02-01,3.79,4.27,0.47999999999999954,3.94,-0.09999999999999964,0.29000000000000004,-0.08999999999999986,-0.06000000000000005,0
2016-04-01,4.18,4.19,4.09,3,112.3,1105.685932640004,7.730261,0.3666666666666666,1.1726257503534896,40.7552380952381,0,109.4,0.5654663203191301,0.00536231884057969,0.2810096538012914,-28.975094714160576,3.99,4.26,4,2015-04-01,3.62,4.09,0.46999999999999975,2016-03-01,2015-03-01,3.82,4.26,0.43999999999999995,3.99,0.20000000000000018,-0.09999999999999964,0.009999999999999787,-0.009999999999999787,0
2016-05-01,4.15,4.16,4.36,3,111.1,88.85130334999485,7.655817096774194,0.3661904761904762,1.0784764621246268,46.71238095238095,0,113,-0.4405729638299327,-4.761904761904e-4,-0.09414928822886282,-23.80096662405089,4.19,4.09,4,2015-05-01,3.46,4.36,0.9000000000000004,2016-04-01,2015-04-01,3.62,4.09,0.46999999999999975,4.18,-0.03000000000000025,0.20000000000000018,-0.1900000000000004,0.17999999999999972,0
2016-06-01,4.33,4.39,4.43,3,108.4,-950.7872687299968,7.6428823333333344,0.3768181818181818,1.0792865347959406,48.75727272727273,0,112.3,-0.115557125003507,0.01062770562770559,8.1007267131383e-4,-20.447808415350583,4.16,4.36,4,2015-06-01,3.25,4.43,1.1799999999999997,2016-05-01,2015-05-01,3.46,4.36,0.9000000000000004,4.15,0.22999999999999954,-0.03000000000000025,-0.16000000000000014,0.15000000000000036,0
2016-07-01,4.28,4.41,4.62,3,109.4,302.7034346800028,7.604172903225806,0.3955,0.8683633430518256,44.6515,0,111.1,-0.5692010737145203,0.01868181818181824,-0.210923191744115,-13.099288234610418,4.39,4.43,4,2015-07-01,3.16,4.62,1.46,2016-06-01,2015-06-01,3.25,4.43,1.1799999999999997,4.33,0.020000000000000462,0.22999999999999954,-0.3899999999999997,0.33000000000000007,0
2016-08-01,4.4,4.45,4.74,3,110.4,-843.2120099099993,7.534532903225806,0.3956521739130435,1.055315859565681,44.72434782608696,0,108.4,-1.477000202470835,1.521739130435e-4,0.18695251651385547,4.240130724978908,4.41,4.62,4,2015-08-01,3.04,4.74,1.7000000000000002,2016-07-01,2015-07-01,3.16,4.62,1.46,4.28,0.040000000000000036,0.020000000000000462,-0.41000000000000014,0.28000000000000025,0
2016-09-01,4.43,4.42,4.56,3,109.8,-1151.674678639996,7.525949,0.3947619047619048,1.54864462016522,45.18238095238095,0,109.4,-2.2027219551115973,-8.9026915113871e-4,0.4933287605995389,-0.6554989593241078,4.45,4.74,4,2015-09-01,3.06,4.56,1.4999999999999996,2016-08-01,2015-08-01,3.04,4.74,1.7000000000000002,4.4,-0.03000000000000025,0.040000000000000036,-0.4500000000000002,0.40000000000000036,0
2016-10-01,4.42,4.43,4.76,3,110.4,458.6180133800081,7.498369032258065,0.4025,1.6859249662436468,49.77523809523809,0,110.4,-2.4435944773979923,0.00773809523809521,0.13728034607842687,7.402635650637812,4.42,4.56,4,2015-10-01,2.94,4.76,1.8199999999999998,2016-09-01,2015-09-01,3.06,4.56,1.4999999999999996,4.43,0.009999999999999787,-0.03000000000000025,-0.41999999999999993,0.4299999999999997,0
2016-11-01,4.67,4.6,4.67,3,115,-1561.709965920003,7.504329333333333,0.405,1.6843334719788885,45.66095238095238,0,109.8,-1.8914956501934643,0.0025,-0.00159149426475835,7.30697192725609,4.43,4.76,4,2015-11-01,3.02,4.67,1.65,2016-10-01,2015-10-01,2.94,4.76,1.8199999999999998,4.42,0.16999999999999993,0.009999999999999787,-0.4299999999999997,0.41999999999999993,0
2016-12-01,4.68,4.66,4.23,3,120.6,-3293.776001350008,7.504338387096774,0.5357142857142857,2.05079891151199,51.97047619047619,0,110.4,-1.443897072660949,0.13071428571428567,0.3664654395331013,33.46725512571695,4.6,4.67,4,2015-12-01,3.17,4.23,1.0600000000000005,2016-11-01,2015-11-01,3.02,4.67,1.65,4.67,0.0600000000000005,0.16999999999999993,-0.5999999999999996,0.6699999999999999,0
2017-01-01,4.42,4.4,3.83,3,115.4,1258.962081910001,7.5221361290322575,0.655,2.510393348257111,52.504,0,115,-1.6673184195426405,0.11928571428571431,0.459594436745121,50.51041141722856,4.66,4.23,4,2016-01-01,3.62,3.83,0.20999999999999996,2016-12-01,2015-12-01,3.17,4.23,1.0600000000000005,4.68,-0.2599999999999998,0.0600000000000005,-0.6600000000000001,0.6799999999999997,0
2017-02-01,4.4,4.46,3.96,3,114.3,-559.72116448,7.411076071428572,0.6552631578947369,2.810361681329425,53.46842105263158,0,120.6,-3.330072905488546,2.6315789473685e-4,0.2999683330723144,56.718471846055166,4.4,3.83,4,2016-02-01,3.94,3.96,0.020000000000000018,2017-01-01,2016-01-01,3.62,3.83,0.20999999999999996,4.42,0.05999999999999961,-0.2599999999999998,-0.40000000000000036,0.41999999999999993,0
2017-03-01,4.22,4.28,4,3,118.1,420.3135657399998,7.359498709677419,0.7865217391304348,2.4411962365591364,49.32782608695652,0,115.4,-4.745460038316063,0.1312585812356979,-0.3691654447702888,27.29118125474428,4.46,3.96,4,2016-03-01,3.99,4,0.009999999999999787,2017-02-01,2016-02-01,3.94,3.96,0.020000000000000018,4.4,-0.17999999999999972,0.05999999999999961,-0.45999999999999996,0.40000000000000036,0
2017-04-01,4.38,4.51,4.09,3,114.7,550.7090155899996,7.337470666666667,0.906,2.1762234719153923,51.06052631578947,0,114.3,-5.214843916534728,0.11947826086956526,-0.2649727646437441,22.54273459103797,4.28,4,4,2016-04-01,4.18,4.09,-0.08999999999999986,2017-03-01,2016-03-01,3.99,4,0.009999999999999787,4.22,0.22999999999999954,-0.17999999999999972,-0.28000000000000025,0.21999999999999975,0
2017-05-01,4.2,4.17,3.93,3,113.7,-1226.1530537,7.338811612903226,0.9063636363636364,1.856343166761974,48.47636363636364,0,118.1,-4.228883976498676,3.6363636363634e-4,-0.3198803051534185,3.706708515615098,4.51,4.09,4,2016-05-01,4.15,3.93,-0.2200000000000002,2017-04-01,2016-04-01,4.18,4.09,-0.08999999999999986,4.38,-0.33999999999999986,0.22999999999999954,-0.5099999999999998,0.3799999999999999,0
2017-06-01,4.17,4.26,4.36,3,111.7,28.14628804999938,7.343816333333334,1.041818181818182,1.6405658099591278,45.17772727272727,0,114.7,-3.991615686361949,0.1354545454545456,-0.21577735680284604,-7.625016452677968,4.17,3.93,4,2016-06-01,4.33,4.36,0.03000000000000025,2017-05-01,2016-05-01,4.15,3.93,-0.2200000000000002,4.2,0.08999999999999986,-0.33999999999999986,-0.16999999999999993,0.20000000000000018,0
2017-07-01,4.33,4.48,5.22,3,113.8,263.1234599700019,7.306322258064516,1.1555,1.7251073506566,46.63052631578947,0,113.7,-3.995712673754648,0.113681818181818,0.08454154069747233,4.336749643734583,4.26,4.36,4,2016-07-01,4.28,5.22,0.9399999999999995,2017-06-01,2016-06-01,4.33,4.36,0.03000000000000025,4.17,0.22000000000000064,0.08999999999999986,-0.2599999999999998,0.16999999999999993,0
2017-08-01,4.48,4.51,4.72,3,113.9,-1050.37494083,7.275192580645161,1.156086956521739,1.9281215572969757,48.03695652173913,0,111.7,-3.502655560153589,5.8695652173912e-4,0.2030142066403755,7.145259477851829,4.48,5.22,4,2016-08-01,4.4,4.72,0.3199999999999994,2017-07-01,2016-07-01,4.28,5.22,0.9399999999999995,4.33,0.02999999999999936,0.22000000000000064,-0.4800000000000004,0.33000000000000007,0
2017-09-01,4.6,4.75,4.36,3,112.1,-1237.909112780001,7.301883,1.155,2.1805652303711724,49.822,0,113.8,-3.0224655542499423,-0.00108695652173906,0.2524436730741968,9.774944464135071,4.51,4.72,4,2016-09-01,4.43,4.36,-0.0699999999999994,2017-08-01,2016-08-01,4.4,4.72,0.3199999999999994,4.48,0.2400000000000002,0.02999999999999936,-0.5099999999999998,0.4800000000000004,0
2017-10-01,4.5,4.53,4.2,3,113.6,779.0726923099992,7.34362,1.155714285714286,2.020757753132486,51.57772727272727,0,113.9,-2.0853625468216563,7.1428571428588e-4,-0.1598074772386866,3.5572303932866145,4.75,4.36,4,2016-10-01,4.42,4.2,-0.21999999999999975,2017-09-01,2016-09-01,4.43,4.36,-0.0699999999999994,4.6,-0.21999999999999975,0.2400000000000002,-0.75,0.5999999999999996,0
2017-11-01,4.49,4.63,4.69,2.75,116.9,-1196.09149938,7.332673666666667,1.155714285714286,2.1724938642955607,56.63857142857143,-0.25,112.1,-2.313989234662306,0,0.15173611116307484,21.544672812774568,4.53,4.2,4,2016-11-01,4.67,4.69,0.020000000000000462,2017-10-01,2016-10-01,4.42,4.2,-0.21999999999999975,4.5,0.09999999999999964,-0.21999999999999975,-0.5300000000000002,0.5,0
2017-12-01,4.53,4.56,5.68,2.75,122.6,-5317.894698660002,7.34079,1.2985,2.1299307195522488,57.8815,0,113.6,-2.2034838653937516,0.14278571428571407,-0.04256314474331191,10.772202534134934,4.63,4.69,4,2016-12-01,4.68,5.68,1,2017-11-01,2016-11-01,4.67,4.69,0.020000000000000462,4.49,-0.07000000000000028,0.09999999999999964,-0.6299999999999999,0.4900000000000002,0
2018-01-01,4.88,4.71,4.71,2.75,117.7,1666.47242742,7.343481612903226,1.416190476190476,2.151318868063939,63.69857142857143,0,116.9,-2.403709298763568,0.117690476190476,0.02138814851169002,19.32727786021782,4.56,5.68,4,2017-01-01,4.42,4.71,0.29000000000000004,2017-12-01,2016-12-01,4.68,5.68,1,4.53,0.15000000000000036,-0.07000000000000028,-0.5599999999999996,0.5300000000000002,0
2018-02-01,4.67,4.56,4.15,2.75,117.8,-587.2056413699993,7.359597142857142,1.416315789473684,2.2634689310918645,62.22947368421053,0,122.6,-0.6970452363166402,1.2531328320797e-4,0.11215006302792574,15.173752202488444,4.71,4.71,4,2017-02-01,4.4,4.15,-0.25,2018-01-01,2017-01-01,4.42,4.71,0.29000000000000004,4.88,-0.15000000000000036,0.15000000000000036,-0.71,0.8799999999999999,0
2018-03-01,4.55,4.62,4.14,2.75,121.7,174.3408753100002,7.392914516129032,1.505454545454545,2.3309497646499437,62.72476190476191,0,117.7,0.4530223372852582,0.08913875598086096,0.06748083355807921,24.02679508945305,4.56,4.15,4,2017-03-01,4.22,4.14,-0.08000000000000007,2018-02-01,2017-02-01,4.4,4.15,-0.25,4.67,0.0600000000000005,-0.15000000000000036,-0.5599999999999996,0.6699999999999999,0
2018-04-01,4.42,4.46,3.92,2.75,119.5,563.8631622899975,7.402599666666666,1.692380952380952,2.4709963021053056,66.25380952380952,0,117.8,0.88370574051575,0.18692640692640716,0.14004653745536189,26.04812459084815,4.62,4.14,4,2017-04-01,4.38,3.92,-0.45999999999999996,2018-03-01,2017-03-01,4.22,4.14,-0.08000000000000007,4.55,-0.16000000000000014,0.0600000000000005,-0.6200000000000001,0.5499999999999998,0
2018-05-01,4.31,4.48,4.09,2.75,118.7,-933.5571350799984,7.440304516129032,1.7,2.7819216078424915,69.97818181818182,0,121.7,1.3734853675361205,0.00761904761904785,0.3109253057371859,36.71071737056675,4.46,3.92,4,2017-05-01,4.2,4.09,-0.11000000000000032,2018-04-01,2017-04-01,4.38,3.92,-0.45999999999999996,4.42,0.020000000000000462,-0.16000000000000014,-0.45999999999999996,0.41999999999999993,0
2018-06-01,4.35,4.43,3.79,2.75,116.4,-1493.75901177,7.485269666666667,1.820952380952381,2.807550693594024,67.87333333333333,0,119.5,1.907840090563773,0.12095238095238114,0.02562908575153244,40.70390170715279,4.48,4.09,4,2017-06-01,4.17,3.79,-0.3799999999999999,2018-05-01,2017-05-01,4.2,4.09,-0.11000000000000032,4.31,-0.05000000000000071,0.020000000000000462,-0.4800000000000004,0.3099999999999996,0
2018-07-01,4.26,4.36,2.61,2.75,118.2,114.1530734400003,7.484703225806451,1.91,2.854124785561936,70.98142857142857,0,118.7,2.41213318077258,0.08904761904761882,0.04657409196791207,42.016287558914286,4.43,3.79,4,2017-07-01,4.33,2.61,-1.7200000000000002,2018-06-01,2017-06-01,4.17,3.79,-0.3799999999999999,4.35,-0.0699999999999994,-0.05000000000000071,-0.4299999999999997,0.34999999999999964,0
2018-08-01,4.07,4.33,3.36,2.75,118,-1708.64472957,7.500703225806451,1.914782608695652,2.642923856874262,68.05565217391305,0,116.4,3.05264953140727,0.00478260869565216,-0.21120092868767415,34.83551425780047,4.36,2.61,4,2017-08-01,4.48,3.36,-1.1200000000000006,2018-07-01,2017-07-01,4.33,2.61,-1.7200000000000002,4.26,-0.03000000000000025,-0.0699999999999994,-0.3600000000000003,0.2599999999999998,0
2018-09-01,4.12,4.32,4.55,2.75,115.4,-1526.053190490001,7.654351333333333,1.948947368421053,2.332055105808834,70.23210526315789,0,118.2,4.714202777728893,0.03416475972540089,-0.3108687510654278,34.33488928662203,4.33,3.36,4,2017-09-01,4.6,4.55,-0.04999999999999982,2018-08-01,2017-08-01,4.48,3.36,-1.1200000000000006,4.07,-0.009999999999999787,-0.03000000000000025,-0.33000000000000007,0.07000000000000028,0
2018-10-01,4.3,4.32,4.34,2.75,118.1,573.9227578799992,7.724274516129032,2.188181818181818,2.4920324702180494,70.74869565217391,0,118,5.053599554384203,0.23923444976076505,0.15997736440921528,31.60441630398423,4.32,4.55,4,2017-10-01,4.5,4.34,-0.16000000000000014,2018-09-01,2017-09-01,4.6,4.55,-0.04999999999999982,4.12,0,-0.009999999999999787,-0.3200000000000003,0.1200000000000001,0
2018-11-01,4.44,4.47,3.15,2.75,121.2,-2102.247280010001,7.700699,2.199,2.1473285776677784,56.9635,0,115.4,4.897089786163433,0.01081818181818183,-0.344703892550271,0.5720484730969311,4.32,4.34,4,2017-11-01,4.49,3.15,-1.3400000000000003,2018-10-01,2017-10-01,4.5,4.34,-0.16000000000000014,4.3,0.14999999999999947,0,-0.3200000000000003,0.2999999999999998,0
2018-12-01,4.24,4.38,2.31,2.75,125.2,-5109.903033460001,7.73000064516129,2.267,2.0023809043401,49.52277777777778,0,118.1,5.166247979874505,0.06800000000000006,-0.14494767332767822,-15.596509625346222,4.47,3.15,4,2017-12-01,4.53,2.31,-2.22,2018-11-01,2017-11-01,4.49,3.15,-1.3400000000000003,4.44,-0.08999999999999986,0.14999999999999947,-0.46999999999999975,0.4400000000000004,0
2019-01-01,4.03,4.07,4.1,2.75,121.9,1054.85852076,7.729149677419355,2.4,1.4875893578291368,51.37571428571429,0,121.2,5.1185789278867855,0.133,-0.5147915465109634,-21.499655968228424,4.38,2.31,4,2018-01-01,4.88,4.1,-0.7800000000000002,2018-12-01,2017-12-01,4.53,2.31,-2.22,4.24,-0.3099999999999996,-0.08999999999999986,-0.3799999999999999,0.2400000000000002,0
2019-02-01,4.23,4.25,4.46,2.75,122.7,-1143.09596481,7.737828214285714,2.4,1.5188615351321886,54.95473684210526,0,125.2,5.0115860540788315,0,0.03127217730305176,-12.431886105349133,4.07,4.1,4,2018-02-01,4.67,4.46,-0.20999999999999996,2019-01-01,2018-01-01,4.88,4.1,-0.7800000000000002,4.03,0.17999999999999972,-0.3099999999999996,-0.07000000000000028,0.03000000000000025,0
2019-03-01,4.34,4.35,4.17,2.75,125.9,-444.204622199999,7.690478387096774,2.403809523809524,1.883186351306392,58.15142857142857,0,121.9,3.946094687206747,0.00380952380952415,0.3643248161742037,-7.570585071714397,4.25,4.46,4,2018-03-01,4.55,4.17,-0.3799999999999999,2019-02-01,2018-02-01,4.67,4.46,-0.20999999999999996,4.23,0.09999999999999964,0.17999999999999972,-0.25,0.23000000000000043,0
2019-04-01,4.32,4.3,4.75,2.75,124,-781.2795967699994,7.644305666666667,2.423181818181818,2.0005834702090652,63.86238095238095,0,122.7,3.212976854570604,0.01937229437229382,0.117397118902673,-3.6762494928145095,4.35,4.17,4,2018-04-01,4.42,4.75,0.33000000000000007,2019-03-01,2018-03-01,4.55,4.17,-0.3799999999999999,4.34,-0.04999999999999982,0.09999999999999964,-0.34999999999999964,0.33999999999999986,0
2019-05-01,4.42,4.39,4.54,2.75,123.7,-918.7014453500004,7.667630322580645,2.392727272727273,1.7959105553606207,60.82681818181818,0,125.9,3.009583601718546,-0.03045454545454484,-0.20467291484844452,-14.015272491484865,4.3,4.75,4,2018-05-01,4.31,4.54,0.23000000000000043,2019-04-01,2018-04-01,4.42,4.75,0.33000000000000007,4.32,0.08999999999999986,-0.04999999999999982,-0.2999999999999998,0.3200000000000003,0
2019-06-01,4.4,4.36,4.8,2.75,120.5,-2215.396158109999,7.704992333333333,2.3755,1.6711948943900552,54.6575,0,124,2.893142891331868,-0.01722727272727287,-0.12471566097056552,-21.655678084203434,4.39,4.54,4,2018-06-01,4.35,4.8,0.4500000000000002,2019-05-01,2018-05-01,4.31,4.54,0.23000000000000043,4.42,-0.02999999999999936,0.08999999999999986,-0.3899999999999997,0.41999999999999993,0
2019-07-01,4.57,4.6,4.37,2.75,123,351.2429272899981,7.67590935483871,2.402727272727273,1.826331335037068,57.35809523809524,0,123.7,2.5225401275192905,0.02722727272727265,0.15513644064701282,-21.310428481575272,4.36,4.8,4,2018-07-01,4.26,4.37,0.11000000000000032,2019-06-01,2018-06-01,4.35,4.8,0.4500000000000002,4.4,0.23999999999999932,-0.02999999999999936,-0.3600000000000003,0.40000000000000036,0
2019-08-01,4.6,4.53,3.01,2.75,122,-1871.020804409999,7.67082129032258,2.125,1.737641210666638,54.80590909090909,0,120.5,2.242690832800331,-0.2777272727272728,-0.08869012437043011,-21.65277665131713,4.6,4.37,4,2018-08-01,4.07,3.01,-1.0600000000000005,2019-07-01,2018-07-01,4.26,4.37,0.11000000000000032,4.57,-0.0699999999999994,0.23999999999999932,-0.5999999999999996,0.5700000000000003,0
2019-09-01,4.33,4.34,1.8,2.75,120.8,-1919.505329419999,7.705932333333333,2.0525,1.6844977040391598,56.947,0,123,0.6716177254021627,-0.07249999999999979,-0.05314350662747813,-20.968453569662326,4.53,3.01,4,2018-09-01,4.12,1.8,-2.3200000000000003,2019-08-01,2018-08-01,4.07,3.01,-1.0600000000000005,4.6,-0.1900000000000004,-0.0699999999999994,-0.5300000000000002,0.5999999999999996,0
2019-10-01,4.18,4.22,2.17,2.75,122.9,561.5989538499998,7.762956451612903,1.83,1.7339736996186303,53.96304347826087,0,122,0.4995343067037528,-0.22250000000000017,0.04947599557947058,-27.083466810457544,4.34,1.8,4,2018-10-01,4.3,2.17,-2.13,2019-09-01,2018-09-01,4.12,1.8,-2.3200000000000003,4.33,-0.1200000000000001,-0.1900000000000004,-0.33999999999999986,0.33000000000000007,0
2019-11-01,4.05,4.25,2.92,2.75,127.1,-1733.2204952,7.704358666666667,1.552631578947368,2.092290394862914,57.04894736842105,0,120.8,0.04751253535948407,-0.27736842105263215,0.3583166952442838,0.14989132571310293,4.22,2.17,4,2018-11-01,4.44,2.92,-1.5200000000000005,2019-10-01,2018-10-01,4.3,2.17,-2.13,4.18,0.03000000000000025,-0.1200000000000001,-0.21999999999999975,0.17999999999999972,0
2019-12-01,3.89,4.1,3.41,2.75,130.7,-4222.775985630002,7.688606129032258,1.550952380952381,2.319527469962452,59.81666666666667,0,122.9,-0.5369436576010411,-0.00167919799498683,0.22723707509953783,18.88516080638611,4.25,2.92,4,2018-12-01,4.24,3.41,-0.8300000000000001,2019-11-01,2018-11-01,4.44,2.92,-1.5200000000000005,4.05,-0.15000000000000036,0.03000000000000025,-0.25,0.04999999999999982,0
2020-01-01,4.07,4.11,1.78,2.75,127.1,1446.39001205,7.695609032258065,1.551904761904762,2.5997679768452,57.51904761904762,0,127.1,-0.4348942976195147,9.5238095238081e-4,0.28024050688274826,11.295057979649448,4.1,3.41,4,2019-01-01,4.03,1.78,-2.25,2019-12-01,2018-12-01,4.24,3.41,-0.8300000000000001,3.89,0.010000000000000675,-0.15000000000000036,-0.09999999999999964,-0.10999999999999988,0
2020-02-01,3.92,3.85,1.24,2.75,125.5,-524.0532709400013,7.648576896551724,1.583684210526316,2.3413166797595153,50.54263157894737,0,130.7,-1.160145181985195,0.03177944862155413,-0.25845129708568493,-8.369271006670909,4.11,1.78,4,2019-02-01,4.23,1.24,-2.99,2020-01-01,2019-01-01,4.03,1.78,-2.25,4.07,-0.26000000000000023,0.010000000000000675,-0.11000000000000032,0.07000000000000028,0
2020-03-01,3.86,3.99,1.77,2,120.9,-2306.593863879999,7.6864487096774194,0.6254545454545455,1.49403996429092,29.20772727272727,-0.75,127.1,-0.05241199995604795,-0.9582296650717704,-0.8472767154685954,-68.86171387765754,3.85,1.24,4,2019-03-01,4.34,1.77,-2.57,2020-02-01,2019-02-01,4.23,1.24,-2.99,3.92,0.14000000000000012,-0.26000000000000023,0.1499999999999999,-0.08000000000000007,0
2020-04-01,3.55,3.97,1.88,2,112.1,810.8235613699999,7.707339666666667,0.04863636363636364,0.3130472940411124,16.54761904761905,0,125.5,0.8212064944382647,-0.5768181818181819,-1.1809926702498077,-135.04882432497533,3.99,1.77,4,2019-04-01,4.32,1.88,-2.4400000000000004,2020-03-01,2019-03-01,4.34,1.77,-2.57,3.86,-0.020000000000000018,0.14000000000000012,0.009999999999999787,-0.14000000000000012,0
2020-05-01,3.78,3.96,1.8,2,111,-3854.211386309999,7.698647096774193,0.05,0.19820130358485244,28.5625,0,120.9,0.403699809281699,0.00136363636363636,-0.11484599045625998,-75.59361115835009,3.97,1.88,4,2019-05-01,4.42,1.8,-2.62,2020-04-01,2019-04-01,4.32,1.88,-2.4400000000000004,3.55,-0.010000000000000231,-0.020000000000000018,0.029999999999999805,-0.4500000000000002,0
2020-06-01,3.5,3.77,2.39,1.75,111,-4954.227675729999,7.697426333333333,0.07681818181818181,0.7166562831830419,38.30727272727272,-0.25,112.1,-0.09824431827620828,0.02681818181818181,0.5184549795981894,-35.54466755682925,3.96,1.8,4,2019-06-01,4.4,2.39,-2.0100000000000002,2020-05-01,2019-05-01,4.42,1.8,-2.62,3.78,-0.18999999999999995,-0.010000000000000231,0.040000000000000036,-0.2200000000000002,0
2020-07-01,3.49,3.9,2.88,1.75,118.3,-1737.105931030001,7.695966129032258,0.09347826086956522,0.9968647625897944,40.71045454545455,0,111,0.26095430705685985,0.0166600790513834,0.28020847940675253,-34.282906069163,3.77,2.39,4,2019-07-01,4.57,2.88,-1.6900000000000004,2020-06-01,2019-06-01,4.4,2.39,-2.0100000000000002,3.5,0.1299999999999999,-0.18999999999999995,0.22999999999999998,-0.5,0
2020-08-01,3.61,3.92,4.19,1.75,120.6,-4223.510002749999,7.705185806451613,0.09476190476190476,1.281069849552381,42.33904761904762,0,111,0.4469895614583663,0.00128364389233955,0.2842050869625865,-25.808824645860938,3.9,2.88,4,2019-08-01,4.6,4.19,-0.40999999999999925,2020-07-01,2019-07-01,4.57,2.88,-1.6900000000000004,3.49,0.020000000000000018,0.1299999999999999,0.10000000000000009,-0.5099999999999998,0
2020-09-01,3.81,3.99,4.97,1.75,121.8,-4085.939413319998,7.757204333333333,0.09,1.391022891237384,39.63428571428572,0,118.3,0.6631537831609968,-0.00476190476190477,0.10995304168500296,-36.242646618127104,3.92,4.19,4,2019-09-01,4.33,4.97,0.6399999999999997,2020-08-01,2019-08-01,4.6,4.19,-0.40999999999999925,3.61,0.07000000000000028,0.020000000000000018,0.08000000000000007,-0.3900000000000001,0
2020-10-01,4.19,4.15,5.34,1.75,125.7,67.21199636000165,7.781356774193548,0.09,1.2303863428671633,39.39590909090909,0,120.6,0.2367467884580865,0,-0.16063654837022057,-31.463745150396072,3.99,4.97,4,2019-10-01,4.18,5.34,1.1600000000000001,2020-09-01,2019-09-01,4.33,4.97,0.6399999999999997,3.81,0.16000000000000014,0.07000000000000028,0.009999999999999787,-0.18999999999999995,0
2020-11-01,4.49,4.27,5.46,1.75,128.7,-3187.883934360001,7.788877333333333,0.08684210526315789,1.1757452138405853,40.93736842105263,0,121.8,1.0910503794531845,-0.0031578947368421,-0.05464112902657803,-33.18663258542185,4.15,5.34,4,2019-11-01,4.05,5.46,1.4100000000000001,2020-10-01,2019-10-01,4.18,5.34,1.1600000000000001,4.19,0.11999999999999922,0.16000000000000014,-0.15000000000000036,0.1900000000000004,0
2020-12-01,4.49,4.26,4.82,1.75,136,-6914.287876709997,7.8012187096774195,0.09,1.3204191315779497,47.025,0,125.7,1.45404568357117,0.0031578947368421,0.14467391773736438,-24.060495373841206,4.27,5.46,4,2019-12-01,3.89,4.82,0.9300000000000002,2020-11-01,2019-11-01,4.05,5.46,1.4100000000000001,4.49,-0.009999999999999787,0.11999999999999922,-0.2699999999999996,0.4900000000000002,0
2021-01-01,4.33,4.12,5.24,1.75,128.9,1543.245230660001,7.79006870967742,0.08526315789473685,1.3738437137002393,52.00842105263158,0,128.7,1.2199769433562049,-0.00473684210526315,0.05342458212228962,-10.071050709794838,4.26,4.82,4,2020-01-01,4.07,5.24,1.17,2020-12-01,2019-12-01,3.89,4.82,0.9300000000000002,4.49,-0.13999999999999968,-0.009999999999999787,-0.2599999999999998,0.4900000000000002,0
2021-02-01,4.56,4.39,6,1.75,128.5,-499.4594672399999,7.745361785714286,0.07578947368421053,1.669816779170688,59.04631578947368,0,136,1.2574581003577112,-0.00947368421052631,0.29597306547044866,15.550497948904196,4.12,5.24,4,2020-02-01,3.92,6,2.08,2021-01-01,2020-01-01,4.07,5.24,1.17,4.33,0.2699999999999996,-0.13999999999999968,-0.1200000000000001,0.33000000000000007,0
2021-03-01,4.6,4.34,5.84,1.75,133,649.2310526600004,7.7203283870967745,0.06956521739130435,2.667818782064188,62.33304347826087,0,128.9,0.439802975233583,-0.00622425629290618,0.9980020028935002,75.80583712014443,4.39,6,4,2020-03-01,3.86,5.84,1.98,2021-02-01,2020-02-01,3.92,6,2.08,4.56,-0.04999999999999982,0.2699999999999996,-0.3899999999999997,0.5599999999999996,0
2021-04-01,4.54,4.39,5.2,1.75,129.4,-600.3395319700012,7.716579333333333,0.06863636363636365,4.133077115360578,61.71666666666667,0,128.5,0.1198095992582804,-9.288537549407e-4,1.46525833329639,131.63117914100883,4.34,5.84,4,2020-04-01,3.55,5.2,1.6500000000000004,2021-03-01,2020-03-01,3.86,5.84,1.98,4.6,0.04999999999999982,-0.04999999999999982,-0.33999999999999986,0.5999999999999996,0
2021-05-01,4.54,4.41,5.17,1.75,129.4,-1532.72454081,7.714919032258064,0.0595,4.91825708946763,65.1695,0,133,0.21113792087530392,-0.00913636363636365,0.7851799741070522,82.48968994186043,4.39,5.2,4,2020-05-01,3.78,5.17,1.3900000000000001,2021-04-01,2020-04-01,3.55,5.2,1.6500000000000004,4.54,0.020000000000000462,0.04999999999999982,-0.3899999999999997,0.54,0
2021-06-01,4.28,4.23,3.91,1.75,127.1,-1317.4599045,7.738516000000001,0.07727272727272727,5.2956326203500055,71.37818181818182,0,129.4,0.5323907388750548,0.01777272727272727,0.3773755308823752,62.23524792706634,4.41,5.17,4,2020-06-01,3.5,3.91,0.41000000000000014,2021-05-01,2020-05-01,3.78,5.17,1.3900000000000001,4.54,-0.17999999999999972,0.020000000000000462,-0.41000000000000014,0.54,0
2021-07-01,4.3,4.12,3.82,1.75,131,530.8554706199975,7.745088387096775,0.09857142857142856,5.245169381309239,72.4852380952381,0,129.4,0.6362573712623387,0.0212987012987013,-0.05046323904076644,57.68980007471325,4.23,3.91,4,2020-07-01,3.49,3.82,0.3299999999999996,2021-06-01,2020-06-01,3.5,3.91,0.41000000000000014,4.28,-0.11000000000000032,-0.17999999999999972,-0.23000000000000043,0.28000000000000025,0
2021-08-01,4.22,4.14,3.62,1.75,130,-1317.600347649999,7.738385161290323,0.0931818181818182,5.152015301793966,67.73045454545455,0,127.1,0.42994468118222606,-0.00538961038961038,-0.09315407951527276,46.98261525352536,4.12,3.82,4,2020-08-01,3.61,3.62,0.010000000000000231,2021-07-01,2020-07-01,3.49,3.82,0.3299999999999996,4.3,0.019999999999999574,-0.11000000000000032,-0.1200000000000001,0.2999999999999998,0
2021-09-01,4.21,4.2,3.67,1.75,129.1,-1002.42141989,7.731863666666667,0.07904761904761905,5.351215590949138,71.64619047619048,0,131,-0.3272074120373336,-0.01413419913419913,0.19920028915517207,59.20454398128725,4.14,3.62,4,2020-09-01,3.81,3.67,-0.14000000000000012,2021-08-01,2020-08-01,3.61,3.62,0.010000000000000231,4.22,0.0600000000000005,0.019999999999999574,-0.13999999999999968,0.21999999999999975,0
2021-10-01,4.22,3.89,2.96,1.75,131.3,2986.419439949999,7.731476129032258,0.0795,6.235042390298062,81.47666666666667,0,130,-0.6430910121986155,4.5238095238095e-4,0.8838267993489239,72.66546999538615,4.2,3.67,4,2020-10-01,4.19,2.96,-1.2300000000000004,2021-09-01,2020-09-01,3.81,3.67,-0.14000000000000012,4.21,-0.31000000000000005,0.0600000000000005,-0.20000000000000018,0.20999999999999996,0
2021-11-01,4.17,4.08,2.89,1.75,136.6,-3615.788487470001,7.731369333333333,0.0795,6.901970403700858,79.1475,0,129.1,-0.7410740876149902,0,0.6669280134027957,65.92699009831384,3.89,2.96,4,2020-11-01,4.49,2.89,-1.6,2021-10-01,2020-10-01,4.19,2.96,-1.2300000000000004,4.22,0.18999999999999995,-0.31000000000000005,0.10999999999999988,0.21999999999999975,0
2021-12-01,4.22,4.02,3.07,1.75,141.6,-3594.774007080004,7.725414193548387,0.07956521739130434,7.17434028506554,71.71181818181819,0,131.3,-0.9764527686761504,6.521739130434245e-5,0.272369881364682,42.19761870341063,4.08,2.89,4,2020-12-01,4.49,3.07,-1.4200000000000004,2021-11-01,2020-11-01,4.49,2.89,-1.6,4.17,-0.0600000000000005,0.18999999999999995,-0.08000000000000007,0.16999999999999993,0
2022-01-01,4.2,4.09,2.87,1.75,134.9,1914.248437470001,7.702852903225807,0.08,7.558805726967833,83.222,0,136.6,-1.1258912933418852,4.3478260869565e-4,0.38446544190229304,47.0106087160604,4.02,3.07,4,2021-01-01,4.33,2.87,-1.46,2021-12-01,2020-12-01,4.49,3.07,-1.4200000000000004,4.22,0.07000000000000028,-0.0600000000000005,-0.019999999999999574,0.21999999999999975,0
2022-02-01,3.84,3.92,2.98,1.75,134.2,-1381.409048209998,7.698491428571429,0.08,7.937278766517821,91.64105263157894,0,141.6,-0.6069793644601695,0,0.3784730395499878,43.95571947896828,4.09,2.87,4,2021-02-01,4.56,2.98,-1.5799999999999996,2022-01-01,2021-01-01,4.33,2.87,-1.46,4.2,-0.16999999999999993,0.07000000000000028,-0.08999999999999986,0.20000000000000018,0
2022-03-01,3.79,3.8,4.17,1.75,138.9,664.4253206799958,7.694115483870968,0.1995652173913044,8.572204966013857,108.5026086956522,0,134.9,-0.3401086502131445,0.1195652173913044,0.6349261994960358,55.428253787509085,3.92,2.98,4,2021-03-01,4.6,4.17,-0.4299999999999997,2022-02-01,2021-02-01,4.56,2.98,-1.5799999999999996,3.84,-0.1200000000000001,-0.16999999999999993,0.08000000000000007,-0.16000000000000014,0
2022-04-01,4.14,3.94,4.62,1.75,135.8,1029.35935085,7.662973,0.33,8.231750770777225,101.7775,0,134.2,-0.6971145747676211,0.13043478260869562,-0.34045419523663156,50.02350393850321,3.8,4.17,4,2021-04-01,4.54,4.62,0.08000000000000007,2022-03-01,2021-03-01,4.6,4.17,-0.4299999999999997,3.79,0.14000000000000012,-0.1200000000000001,0.20000000000000018,-0.20999999999999996,0
2022-05-01,4.29,4.01,5.82,2,135.9,-1963.784299260001,7.669855161290323,0.7585714285714286,8.538171195642065,109.552380952381,0.25,138.9,-0.5858259507799612,0.42857142857142855,0.30642042486483945,51.94112316654591,3.94,4.62,4,2021-05-01,4.54,5.82,1.2800000000000002,2022-04-01,2021-04-01,4.54,4.62,0.08000000000000007,4.14,0.06999999999999984,0.14000000000000012,0.06000000000000005,0.13999999999999968,0
2022-06-01,4.61,4.16,7.55,2.25,132.6,-1695.962518630005,7.735068333333333,1.187142857142857,8.979361103105802,114.8371428571429,0.25,135.8,-0.04456196637376841,0.4285714285714285,0.44118990746373754,47.55227297368671,4.01,5.82,4,2021-06-01,4.28,7.55,3.2699999999999996,2022-05-01,2021-05-01,4.54,5.82,1.2800000000000002,4.29,0.15000000000000036,0.06999999999999984,-0.009999999999999787,0.29000000000000004,0
2022-07-01,4.88,4.51,8.36,2.25,135.6,955.0246362599974,7.739475806451614,1.6545,8.462576727730095,101.619,0,135.9,-0.07249259095445382,0.467357142857143,-0.5167843753757069,33.784759688528524,4.16,7.55,4,2021-07-01,4.3,8.36,4.06,2022-06-01,2021-06-01,4.28,7.55,3.2699999999999996,4.61,0.34999999999999964,0.15000000000000036,-0.16000000000000014,0.6100000000000003,0
2022-08-01,5.44,4.55,8.87,2.75,136,-1813.647903429999,7.731304516129032,2.33,8.222579178218822,93.66521739130437,0.5,132.6,-0.09154218091511623,0.6755,-0.23999754951127272,32.419098351179,4.51,8.36,4,2021-08-01,4.22,8.87,4.6499999999999995,2022-07-01,2021-07-01,4.3,8.36,4.06,4.88,0.040000000000000036,0.34999999999999964,-0.5099999999999998,0.8799999999999999,0
2022-09-01,5.6,4.61,9.03,3,134,-2049.425317580001,7.800417,2.58,8.192106896425827,84.25809523809524,0.25,135.6,0.882726496476316,0.25,-0.03047228179299566,16.214466617888945,4.55,8.87,4,2021-09-01,4.21,9.03,4.819999999999999,2022-08-01,2021-08-01,4.22,8.87,4.6499999999999995,5.44,0.0600000000000005,0.040000000000000036,-0.5499999999999998,1.4400000000000004,0
2022-10-01,5.64,4.67,9.7,3,136.1,958.3819471699936,7.8651835483870975,3.08,7.758813957693008,87.5547619047619,0,136,1.7146068170812434,0.5,-0.43329293873281927,7.194776725400409,4.61,9.03,4,2021-10-01,4.22,9.7,5.4799999999999995,2022-09-01,2021-09-01,4.21,9.03,4.819999999999999,5.6,0.05999999999999961,0.0600000000000005,-0.6100000000000003,1.5999999999999996,0
2022-11-01,6.27,4.8,9.17,3,141.2,-3167.006846209999,7.813936,3.755,7.122856456533981,84.3704761904762,0,134,1.0622813939689113,0.6749999999999998,-0.6359575011590266,6.390433200383061,4.67,9.7,4,2021-11-01,4.17,9.17,5,2022-10-01,2021-10-01,4.22,9.7,5.4799999999999995,5.64,0.1299999999999999,0.05999999999999961,-0.6699999999999999,1.6399999999999997,0
2022-12-01,6.15,4.71,9.24,3.75,146.3,-6011.914673174988,7.868113548387097,4.091904761904762,6.404600402357147,76.43714285714286,0.75,136.1,1.830289345936409,0.33690476190476204,-0.7182560541768339,6.381317886391447,4.8,9.17,4,2021-12-01,4.22,9.24,5.0200000000000005,2022-11-01,2021-11-01,4.17,9.17,5,6.27,-0.08999999999999986,0.1299999999999999,-0.7999999999999998,2.2699999999999996,0
2023-01-01,5.47,4.62,9.69,4.25,139.3,2135.5212269,7.848967741935485,4.33,6.327178517960093,78.123,0.5,141.2,1.8791258153760817,0.23809523809523817,-0.07742188439705444,-6.3227228221586,4.71,9.24,4,2022-01-01,4.2,9.69,5.489999999999999,2022-12-01,2021-12-01,4.22,9.24,5.0200000000000005,6.15,-0.08999999999999986,-0.08999999999999986,-0.71,2.1500000000000004,0
2023-02-01,5.27,4.49,9.92,4.5,140.5,-2539.140220429998,7.831650357142857,4.565263157894737,5.957820738137087,76.83263157894737,0.25,146.3,1.7148870076763243,0.23526315789473703,-0.3693577798230052,-17.62499038503078,4.62,9.69,4,2022-02-01,3.84,9.92,6.08,2023-01-01,2022-01-01,4.2,9.69,5.489999999999999,5.47,-0.1299999999999999,-0.08999999999999986,-0.6200000000000001,1.4699999999999998,0
2023-03-01,5.19,4.43,8.71,4.75,144.5,247.0330032500024,7.804977096774193,4.653043478260869,4.9177193628899545,73.27782608695652,0.25,139.3,1.430580571455975,0.08778032036613226,-1.0401013752471329,-39.2516161887479,4.49,9.92,4,2022-03-01,3.79,8.71,4.920000000000001,2023-02-01,2022-02-01,3.84,9.92,6.08,5.27,-0.0600000000000005,-0.1299999999999999,-0.4900000000000002,1.2699999999999996,0
2023-04-01,5.11,4.39,8.32,5,140.4,-385.2410625900011,7.799317333333334,4.83,4.950079879124374,79.44631578947369,0.25,140.5,1.7636179939993113,0.17695652173913068,0.03236051623441938,-24.77075376042039,4.43,8.71,4,2022-04-01,4.14,8.32,4.180000000000001,2023-03-01,2022-03-01,3.79,8.71,4.920000000000001,5.19,-0.040000000000000036,-0.0600000000000005,-0.4299999999999997,1.1900000000000004,0
2023-05-01,5.03,4.3,6.54,5,141.1,-1993.496024379996,7.80926064516129,5.045909090909091,4.131851231385042,71.57818181818182,0,144.5,1.8012560251701617,0.21590909090909083,-0.8182286477393319,-42.56124954191893,4.39,8.32,4,2022-05-01,4.29,6.54,2.25,2023-04-01,2022-04-01,4.14,8.32,4.180000000000001,5.11,-0.08999999999999986,-0.040000000000000036,-0.3899999999999997,1.1100000000000003,0
2023-06-01,4.94,4.24,4.93,5,139.7,-2054.646741870008,7.838318,5.075714285714286,3.070617072997095,70.24809523809523,0,140.4,1.3259952239857764,0.02980519480519472,-1.061234158387947,-49.14817818103474,4.3,6.54,4,2022-06-01,4.61,4.93,0.3199999999999994,2023-05-01,2022-05-01,4.29,6.54,2.25,5.03,-0.05999999999999961,-0.08999999999999986,-0.2999999999999998,1.0300000000000002,0
2023-07-01,4.67,4.21,4.53,5,142.5,724.8949947600086,7.849883225806452,5.117,3.2877492684283,76.0695,0,141.1,1.4164695946700334,0.04128571428571437,0.21713219543120488,-28.95831294403841,4.24,4.93,4,2022-07-01,4.88,4.53,-0.34999999999999964,2023-06-01,2022-06-01,4.61,4.93,0.3199999999999994,4.94,-0.03000000000000025,-0.05999999999999961,-0.2400000000000002,0.9400000000000004,0
2023-08-01,4.56,4.17,4.47,5,141.1,-1539.568858800019,7.859662258064516,5.33,3.722504803505288,81.38608695652174,0,139.7,1.6466027273130734,0.21300000000000008,0.43475553507698805,-14.052257136560351,4.21,4.53,4,2022-08-01,5.44,4.47,-0.9700000000000006,2023-07-01,2022-07-01,4.88,4.53,-0.34999999999999964,4.67,-0.040000000000000036,-0.03000000000000025,-0.20999999999999996,0.6699999999999999,0
2023-09-01,4.44,4.15,4.69,5,138.7,-1378.154766489979,7.867457333333333,5.33,3.6872066381192496,89.425,0,142.5,0.8557732982402033,0,-0.03529816538603825,5.951563461645559,4.17,4.47,4,2022-09-01,5.6,4.69,-0.9099999999999993,2023-08-01,2022-08-01,5.44,4.47,-0.9700000000000006,4.56,-0.019999999999999574,-0.040000000000000036,-0.16999999999999993,0.5599999999999996,0
2023-10-01,4.54,4.32,4.98,5,137.8,3066.958309609998,7.842715161290323,5.33,3.251265909861175,85.63952380952381,0,141.1,-0.28607776043858557,0,-0.43594072825807473,-2.2117544609578488,4.15,4.69,4,2022-10-01,5.64,4.98,-0.6599999999999993,2023-09-01,2022-09-01,5.6,4.69,-0.9099999999999993,4.44,0.16999999999999993,-0.019999999999999574,-0.15000000000000036,0.4400000000000004,0
2023-11-01,4.5,4.43,4.3,5,144.4,-2899.794856399991,7.827379,5.33,3.13334627459119,77.685,0,138.7,0.17189096070180376,0,-0.11791963526998472,-8.255534369108375,4.32,4.98,4,2022-11-01,6.27,4.3,-1.9699999999999998,2023-10-01,2022-10-01,5.64,4.98,-0.6599999999999993,4.54,0.10999999999999943,0.16999999999999993,-0.3200000000000003,0.54,0
2023-12-01,4.48,4.32,4.18,5,149.4,-3614.954752040027,7.824161612903226,5.33,3.3159099427102916,71.9,0,137.8,-0.5601743528538261,0,0.1825636681191014,-6.119247635811398,4.43,4.3,4,2022-12-01,6.15,4.18,-1.9700000000000006,2023-11-01,2022-11-01,6.27,4.3,-1.9699999999999998,4.5,-0.10999999999999943,0.10999999999999943,-0.4299999999999997,0.5,0
2024-01-01,4.47,4.29,3.82,5,144.9,2269.078357369999,7.818480322580646,5.33,3.0883429864855714,74.15238095238095,0,144.4,-0.3891821783636118,0,-0.22756695622472023,-5.21623297160021,4.32,4.18,4,2023-01-01,5.47,3.82,-1.65,2023-12-01,2022-12-01,6.15,4.18,-1.9700000000000006,4.48,-0.03000000000000025,-0.10999999999999943,-0.3200000000000003,0.4800000000000004,0
2024-02-01,4.35,4.28,3.3,5,144.3,-591.0768526299989,7.810868965517241,5.33,3.1570741416486925,77.249,0,149.4,-0.26570405218113713,0,0.06873115516312112,0.540453044608924,4.29,3.82,4,2023-02-01,5.27,3.3,-1.9699999999999998,2024-01-01,2023-01-01,5.47,3.82,-1.65,4.47,-0.009999999999999787,-0.03000000000000025,-0.29000000000000004,0.46999999999999975,0
2024-03-01,4.05,4.14,3.24,5,147.5,1560.723016490002,7.803171612903225,5.33,3.4868349120836513,81.278,0,144.9,-0.02313514450178466,0,0.32976077043495877,10.361732314631844,4.28,3.3,4,2023-03-01,5.19,3.24,-1.9500000000000002,2024-02-01,2023-02-01,5.27,3.3,-1.9699999999999998,4.35,-0.14000000000000057,-0.009999999999999787,-0.28000000000000025,0.34999999999999964,0
2024-04-01,3.85,4.02,3.36,5,146,2788.345799390003,7.779531666666667,5.33,3.3607951262196707,85.34727272727272,0,144.3,-0.25400692059704966,0,-0.12603978586398057,7.164697427131017,4.14,3.24,4,2023-04-01,5.11,3.36,-1.7500000000000004,2024-03-01,2023-03-01,5.19,3.24,-1.9500000000000002,4.05,-0.1200000000000001,-0.14000000000000057,-0.13999999999999968,0.04999999999999982,0
2024-05-01,3.97,3.99,3.76,5,147.6,-1151.269050190007,7.767853225806451,5.33,3.244278584003112,80.02454545454546,0,147.5,-0.5316455567890177,0,-0.1165165422165586,11.154310147732891,4.02,3.36,4,2023-05-01,5.03,3.76,-1.2700000000000005,2024-04-01,2023-04-01,5.11,3.36,-1.7500000000000004,3.85,-0.02999999999999936,-0.1200000000000001,-0.019999999999999574,-0.1499999999999999,0
2024-06-01,3.99,4.02,3.62,5,143.5,-3082.258462419984,7.765078666666667,5.33,2.970257948647088,79.76736842105264,0,146,-0.9387683050100292,0,-0.27402063535602394,12.70813099991832,3.99,3.76,4,2023-06-01,4.94,3.62,-1.3200000000000003,2024-05-01,2023-05-01,5.03,3.76,-1.2700000000000005,3.97,0.02999999999999936,-0.02999999999999936,0.009999999999999787,-0.029999999999999805,0
2024-07-01,4.09,4.07,3.78,5,146.6,1672.964286090006,7.755187096774193,5.33,2.941475793558297,81.80045454545454,0,147.6,-1.213673369863244,0,-0.02878215508879122,7.2635404289439265,4.02,3.62,4,2023-07-01,4.67,3.78,-0.8900000000000001,2024-06-01,2023-06-01,4.94,3.62,-1.3200000000000003,3.99,0.05000000000000071,0.02999999999999936,-0.019999999999999574,-0.009999999999999787,0
2024-08-01,3.99,4.02,3.07,5,146.7,-1632.884159570001,7.737711290322581,5.33,2.607144490692036,76.68318181818182,0,143.5,-1.5637690856639797,0,-0.33433130286626067,-5.952192441326343,4.07,3.78,4,2023-08-01,4.56,3.07,-1.4899999999999998,2024-07-01,2023-07-01,4.67,3.78,-0.8900000000000001,4.09,-0.05000000000000071,0.05000000000000071,-0.07000000000000028,0.08999999999999986,0
2024-09-01,4.04,3.97,2.11,4.75,144.4,-1073.188980800023,7.729387666666667,5.13,2.426483031541665,70.236,-0.25,146.6,-1.7705282504706157,-0.20000000000000015,-0.18066145915037168,-24.153928504799715,4.02,3.07,4,2023-09-01,4.44,2.11,-2.3300000000000005,2024-08-01,2023-08-01,4.56,3.07,-1.4899999999999998,3.99,-0.04999999999999938,-0.05000000000000071,-0.019999999999999574,-0.009999999999999787,0
2024-10-01,3.91,3.96,1.16,4.75,147.6,-769.1727171199927,7.727431612903225,4.83,2.578844053871336,71.985,0,146.7,-1.4808550849602309,-0.2999999999999998,0.15236102232967139,-17.36891393531579,3.97,2.11,4,2023-10-01,4.54,1.16,-3.38,2024-09-01,2023-09-01,4.44,2.11,-2.3300000000000005,4.04,-0.010000000000000231,-0.04999999999999938,0.029999999999999805,0.040000000000000036,0
2024-11-01,3.59,3.66,1.66,4.5,149.7,-2565.412472759984,7.718899333333334,4.645789473684211,2.7194724612848376,69.95,-0.25,144.4,-1.3955935309204026,-0.18421052631578935,0.14062840741350158,-10.48814874324746,3.96,1.16,4,2023-11-01,4.5,1.66,-2.84,2024-10-01,2023-10-01,4.54,1.16,-3.38,3.91,-0.2999999999999998,-0.010000000000000231,0.040000000000000036,-0.08999999999999986,0
2024-12-01,3.89,3.95,1.7,4.5,153.8,-5860.135289180028,7.70341,4.484761904761905,2.8706909675099865,70.11809523809524,0,147.6,-1.5553500594883918,-0.16102756892230552,0.151218506225149,-2.5095369359877218,3.66,1.66,4,2023-12-01,4.48,1.7,-2.7800000000000002,2024-11-01,2023-11-01,4.5,1.66,-2.84,3.59,0.29000000000000004,-0.2999999999999998,0.33999999999999986,-0.41000000000000014,0
2025-01-01,3.54,3.76,2.19,4.5,150.3,2017.9724427,7.715783225806452,4.33,2.990978307899965,75.7425,0,149.7,-1.3222202987918763,-0.1547619047619051,0.12028734038997868,2.121725157380716,3.95,1.7,4,2024-01-01,4.47,2.19,-2.28,2024-12-01,2023-12-01,4.48,1.7,-2.7800000000000002,3.89,-0.1900000000000004,0.29000000000000004,0.04999999999999982,-0.10999999999999988,0
2025-02-01,3.65,3.79,1.79,4.5,149.1,-1402.37166164,7.714614285714285,4.33,2.801583447761331,71.53315789473685,0,153.8,-1.239973165821784,0,-0.18939486013863416,-7.687288172805484,3.76,2.19,4,2024-02-01,4.35,1.79,-2.5599999999999996,2025-01-01,2024-01-01,4.47,2.19,-2.28,3.54,0.03000000000000025,-0.1900000000000004,0.2400000000000002,-0.45999999999999996,0
2025-03-01,3.46,3.71,1.57,4.5,153.7,-119.7344458200023,7.70581,4.33,2.3819814628055553,68.23904761904762,0,150.3,-1.2555678300237183,0,-0.4196019849557757,-17.485843048674088,3.79,1.79,4,2024-03-01,4.05,1.57,-2.4799999999999995,2025-02-01,2024-02-01,4.35,1.79,-2.5599999999999996,3.65,-0.08000000000000007,0.03000000000000025,0.20999999999999996,-0.3500000000000001,0
2025-04-01,3.53,3.62,1.47,4.5,151.8,1216.324920429997,7.701962,4.33,2.325388230257829,63.53666666666667,0,149.1,-1.0021037694722956,0,-0.0565932325477263,-29.51113276707789,3.71,1.57,4,2024-04-01,3.85,1.47,-2.38,2025-03-01,2024-03-01,4.05,1.57,-2.4799999999999995,3.46,-0.08999999999999986,-0.08000000000000007,0.29000000000000004,-0.54,0
2025-05-01,3.35,3.55,1.69,4.5,153.7,-1422.085861670001,7.676580967741935,4.33,2.377265107368089,62.16761904761905,0,153.7,-1.1819574546692468,0,0.05187687711026001,-25.249913569737004,3.62,1.47,4,2024-05-01,3.97,1.69,-2.2800000000000002,2025-04-01,2024-04-01,3.85,1.47,-2.38,3.53,-0.07000000000000028,-0.08999999999999986,0.3799999999999999,-0.4700000000000002,0
2025-06-01,3.17,3.53,1.79,4.5,149.1,-4152.523173439992,7.682283666666667,4.33,2.6804538659102235,68.169,0,151.8,-1.0719732089052414,0,0.30318875854213445,-15.71245877392089,3.55,1.69,4,2024-06-01,3.99,1.79,-2.2,2025-05-01,2024-05-01,3.97,1.69,-2.2800000000000002,3.35,-0.020000000000000018,-0.07000000000000028,0.4500000000000002,-0.6499999999999999,0
2025-07-01,3.26,3.54,1.17,4.5,153.2,556.1559214499957,7.673394516129032,4.33,2.7426180521671313,68.39090909090909,0,153.7,-1.060283426651765,0,0.06216418625690778,-17.904289261585493,3.53,1.79,4,2024-07-01,4.09,1.17,-2.92,2025-06-01,2024-06-01,3.99,1.79,-2.2,3.17,0.010000000000000231,-0.020000000000000018,0.4700000000000002,-0.8300000000000001,0
2025-08-01,3.21,3.49,1.17,4.25,152.6,-2961.990250560023,7.662282903225806,4.33,2.938591743031622,64.86428571428571,-0.25,149.1,-0.9795976456969946,0,0.19597369086449137,-16.738523699584107,3.54,1.17,4,2024-08-01,3.99,1.17,-2.8200000000000003,2025-07-01,2024-07-01,4.09,1.17,-2.92,3.26,-0.04999999999999982,0.010000000000000231,0.45999999999999996,-0.7400000000000002,0
2025-09-01,3.16,3.42,1.47,4,151.7,-2573.825622199975,7.657659,4.226190476190476,3.022571584713333,63.95904761904762,-0.25,153.2,-0.932332081655618,-0.1038095238095238,0.08397984168171035,-9.361800250098453,3.49,1.17,4,2024-09-01,4.04,1.47,-2.5700000000000003,2025-08-01,2024-08-01,3.99,1.17,-2.8200000000000003,3.21,-0.07000000000000028,-0.04999999999999982,0.5099999999999998,-0.79,0
2025-10-01,3.1,3.37,1.26,4,154.1,2479.322603079976,7.65658,4.082272727272727,2,60.89454545454545,0,152.6,-0.9211136293436172,-0.14391774891774922,-1.022571584713333,-16.73141588805125,3.42,1.47,4,2024-10-01,3.91,1.26,-2.6500000000000004,2025-09-01,2024-09-01,4.04,1.47,-2.5700000000000003,3.16,-0.04999999999999982,-0.07000000000000028,0.5800000000000001,-0.8399999999999999,0
2025-11-01,3,3.3,1.73,3.75,156.5,-4335.312975059984,7.655617666666667,3.876666666666666,2.696443916493948,60.06222222222222,-0.25,151.7,-0.8232066611684186,-0.205606060606061,0.6964439164939478,-15.23996392037903,3.37,1.26,4,2024-11-01,3.59,1.73,-1.8599999999999999,2025-10-01,2024-10-01,3.91,1.26,-2.6500000000000004,3.1,-0.07000000000000028,-0.04999999999999982,0.6299999999999999,-0.8999999999999999,0
2025-12-01,3.48,3.72,1.65,3.75,162.1,-4335.312975059984,7.656831935483871,3.730909090909091,2.6533041145577556,57.97227272727272,0,154.1,-0.6064775213732165,-0.1457575757575751,-0.04313980193619216,-19.021605555244125,3.3,1.73,4,2024-12-01,3.89,1.65,-2.24,2025-11-01,2024-11-01,3.59,1.73,-1.8599999999999999,3,0.4200000000000004,-0.07000000000000028,0.7000000000000002,-1,0
2026-01-01,3.44,3.64,0.96,3.75,156.3,-4335.312975059984,7.665275483870968,3.64,2.3912014321500124,60.037,0,156.5,-0.6567548363643816,-0.09090909090909084,-0.26210268240774326,-23.23783907586741,3.72,1.65,4,2025-01-01,3.54,0.96,-2.58,2025-12-01,2024-12-01,3.89,1.65,-2.24,3.48,-0.08000000000000007,0.4200000000000004,0.2799999999999998,-0.52,0
2026-02-01,3.41,3.62,1.56,3.5,156.1,-4335.312975059984,7.664845357142857,3.64,2.4,64.50842105263158,-0.25,162.1,-0.6472152267624764,0,0.00879856784998756,-10.336531474701792,3.64,0.96,4,2025-02-01,3.65,1.56,-2.09,2026-01-01,2025-01-01,3.54,0.96,-2.58,3.44,-0.020000000000000018,-0.08000000000000007,0.3599999999999999,-0.56,0
2026-03-01,3.37,3.61,2.5,3.5,161.2,-4335.312975059984,7.655886774193549,3.64,3.3,71.13,0,156.3,-0.6499724906258386,0,0.8999999999999999,4.149224200394563,3.62,1.56,4,2025-03-01,3.46,2.5,-0.96,2026-02-01,2025-02-01,3.65,1.56,-2.09,3.41,-0.010000000000000231,-0.020000000000000018,0.3799999999999999,-0.5899999999999999,0
2026-04-01,3.53,3.71,3.24,3.5,158.6,-4335.312975059984,7.639508333333334,3.64,3.8,71.13,0,156.1,-0.8141854765250756,0,0.5,11.28920216725522,3.61,2.5,4,2025-04-01,3.53,3.24,-0.2899999999999996,2026-03-01,2025-03-01,3.46,2.5,-0.96,3.37,0.10000000000000009,-0.010000000000000231,0.3900000000000001,-0.6299999999999999,0
2026-05-01,3.66,3.74,2.86,3.5,159.4,-4335.312975059984,7.62539935483871,3.63,4.2,71.13,0,161.2,-0.6689566015657622,-0.01000000000000023,0.4000000000000003,13.467491864616754,3.71,3.24,4,2025-05-01,3.35,2.86,-0.4900000000000002,2026-04-01,2025-04-01,3.53,3.24,-0.2899999999999996,3.53,0.03000000000000025,0.10000000000000009,0.29000000000000004,-0.4700000000000002,0
2026-06-01,3.68,3.71,2.27,3.5,NA,NA,7.618385666666667,3.63,3.5,NA,0,158.6,-0.8352362903655042,0,-0.7000000000000002,NA,3.74,2.86,4,2025-06-01,3.17,2.27,-0.8999999999999999,2026-05-01,2025-05-01,3.35,2.86,-0.4900000000000002,3.66,-0.03000000000000025,0.03000000000000025,0.2599999999999998,-0.33999999999999986,0
