fecha,exp_inf_12m,exp_inf_24m,infl_gt,d_exp24,d_exp24_lag1,exp12_lag1,shock_inf,dummy_sep2012,alpha,se_alpha,rho,se_rho,gamma_sep2012,se_gamma_sep2012,beta_t,se_beta_t,beta_li_95,beta_ls_95,indice_anclaje,ajustado_tvp,residuo_tvp,residuo_estandarizado
2012-01-01,5.97,5.95,5.44,0.33000000000000007,-0.4399999999999995,3.77,1.6700000000000004,0,0.012840968242618545,0.015354434322051734,-0.3229611690188058,0.06565829273901576,0.6865217740919032,0.1578256393136999,0.11413664559791956,0.030032543590108388,0.05527394179717787,0.17299934939866124,-0.11413664559791956,0.3455520807594186,-0.015552080759418552,NA
2012-02-01,6,6.11,5.17,0.16000000000000014,0.33000000000000007,4.25,0.9199999999999999,0,0.012840968242618545,0.015354434322051755,-0.32296116901880584,0.06565829273901576,0.6865217740919032,0.1578256393136999,0.11427438473256624,0.02849368166608655,0.05842779488008737,0.1701209745850451,-0.11427438473256624,0.011396216420373528,0.1486037835796266,NA
2012-03-01,5.59,5.47,4.55,-0.6400000000000006,0.16000000000000014,6.26,-1.71,0,0.012840968242618545,0.015354434322051459,-0.3229611690188057,0.06565829273901576,0.6865217740919032,0.1578256393136999,0.11368707033830013,0.0269502898391637,0.06086547288062352,0.16650866779597673,-0.11368707033830013,-0.2332377090788836,-0.40676229092111693,NA
2012-04-01,5.84,5.54,4.27,0.07000000000000028,-0.6400000000000006,5.81,-1.54,0,0.012840968242618662,0.015354434322051308,-0.32296116901880567,0.06565829273901583,0.6865217740919032,0.1578256393136999,0.10941092144165518,0.025636453599243013,0.05916439569580664,0.15965744718750371,-0.10941092144165518,0.0510432973945055,0.018956702605494785,NA
2012-05-01,5.26,5.28,3.9,-0.2599999999999998,0.07000000000000028,5.7,-1.8000000000000003,0,0.012840968242618657,0.015354434322051278,-0.3229611690188056,0.0656582927390157,0.6865217740919032,0.1578256393136999,0.10528959569310971,0.02439162612127432,0.05748288697104564,0.15309630441517377,-0.10528959569310971,-0.19928758583629536,-0.06071241416370443,NA
2012-06-01,4.89,5.11,3.47,-0.16999999999999993,-0.2599999999999998,5.45,-1.98,0,0.012840968242618666,0.015354434322051334,-0.3229611690188056,0.06565829273901566,0.6865217740919032,0.1578256393136999,0.1005887046332251,0.023292798687463052,0.05493565810665568,0.14624175115979451,-0.1005887046332251,-0.10235476298627763,-0.0676452370137223,NA
2012-07-01,4.71,4.9,2.86,-0.20999999999999996,-0.16999999999999993,5.11,-2.2500000000000004,0,0.012840968242618662,0.015354434322051316,-0.3229611690188056,0.06565829273901569,0.6865217740919032,0.1578256393136999,0.09517749235272108,0.02233987408718244,0.051392143722683886,0.13896284098275827,-0.09517749235272108,-0.14640499081780686,-0.0635950091821931,NA
2012-08-01,4.44,4.55,2.71,-0.35000000000000053,-0.20999999999999996,5.57,-2.8600000000000003,0,0.01284096824261865,0.015354434322051299,-0.3229611690188056,0.06565829273901569,0.6865217740919032,0.1578256393136999,0.08900742659463766,0.021601517710332405,0.04666922987098202,0.1313456233182933,-0.08900742659463766,-0.1738984263240959,-0.17610157367590462,NA
2012-09-01,4.91,5.17,3.28,0.6200000000000001,-0.35000000000000053,5.68,-2.4,1,0.012840968242618689,0.0153544343220513,-0.3229611690188056,0.06565829273901576,0.6865217740919032,0.1578256393136999,0.08016631312129327,0.021359985958843614,0.038301509931678544,0.12203111631090799,-0.08016631312129327,0.6200000000000001,0,NA
2012-10-01,4.7,4.76,3.35,-0.41000000000000014,0.6200000000000001,5.89,-2.5399999999999996,0,0.012840968242618689,0.015354434322051278,-0.3229611690188056,0.06565829273901576,0.6865217740919031,0.1578256393136999,0.07132519964794885,0.020738437707028337,0.030678608646545903,0.11197179064935181,-0.07132519964794885,-0.36856096365483093,-0.04143903634516921,1.1262123319268178
2012-11-01,4.48,4.82,3.11,0.0600000000000005,-0.41000000000000014,6.22,-3.11,0,0.012840968242618645,0.015354434322051245,-0.32296116901880556,0.06565829273901569,0.6865217740919031,0.1578256393136999,0.06192587858081272,0.02037679519936644,0.021988093869705835,0.1018636632919196,-0.06192587858081272,-0.047334434845998585,0.10733443484599908,1.9060224071323881
2012-12-01,4.65,4.93,3.45,0.10999999999999943,0.0600000000000005,6.2,-2.75,0,0.01284096824261867,0.015354434322051256,-0.32296116901880556,0.06565829273901566,0.6865217740919031,0.1578256393136999,0.054296877772062886,0.020518388812881046,0.014081574678026489,0.09451218086609928,-0.054296877772062886,-0.15585311577168276,0.2658531157716822,2.4706757892935864
2013-01-01,4.53,4.83,3.86,-0.09999999999999964,0.10999999999999943,5.85,-1.9899999999999998,0,0.012840968242618678,0.015354434322051207,-0.32296116901880556,0.06565829273901568,0.6865217740919032,0.15782563931369992,0.05054515392481079,0.020979078824645354,0.009426914999679022,0.09166339284994257,-0.05054515392481079,-0.12326961665982322,0.023269616659823578,0.4800993519275741
2013-02-01,4.41,4.61,4.18,-0.21999999999999975,-0.09999999999999964,5.81,-1.63,0,0.012840968242618675,0.015354434322051186,-0.3229611690188055,0.06565829273901566,0.6865217740919031,0.1578256393136999,0.04703901103119456,0.021418888974577315,0.005058760052160979,0.08901926201022814,-0.04703901103119456,-0.03153650283634801,-0.18846349716365174,-0.946694896370371
2013-03-01,4.59,4.66,4.34,0.04999999999999982,-0.21999999999999975,6.13,-1.79,0,0.012840968242618692,0.015354434322051167,-0.32296116901880556,0.06565829273901566,0.6865217740919032,0.15782563931369992,0.0419036950537473,0.021724717197309357,-6.759682272969719e-4,0.08448335833479158,-0.0419036950537473,0.008884811280548174,0.04111518871945165,0.681267391265351
2013-04-01,4.85,4.93,4.13,0.2699999999999996,0.04999999999999982,6.19,-2.0600000000000005,0,0.012840968242618687,0.01535443432205115,-0.3229611690188055,0.06565829273901568,0.6865217740919032,0.15782563931369992,0.037158687294037665,0.021972067727095763,-0.005905774116944866,0.0802231487050202,-0.037158687294037665,-0.07985398603403915,0.3498539860340387,2.633913283523262
2013-05-01,4.71,4.83,4.27,-0.09999999999999964,0.2699999999999996,5.74,-1.4700000000000006,0,0.012840968242618694,0.015354434322051089,-0.3229611690188055,0.06565829273901568,0.6865217740919032,0.1578256393136999,0.036235818058604465,0.022299816321432662,-0.0074710187932620145,0.07994265491047095,-0.036235818058604465,-0.12762519993860724,0.027625199938607597,0.20782435571077731
2013-06-01,4.87,5.21,4.79,0.3799999999999999,-0.09999999999999964,6.16,-1.37,0,0.012840968242618692,0.015354434322051077,-0.32296116901880556,0.06565829273901566,0.6865217740919032,0.1578256393136999,0.035528313830851206,0.022501860399697437,-0.008574522137703829,0.07963114979940625,-0.035528313830851206,-0.0035367048037670268,0.3835367048037669,2.492844841190967
2013-07-01,4.88,4.81,4.74,-0.40000000000000036,0.3799999999999999,5.88,-1.1399999999999997,0,0.012840968242618692,0.015354434322051034,-0.32296116901880556,0.06565829273901568,0.6865217740919032,0.1578256393136999,0.03760744324598941,0.02255059948486082,-0.006590919574125283,0.0818058060661041,-0.03760744324598941,-0.1527567612849553,-0.24724323871504506,-1.7167034515564605
2013-08-01,4.85,4.89,4.42,0.08000000000000007,-0.40000000000000036,5.95,-1.5300000000000002,0,0.01284096824261869,0.015354434322050992,-0.32296116901880556,0.06565829273901566,0.6865217740919032,0.1578256393136999,0.03819177760955648,0.022394008962852995,-0.00569967342710255,0.0820832286462155,-0.03819177760955648,0.0835920161075196,-0.0035920161075195245,-0.24099239230895292
2013-09-01,4.84,4.91,4.21,0.020000000000000462,0.08000000000000007,6.43,-2.2199999999999998,0,0.012840968242618689,0.015354434322051023,-0.3229611690188055,0.06565829273901568,0.6865217740919032,0.1578256393136999,0.03874696576360427,0.02211891418625687,-0.004605309418591261,0.0820992409457998,-0.03874696576360427,-0.09901418927408726,0.11901418927408772,0.6953350256529836
2013-10-01,4.72,4.71,4.15,-0.20000000000000018,0.020000000000000462,6.51,-2.3599999999999994,0,0.012840968242618683,0.015354434322050971,-0.3229611690188055,0.06565829273901569,0.6865217740919032,0.1578256393136999,0.040703366708912905,0.022007770869480497,-0.0024310715752786094,0.08383780499310442,-0.040703366708912905,-0.08967820057079201,-0.11032179942920817,-0.8792622803738257
2013-11-01,4.69,4.7,4.63,-0.009999999999999787,-0.20000000000000018,6.06,-1.4299999999999997,0,0.012840968242618685,0.015354434322050968,-0.3229611690188055,0.06565829273901568,0.6865217740919032,0.1578256393136999,0.041278983749223314,0.022120756754477035,-0.0020769028003227996,0.08463487029876943,-0.041278983749223314,0.01840425528499051,-0.0284042552849903,-0.2977818870507206
2013-12-01,5.09,5.19,4.39,0.4900000000000002,-0.009999999999999787,5.62,-1.2300000000000004,0,0.01284096824261869,0.015354434322050945,-0.3229611690188055,0.06565829273901566,0.6865217740919031,0.1578256393136999,0.04163918783325233,0.02206833548030515,-0.0016139549068931933,0.08489233057339785,-0.04163918783325233,-0.03514562110209371,0.525145621102094,3.350570291904521
2014-01-01,4.73,4.94,4.14,-0.25,0.4900000000000002,5.95,-1.8100000000000005,0,0.01284096824261869,0.01535443432205096,-0.3229611690188055,0.06565829273901568,0.6865217740919031,0.1578256393136999,0.045424996541140225,0.02179551037749625,0.0027065811765785847,0.08814341190570187,-0.045424996541140225,-0.2276292483160599,-0.022370751683940093,-0.37397775597890714
2014-02-01,4.56,4.68,3.5,-0.2600000000000007,-0.25,6.11,-2.6100000000000003,0,0.012840968242618687,0.015354434322050914,-0.3229611690188055,0.06565829273901569,0.6865217740919031,0.1578256393136999,0.04899606595141615,0.021499627719133163,0.006857569940896133,0.09113456196193617,-0.04899606595141615,-0.03429847163587611,-0.22570152836412455,-1.7670409856046376
2014-03-01,4.46,4.54,3.25,-0.13999999999999968,-0.2600000000000007,5.47,-2.2199999999999998,0,0.012840968242618692,0.015354434322050902,-0.3229611690188055,0.06565829273901569,0.6865217740919032,0.1578256393136999,0.04944301768956534,0.021502170586152634,0.007299537751269687,0.091586497627861,-0.04944301768956534,-0.012952627083326701,-0.12704737291667298,-0.8194102467568587
2014-04-01,4.51,4.66,3.27,0.1200000000000001,-0.13999999999999968,5.54,-2.27,0,0.01284096824261868,0.015354434322050902,-0.3229611690188055,0.06565829273901566,0.6865217740919033,0.1578256393136999,0.04839417800055157,0.021593254355051102,0.006072177155638743,0.0907161788454644,-0.04839417800055157,-0.0517992521560007,0.1717992521560008,1.1861544656158904
2014-05-01,4.19,4.28,3.22,-0.3799999999999999,0.1200000000000001,5.28,-2.06,0,0.012840968242618685,0.015354434322050858,-0.3229611690188055,0.06565829273901568,0.6865217740919032,0.1578256393136999,0.049413571497889545,0.021812472366071856,0.006661911246613542,0.09216523174916555,-0.049413571497889545,-0.12770632932529047,-0.2522936706747094,-1.6534773938187628
2014-06-01,4.24,4.36,3.13,0.08000000000000007,-0.3799999999999999,5.11,-1.9800000000000004,0,0.012840968242618678,0.015354434322050942,-0.3229611690188055,0.06565829273901568,0.6865217740919032,0.1578256393136999,0.04767666837832088,0.022098534390953835,0.004364336860931593,0.09098899989571016,-0.04767666837832088,0.04116640908068939,0.038833590919310684,0.30713069826064876
2014-07-01,4.24,4.41,3.41,0.04999999999999982,0.08000000000000007,4.9,-1.4900000000000002,0,0.012840968242618675,0.015354434322050919,-0.32296116901880545,0.06565829273901568,0.6865217740919032,0.1578256393136999,0.04634754450412977,0.022401300128530893,0.0024418030453367476,0.09025328596292279,-0.04634754450412977,-0.08205376659003914,0.13205376659003898,0.877790702729064
2014-08-01,4.09,4.06,3.7,-0.35000000000000053,0.04999999999999982,4.55,-0.8499999999999996,0,0.012840968242618689,0.015354434322050872,-0.32296116901880545,0.06565829273901569,0.6865217740919032,0.1578256393136999,0.046061913384246214,0.022585177530324112,0.001795778840367676,0.09032804792812475,-0.046061913384246214,-0.04245971658493079,-0.3075402834150697,-2.1626900861801253
2014-09-01,4.24,4.13,3.45,0.07000000000000028,-0.35000000000000053,5.17,-1.7199999999999998,0,0.012840968242618694,0.015354434322050877,-0.3229611690188055,0.06565829273901569,0.6865217740919032,0.1578256393136999,0.04438993090628206,0.022495650864693177,2.992654026961125e-4,0.088480596409868,-0.04438993090628206,0.04952669624039567,0.020473303759604614,0.18274290622613498
2014-10-01,4.08,4.17,3.64,0.040000000000000036,0.07000000000000028,4.76,-1.1199999999999997,0,0.012840968242618699,0.015354434322050886,-0.32296116901880545,0.06565829273901568,0.6865217740919032,0.1578256393136999,0.04290470192977187,0.022351262138588835,-9.029668708759458e-4,0.08671237073041968,-0.04290470192977187,-0.05781957975004225,0.0978195797500423,0.6877978970382816
2014-11-01,4.16,4.16,3.38,-0.009999999999999787,0.040000000000000036,4.82,-1.4400000000000004,0,0.012840968242618699,0.015354434322050834,-0.3229611690188055,0.06565829273901569,0.6865217740919032,0.1578256393136999,0.04200049978910263,0.021980954928179263,-0.001081380215926929,0.08508237979413219,-0.04200049978910263,-0.06055819821444133,0.050558198214441546,0.3776474058313751
2014-12-01,4.2,4.21,2.95,0.04999999999999982,-0.009999999999999787,4.93,-1.9799999999999995,0,0.012840968242618695,0.015354434322050903,-0.3229611690188055,0.06565829273901568,0.6865217740919031,0.1578256393136999,0.04148240356489244,0.021451133132074987,-5.610448015484146e-4,0.0835258519313333,-0.04148240356489244,-0.06606457912568033,0.11606457912568015,0.8076374070036157
2015-01-01,3.75,3.89,2.32,-0.31999999999999984,0.04999999999999982,4.83,-2.5100000000000002,0,0.012840968242618702,0.015354434322050827,-0.3229611690188055,0.06565829273901569,0.6865217740919032,0.1578256393136999,0.04218306474556074,0.020922972044781715,0.001174793088250213,0.08319133640287127,-0.04218306474556074,-0.10918658271967897,-0.21081341728032088,-1.2286779997971147
2015-02-01,3.79,4.07,2.44,0.18000000000000016,-0.31999999999999984,4.61,-2.1700000000000004,0,0.012840968242618689,0.01535443432205085,-0.3229611690188055,0.06565829273901568,0.6865217740919032,0.1578256393136999,0.040077488929746254,0.02061287788695947,-3.2300934641638773e-4,0.0804779872059089,-0.040077488929746254,0.029220391351087005,0.15077960864891315,1.0903378544276536
2015-03-01,3.82,4.11,2.43,0.040000000000000036,0.18000000000000016,4.66,-2.23,0,0.012840968242618697,0.015354434322050827,-0.3229611690188055,0.06565829273901568,0.6865217740919032,0.1578256393136999,0.03970713382175224,0.02029779148407933,-7.580645274705283e-5,0.07949007409625153,-0.03970713382175224,-0.13383895060327383,0.17383895060327387,1.2171033254223154
2015-04-01,3.62,3.82,2.58,-0.2900000000000005,0.040000000000000036,4.93,-2.3499999999999996,0,0.012840968242618695,0.015354434322050827,-0.3229611690188055,0.06565829273901568,0.6865217740919032,0.1578256393136999,0.04139268981187061,0.020015486482269404,0.00216305717357429,0.08062232245016693,-0.04139268981187061,-0.09735029957602946,-0.192649700423971,-1.2910514432241327
2015-05-01,3.46,3.57,2.55,-0.25,-0.2900000000000005,4.83,-2.2800000000000002,0,0.012840968242618682,0.015354434322050841,-0.32296116901880545,0.06565829273901568,0.6865217740919033,0.1578256393136999,0.04067726561360175,0.019787425894872618,0.001894623512896175,0.07945990771430733,-0.04067726561360175,0.013755541659060427,-0.26375554165906046,-1.585042386179092
2015-06-01,3.25,3.67,2.39,0.10000000000000009,-0.25,5.21,-2.82,0,0.012840968242618687,0.01535443432205085,-0.3229611690188055,0.06565829273901566,0.6865217740919033,0.1578256393136999,0.03677258956322605,0.019531554970575734,-0.0015085547411666511,0.07505373386761875,-0.03677258956322605,-0.010117442070977395,0.11011744207097748,1.152010689680327
2015-07-01,3.16,3.56,2.32,-0.10999999999999988,0.10000000000000009,4.81,-2.4899999999999998,0,0.012840968242618676,0.015354434322050874,-0.3229611690188055,0.06565829273901566,0.6865217740919033,0.1578256393136999,0.034514776993414965,0.019499062016535805,-0.003702682291308164,0.0727322362781381,-0.034514776993414965,-0.10539694337286516,-0.004603056627134713,0.257828085059505
2015-08-01,3.04,3.31,1.96,-0.25,-0.10999999999999988,4.89,-2.9299999999999997,0,0.012840968242618676,0.015354434322050891,-0.3229611690188055,0.06565829273901566,0.6865217740919034,0.1578256393136999,0.03219617919687305,0.019552805866381986,-0.0061266160979391235,0.07051897449168523,-0.03219617919687305,-0.045968108212150784,-0.20403189178784922,-0.8988432890437085
2015-09-01,3.06,3.4,1.88,0.08999999999999986,-0.25,4.91,-3.0300000000000002,0,0.012840968242618673,0.015354434322050924,-0.3229611690188055,0.06565829273901566,0.6865217740919034,0.1578256393136999,0.02670715224628063,0.019926445677680725,-0.012347963621867412,0.06576226811442867,-0.02670715224628063,0.012658589191089739,0.07734141080891012,1.064959116564973
2015-10-01,2.94,3.28,2.23,-0.1200000000000001,0.08999999999999986,4.71,-2.48,0,0.012840968242618678,0.015354434322050891,-0.32296116901880545,0.06565829273901568,0.6865217740919033,0.1578256393136999,0.02246094203662553,0.020725592716470235,-0.018160473245901785,0.06308235731915285,-0.02246094203662553,-0.07192867321990508,-0.04807132678009503,0.10883324101054989
2015-11-01,3.02,3.37,2.51,0.0900000000000003,-0.1200000000000001,4.7,-2.1900000000000004,0,0.012840968242618689,0.01535443432205092,-0.32296116901880545,0.06565829273901568,0.6865217740919033,0.1578256393136999,0.01758247989371179,0.02175941826251275,-0.025065196225356308,0.06023015601277989,-0.01758247989371179,0.013090677557646549,0.07690932244235375,0.8260711530425409
2015-12-01,3.17,3.65,3.07,0.2799999999999998,0.0900000000000003,5.19,-2.1200000000000006,0,0.012840968242618689,0.015354434322050881,-0.3229611690188055,0.06565829273901568,0.6865217740919033,0.1578256393136999,0.013597272793025415,0.022963247051053,-0.03140986439513406,0.05860440998118489,-0.013597272793025415,-0.04505175529028779,0.3250517552902876,2.359833435970934
2016-01-01,3.62,3.8,4.38,0.1499999999999999,0.2799999999999998,4.94,-0.5600000000000005,0,0.012840968242618675,0.015354434322050881,-0.32296116901880545,0.06565829273901568,0.6865217740919032,0.1578256393136999,0.01326667328989032,0.024404500213856657,-0.034565268189968766,0.061098614769749406,-0.01326667328989032,-0.08501749612498538,0.2350174961249853,1.3238041800861113
2016-02-01,3.94,4.09,4.27,0.29000000000000004,0.1499999999999999,4.68,-0.41000000000000014,0,0.012840968242618685,0.015354434322050923,-0.3229611690188055,0.06565829273901568,0.6865217740919033,0.1578256393136999,0.013634049961308889,0.02565068246186598,-0.03664036384282163,0.0639084637654394,-0.013634049961308889,-0.04119316759433876,0.3311931675943388,1.7782151326439322
2016-03-01,3.99,3.99,4.26,-0.09999999999999964,0.29000000000000004,4.54,-0.28000000000000025,0,0.012840968242618718,0.015354434322050919,-0.3229611690188055,0.06565829273901568,0.6865217740919032,0.1578256393136999,0.014721567739442887,0.026718849678304075,-0.0376464153383727,0.06708955081725848,-0.014721567739442887,-0.0849398097398789,-0.015060190260120745,-0.6400841344100974
2016-04-01,4.18,4.19,4.09,0.20000000000000018,-0.09999999999999964,4.66,-0.5700000000000003,0,0.012840968242618708,0.015354434322050917,-0.3229611690188055,0.06565829273901568,0.6865217740919033,0.1578256393136999,0.015786721961332906,0.027623489282083948,-0.038354322158879815,0.06992776608154563,-0.015786721961332906,0.03613865362653938,0.16386134637346078,0.6347295531246717
2016-05-01,4.15,4.16,4.36,-0.03000000000000025,0.20000000000000018,4.28,0.08000000000000007,0,0.012840968242618687,0.015354434322050933,-0.3229611690188055,0.06565829273901566,0.6865217740919032,0.1578256393136999,0.017347216583582938,0.02841456115994426,-0.03834429992641846,0.07303873309358433,-0.017347216583582938,-0.050363488234455835,0.020363488234455586,-0.4511447579483364
2016-06-01,4.33,4.39,4.43,0.22999999999999954,-0.03000000000000025,4.36,0.0699999999999994,0,0.012840968242618711,0.01535443432205094,-0.32296116901880545,0.06565829273901568,0.6865217740919033,0.1578256393136999,0.018899071587900093,0.029065270943685016,-0.038067812662621034,0.07586595583842122,-0.018899071587900093,0.02385273832433595,0.20614726167566358,0.7816867628960209
2016-07-01,4.28,4.41,4.62,0.020000000000000462,0.22999999999999954,4.41,0.20999999999999996,0,0.012840968242618711,0.015354434322050933,-0.32296116901880545,0.06565829273901566,0.6865217740919033,0.1578256393136999,0.02037439724893881,0.029584657685234016,-0.03761046630906597,0.07835926080694358,-0.02037439724893881,-0.05716147720942924,0.0771614772094297,-0.12831442840159987
2016-08-01,4.4,4.45,4.74,0.040000000000000036,0.020000000000000462,4.06,0.6800000000000006,0,0.012840968242618721,0.015354434322050942,-0.32296116901880545,0.06565829273901566,0.6865217740919033,0.1578256393136999,0.021763787489891433,0.029985250768854114,-0.037006224084464585,0.08053379906424746,-0.021763787489891433,0.02118112035536865,0.018818879644631387,-0.5529211519152417
2016-09-01,4.43,4.42,4.56,-0.03000000000000025,0.040000000000000036,4.13,0.4299999999999997,0,0.012840968242618708,0.015354434322050945,-0.32296116901880545,0.06565829273901566,0.6865217740919033,0.1578256393136999,0.02308531129315159,0.030339762926146603,-0.0363795313415793,0.08255015392788248,-0.02308531129315159,0.009849205337921656,-0.039849205337921904,-0.8315675940269704
2016-10-01,4.42,4.43,4.76,0.009999999999999787,-0.03000000000000025,4.17,0.5899999999999999,0,0.012840968242618702,0.01535443432205094,-0.32296116901880545,0.06565829273901568,0.6865217740919033,0.1578256393136999,0.02449770927473682,0.03060598315520037,-0.03548891542089545,0.0844843339703691,-0.02449770927473682,0.03698345178527766,-0.026983451785277876,-0.6689278845860431
2016-11-01,4.67,4.6,4.67,0.16999999999999993,0.009999999999999787,4.16,0.5099999999999998,0,0.012840968242618706,0.015354434322050936,-0.32296116901880545,0.06565829273901566,0.6865217740919033,0.1578256393136999,0.025994538248472247,0.03081326785996493,-0.03439835700304459,0.08638743349998909,-0.025994538248472247,0.022868571059151563,0.14713142894084835,0.5199381747889235
2016-12-01,4.68,4.66,4.23,0.0600000000000005,0.16999999999999993,4.21,0.020000000000000462,0,0.012840968242618715,0.01535443432205094,-0.3229611690188055,0.06565829273901566,0.6865217740919033,0.1578256393136999,0.027093417683896583,0.03094822065630581,-0.03356398018806135,0.08775081555585451,-0.027093417683896583,-0.04152056213690026,0.10152056213690075,0.1942180182621177
2017-01-01,4.42,4.4,3.83,-0.2599999999999998,0.0600000000000005,3.89,-0.06000000000000005,0,0.012840968242618721,0.015354434322050935,-0.3229611690188055,0.06565829273901566,0.6865217740919033,0.1578256393136999,0.02818152908612473,0.030969034009813524,-0.03251666220910582,0.08887972038135528,-0.02818152908612473,-0.008227593643677254,-0.25177240635632253,-2.136104816122648
2017-02-01,4.4,4.46,3.96,0.05999999999999961,-0.2599999999999998,4.07,-0.11000000000000032,0,0.012840968242618735,0.015354434322050933,-0.3229611690188055,0.06565829273901566,0.6865217740919033,0.1578256393136999,0.02918952587198954,0.030876612095712984,-0.03132752180022169,0.08970657354420078,-0.02918952587198954,0.09360002434158923,-0.033600024341589624,-0.6008080801094766
2017-03-01,4.22,4.28,4,-0.17999999999999972,0.05999999999999961,4.11,-0.11000000000000032,0,0.01284096824261875,0.015354434322050942,-0.32296116901880545,0.06565829273901566,0.6865217740919033,0.1578256393136999,0.030177921367885305,0.030671064359605683,-0.029936260144451877,0.09029210288022249,-0.030177921367885305,-0.009856273248976847,-0.17014372675102288,-1.4787151958034446
2017-04-01,4.38,4.51,4.09,0.22999999999999954,-0.17999999999999972,3.82,0.27,0,0.012840968242618756,0.015354434322050942,-0.3229611690188055,0.06565829273901566,0.6865217740919033,0.1578256393136999,0.031067059896269476,0.03035078083815948,-0.028419377449191485,0.09055349724173044,-0.031067059896269476,0.07936208483799642,0.15063791516200312,0.7052877402153461
2017-05-01,4.2,4.17,3.93,-0.33999999999999986,0.22999999999999954,3.57,0.3600000000000003,0,0.012840968242618761,0.015354434322050947,-0.3229611690188055,0.06565829273901566,0.6865217740919034,0.1578256393136999,0.031740498279791335,0.02992141195435545,-0.026904391517331566,0.09038538807691424,-0.031740498279791335,-0.05001352125098147,-0.2899864787490184,-2.193131496519391
2017-06-01,4.17,4.26,4.36,0.08999999999999986,-0.33999999999999986,3.67,0.6900000000000004,0,0.012840968242618765,0.015354434322050943,-0.32296116901880545,0.06565829273901566,0.6865217740919034,0.1578256393136999,0.032967583248300375,0.029383661881865652,-0.024623335774058716,0.09055850227065947,-0.032967583248300375,0.14539539815033986,-0.05539539815034,-0.5349286169993847
2017-07-01,4.33,4.48,5.22,0.22000000000000064,0.08999999999999986,3.56,1.6599999999999997,0,0.012840968242618756,0.015354434322050949,-0.32296116901880545,0.06565829273901566,0.6865217740919034,0.1578256393136999,0.034397378208171694,0.02878675735518616,-0.022023629439686672,0.09081838585603005,-0.034397378208171694,0.040874110856491314,0.17912588914350933,1.1070077916641474
2017-08-01,4.48,4.51,4.72,0.02999999999999936,0.22000000000000064,3.31,1.4099999999999997,0,0.01284096824261876,0.015354434322050942,-0.3229611690188054,0.06565829273901566,0.6865217740919034,0.1578256393136999,0.03425021990025647,0.02845799716678711,-0.02152642961878915,0.0900268694193021,-0.03425021990025647,-0.00991767888215702,0.03991767888215638,0.01705777122029616
2017-09-01,4.6,4.75,4.36,0.2400000000000002,0.02999999999999936,3.4,0.9600000000000004,0,0.012840968242618754,0.015354434322050945,-0.3229611690188054,0.06565829273901566,0.6865217740919033,0.1578256393136999,0.03380456679286363,0.028268684212582478,-0.02160103615413403,0.08921016973986129,-0.03380456679286363,0.035604517293203894,0.2043954827067963,1.0576770860805798
2017-10-01,4.5,4.53,4.2,-0.21999999999999975,0.2400000000000002,3.28,0.9200000000000004,0,0.012840968242618753,0.015354434322050942,-0.3229611690188054,0.06565829273901566,0.6865217740919033,0.1578256393136999,0.03231828713418602,0.0280604281446312,-0.02267914142006522,0.08731571568843725,-0.03231828713418602,-0.034936888158443466,-0.18506311184155627,-1.5275822946584687
2017-11-01,4.49,4.63,4.69,0.09999999999999964,-0.21999999999999975,3.37,1.3200000000000003,0,0.012840968242618747,0.015354434322050945,-0.32296116901880534,0.06565829273901565,0.6865217740919034,0.1578256393136999,0.031734949911293775,0.02781591778389727,-0.022783247142072055,0.0862531469646596,-0.031734949911293775,0.12578255930966364,-0.025782559309664,-0.4194172032327765
2017-12-01,4.53,4.56,5.68,-0.07000000000000028,0.09999999999999964,3.65,2.03,0,0.012840968242618747,0.015354434322050936,-0.32296116901880545,0.06565829273901565,0.6865217740919033,0.1578256393136999,0.03133210235092149,0.02767002253013149,-0.02290014525954808,0.08556434996139106,-0.03133210235092149,0.04414901911310893,-0.1141490191131092,-0.8007394620054059
2018-01-01,4.88,4.71,4.71,0.15000000000000036,-0.07000000000000028,3.8,0.9100000000000001,0,0.012840968242618746,0.015354434322050938,-0.3229611690188054,0.06565829273901565,0.6865217740919034,0.1578256393136999,0.032158166261554245,0.027963941545137313,-0.022650152032698226,0.08696648455580672,-0.032158166261554245,0.06471218137194959,0.08528781862805077,0.45283823911000887
2018-02-01,4.67,4.56,4.15,-0.15000000000000036,0.15000000000000036,4.09,0.0600000000000005,0,0.012840968242618753,0.015354434322050938,-0.32296116901880534,0.06565829273901566,0.6865217740919034,0.1578256393136999,0.03257262504558672,0.028230644333188688,-0.022758421107822863,0.08790367119899631,-0.03257262504558672,-0.033648849607466946,-0.11635115039253341,-0.978319107924923
2018-03-01,4.55,4.62,4.14,0.0600000000000005,-0.15000000000000036,3.99,0.14999999999999947,0,0.012840968242618744,0.015354434322050936,-0.32296116901880545,0.06565829273901566,0.6865217740919034,0.1578256393136999,0.033024107059893046,0.028353595536244232,-0.022547919023361278,0.08859613314314738,-0.033024107059893046,0.06623875965442362,-0.006238759654423123,-0.25576626096779326
2018-04-01,4.42,4.46,3.92,-0.16000000000000014,0.0600000000000005,4.19,-0.27000000000000046,0,0.012840968242618739,0.015354434322050938,-0.3229611690188054,0.06565829273901565,0.6865217740919033,0.1578256393136999,0.033480552046944584,0.028338387140734375,-0.02206166612884778,0.08902277022273694,-0.033480552046944584,-0.015576450951184798,-0.14442354904881535,-1.1734887633534994
2018-05-01,4.31,4.48,4.09,0.020000000000000462,-0.16000000000000014,4.16,-0.07000000000000028,0,0.012840968242618739,0.015354434322050938,-0.3229611690188054,0.06565829273901566,0.6865217740919034,0.1578256393136999,0.03373019531068591,0.028191215982769927,-0.02152357269593308,0.0889839633173049,-0.03373019531068591,0.062153641613879616,-0.042153641613879154,-0.4713628630877083
2018-06-01,4.35,4.43,3.79,-0.05000000000000071,0.020000000000000462,4.39,-0.5999999999999996,0,0.012840968242618732,0.015354434322050935,-0.3229611690188054,0.06565829273901565,0.6865217740919034,0.1578256393136999,0.03396418961317846,0.02789920481462522,-0.02071724702079343,0.08864562624715035,-0.03396418961317846,-0.013996768905664588,-0.03600323109433612,-0.4208782028193498
2018-07-01,4.26,4.36,2.61,-0.0699999999999994,-0.05000000000000071,4.41,-1.8000000000000003,0,0.012840968242618728,0.015354434322050933,-0.32296116901880545,0.06565829273901566,0.6865217740919034,0.1578256393136999,0.034083620723909594,0.027506651640460844,-0.019828425826683246,0.08799566727450243,-0.034083620723909594,-0.032361490609478044,-0.03763850939052135,-0.42306284609227707
2018-08-01,4.07,4.33,3.36,-0.03000000000000025,-0.0699999999999994,4.45,-1.0900000000000003,0,0.01284096824261873,0.015354434322050933,-0.3229611690188054,0.06565829273901566,0.6865217740919034,0.1578256393136999,0.033843751768686516,0.027414335778515334,-0.01988735901729135,0.08757486255466437,-0.033843751768686516,-0.0014414393539333992,-0.02855856064606685,-0.29148707568174137
2018-09-01,4.12,4.32,4.55,-0.009999999999999787,-0.03000000000000025,4.42,0.1299999999999999,0,0.012840968242618728,0.015354434322050933,-0.3229611690188054,0.06565829273901565,0.6865217740919034,0.1578256393136999,0.03343879493390821,0.0273208046150442,-0.020108998140234105,0.08698658800805052,-0.03343879493390821,0.026876846654591034,-0.03687684665459082,-0.3617990594930832
2018-10-01,4.3,4.32,4.34,0,-0.009999999999999787,4.43,-0.08999999999999986,0,0.012840968242618727,0.015354434322050928,-0.32296116901880545,0.06565829273901565,0.6865217740919034,0.1578256393136999,0.03305926242848574,0.027063327448376324,-0.019983884672146124,0.0861024095291176,-0.03305926242848574,0.013095246314243001,-0.013095246314243001,-0.1843016560522984
2018-11-01,4.44,4.47,3.15,0.14999999999999947,0,4.6,-1.4499999999999997,0,0.012840968242618721,0.01535443432205093,-0.3229611690188054,0.06565829273901565,0.6865217740919034,0.1578256393136999,0.03267347951232625,0.026633732131251652,-0.01952767623881419,0.0848746352634667,-0.03267347951232625,-0.034535577050254326,0.1845355770502538,1.0963736403577289
2018-12-01,4.24,4.38,2.31,-0.08999999999999986,0.14999999999999947,4.66,-2.35,0,0.012840968242618725,0.015354434322050928,-0.32296116901880545,0.06565829273901565,0.6865217740919034,0.1578256393136999,0.03370675570483743,0.026304538473269457,-0.017849192332718915,0.08526270374239378,-0.03370675570483743,-0.1148140830165699,0.024814083016570038,-0.12256845488608661
2019-01-01,4.03,4.07,4.1,-0.3099999999999996,-0.08999999999999986,4.4,-0.3000000000000007,0,0.012840968242618725,0.015354434322050928,-0.32296116901880534,0.06565829273901565,0.6865217740919033,0.1578256393136999,0.03504928813592394,0.026533250891792412,-0.016954928004754448,0.08705350427660233,-0.03504928813592394,0.031392687013533954,-0.34139268701353354,-2.417360264523905
2019-02-01,4.23,4.25,4.46,0.17999999999999972,-0.3099999999999996,4.46,0,0,0.012840968242618723,0.015354434322050928,-0.3229611690188054,0.06565829273901566,0.6865217740919033,0.1578256393136999,0.03584866048554726,0.02658343969013173,-0.016253923892303533,0.08795124486339806,-0.03584866048554726,0.11295893063844827,0.06704106936155145,0.3561763403598108
2019-03-01,4.34,4.35,4.17,0.09999999999999964,0.17999999999999972,4.28,-0.11000000000000032,0,0.012840968242618727,0.01535443432205093,-0.32296116901880534,0.06565829273901565,0.6865217740919034,0.15782563931369992,0.03664803283517059,0.02644705672991123,-0.015187245852543066,0.08848331152288424,-0.03664803283517059,-0.04932332579263492,0.14932332579263458,0.9277916857790375
2019-04-01,4.32,4.3,4.75,-0.04999999999999982,0.09999999999999964,4.51,0.2400000000000002,0,0.012840968242618723,0.015354434322050928,-0.3229611690188054,0.06565829273901565,0.6865217740919033,0.15782563931369992,0.03753451612787682,0.026121752624421006,-0.013663178229052983,0.08873221048480662,-0.03753451612787682,-0.010446864788571255,-0.039553135211428565,-0.33347265820075733
2019-05-01,4.42,4.39,4.54,0.08999999999999986,-0.04999999999999982,4.17,0.3700000000000001,0,0.012840968242618721,0.015354434322050928,-0.3229611690188054,0.06565829273901563,0.6865217740919033,0.1578256393136999,0.03847134305115464,0.02561048463252959,-0.011724284455219863,0.08866697055752915,-0.03847134305115464,0.04322342362248616,0.0467765763775137,0.25025540957724796
2019-06-01,4.4,4.36,4.8,-0.02999999999999936,0.08999999999999986,4.26,0.54,0,0.01284096824261872,0.015354434322050926,-0.3229611690188054,0.06565829273901565,0.6865217740919033,0.1578256393136999,0.03931638268762329,0.024914473916145975,-0.009515088881785407,0.08814785425703198,-0.03931638268762329,0.005005309682242855,-0.03500530968224222,-0.27299523759370187
2019-07-01,4.57,4.6,4.37,0.23999999999999932,-0.02999999999999936,4.48,-0.11000000000000032,0,0.01284096824261872,0.015354434322050926,-0.3229611690188054,0.06565829273901565,0.6865217740919033,0.1578256393136999,0.040261671326626135,0.02403803672286283,-0.0068520149092362315,0.0873753575624885,-0.040261671326626135,0.018101019467253787,0.22189898053274554,1.3791729864237838
2019-08-01,4.6,4.53,3.01,-0.0699999999999994,0.23999999999999932,4.51,-1.5,0,0.012840968242618718,0.015354434322050924,-0.32296116901880545,0.06565829273901565,0.6865217740919032,0.1578256393136999,0.04133640946295792,0.022910071478059124,-0.003566505517276275,0.08623932444319211,-0.04133640946295792,-0.12667432651633126,0.05667432651633186,0.1053036916879845
2019-09-01,4.33,4.34,1.8,-0.1900000000000004,-0.0699999999999994,4.75,-2.95,0,0.01284096824261872,0.015354434322050924,-0.3229611690188054,0.06565829273901565,0.6865217740919033,0.1578256393136999,0.04286199544955812,0.021747489544830436,2.376991875291043e-4,0.08548629171158714,-0.04286199544955812,-0.09099463650226156,-0.09900536349773884,-0.9084470303667677
2019-10-01,4.18,4.22,2.17,-0.1200000000000001,-0.1900000000000004,4.53,-2.3600000000000003,0,0.012840968242618718,0.015354434322050924,-0.3229611690188054,0.06565829273901563,0.6865217740919034,0.1578256393136999,0.04283864671594129,0.021194878549716082,0.0012974481017972508,0.08437984533008533,-0.04283864671594129,-0.026895615893429592,-0.09310438410657051,-0.5905436031038958
2019-11-01,4.05,4.25,2.92,0.03000000000000025,-0.1200000000000001,4.63,-1.71,0,0.012840968242618718,0.015354434322050923,-0.3229611690188054,0.06565829273901563,0.6865217740919034,0.1578256393136999,0.04165000666434139,0.020840035752153964,8.042871535925353e-4,0.08249572617509024,-0.04165000666434139,-0.01962520287114837,0.04962520287114862,0.3732506143600375
2019-12-01,3.89,4.1,3.41,-0.15000000000000036,0.03000000000000025,4.56,-1.1499999999999995,0,0.012840968242618715,0.015354434322050924,-0.3229611690188054,0.06565829273901563,0.6865217740919033,0.1578256393136999,0.04091140626642743,0.020371459624727424,9.840790894498491e-4,0.08083873344340502,-0.04091140626642743,-0.04389598403433706,-0.1061040159656633,-0.7055068668529236
2020-01-01,4.07,4.11,1.78,0.010000000000000675,-0.15000000000000036,4.71,-2.9299999999999997,0,0.012840968242618718,0.015354434322050924,-0.3229611690188054,0.06565829273901563,0.6865217740919033,0.1578256393136999,0.03952569001659352,0.019593942580130627,0.0011222682443916762,0.07792911178879536,-0.03952569001659352,-0.054525128153179364,0.06452512815318004,0.5765053239222079
2020-02-01,3.92,3.85,1.24,-0.26000000000000023,0.010000000000000675,4.56,-3.3199999999999994,0,0.012840968242618715,0.015354434322050923,-0.3229611690188054,0.06565829273901563,0.6865217740919033,0.1578256393136999,0.03914262264519279,0.019163387572852197,0.001583073180620051,0.07670217210976553,-0.03914262264519279,-0.1203421506296096,-0.13965784937039064,-0.7094846997795669
2020-03-01,3.86,3.99,1.77,0.14000000000000012,-0.26000000000000023,4.62,-2.85,0,0.012840968242618711,0.015354434322050924,-0.3229611690188054,0.06565829273901563,0.6865217740919034,0.1578256393136999,0.036300570668163834,0.01928721073825069,-0.0015016677410416915,0.07410280907736935,-0.036300570668163834,-0.0066457542167587536,0.14664575421675888,1.155780827250834
2020-04-01,3.55,3.97,1.88,-0.020000000000000018,0.14000000000000012,4.46,-2.58,0,0.012840968242618715,0.015354434322050924,-0.32296116901880534,0.06565829273901563,0.6865217740919034,0.1578256393136999,0.035675013557449176,0.019674815752012922,-0.00288691671895748,0.07423694383385583,-0.035675013557449176,-0.12441513039823295,0.10441513039823293,0.7080242248211671
2020-05-01,3.78,3.96,1.8,-0.010000000000000231,-0.020000000000000018,4.48,-2.6800000000000006,0,0.012840968242618718,0.015354434322050924,-0.32296116901880534,0.06565829273901563,0.6865217740919033,0.1578256393136999,0.036478138263475554,0.020264538987349007,-0.0032396283150362692,0.07619590484198738,-0.036478138263475554,-0.07846121892311968,0.06846121892311945,0.33575210370950875
2020-06-01,3.5,3.77,2.39,-0.18999999999999995,-0.010000000000000231,4.43,-2.0399999999999996,0,0.012840968242618713,0.015354434322050926,-0.3229611690188054,0.06565829273901563,0.6865217740919034,0.1578256393136999,0.03825430544262076,0.021172506231861066,-0.003243044234276772,0.07975165511951829,-0.03825430544262076,-0.06196820317013949,-0.12803179682986046,-0.9690017163251644
2020-07-01,3.49,3.9,2.88,0.1299999999999999,-0.18999999999999995,4.36,-1.4800000000000004,0,0.012840968242618713,0.015354434322050924,-0.3229611690188053,0.06565829273901563,0.6865217740919034,0.1578256393136999,0.03864531121052006,0.022165598140111053,-0.004798462839885602,0.08208908526092573,-0.03864531121052006,0.017008529764621992,0.1129914702353779,0.6493457607366567
2020-08-01,3.61,3.92,4.19,0.020000000000000018,0.1299999999999999,4.33,-0.13999999999999968,0,0.012840968242618713,0.015354434322050924,-0.32296116901880534,0.06565829273901563,0.6865217740919034,0.1578256393136999,0.03992318654337272,0.02308872995777638,-0.005329892622639977,0.08517626570938541,-0.03992318654337272,-0.03473322984589812,0.05473322984589814,0.2724523875163861
2020-09-01,3.81,3.99,4.97,0.07000000000000028,0.020000000000000018,4.32,0.6499999999999995,0,0.01284096824261871,0.015354434322050926,-0.3229611690188053,0.06565829273901563,0.6865217740919034,0.1578256393136999,0.0412416997978894,0.023747000383077716,-0.005301565693801781,0.08778496528958057,-0.0412416997978894,0.03318884973087068,0.0368111502691296,0.14989139509371424
2020-10-01,4.19,4.15,5.34,0.16000000000000014,0.07000000000000028,4.32,1.0199999999999996,0,0.012840968242618711,0.015354434322050926,-0.3229611690188053,0.06565829273901565,0.6865217740919034,0.15782563931369986,0.042433317873816705,0.02421635894863768,-0.005029873502207384,0.0898965092498408,-0.042433317873816705,0.03351567064259527,0.12648432935740486,0.7397370103015236
2020-11-01,4.49,4.27,5.46,0.11999999999999922,0.16000000000000014,4.47,0.9900000000000002,0,0.012840968242618711,0.015354434322050926,-0.32296116901880534,0.06565829273901563,0.6865217740919034,0.15782563931369986,0.04294072618118934,0.024587448256553946,-0.0052497868733985265,0.0911312392357772,-0.04294072618118934,0.0036785001189872657,0.11632149988101195,0.6306120038005839
2020-12-01,4.49,4.26,4.82,-0.009999999999999787,0.11999999999999922,4.38,0.4400000000000004,0,0.012840968242618713,0.015354434322050928,-0.3229611690188053,0.06565829273901563,0.6865217740919034,0.15782563931369986,0.04283740686436131,0.024858018971843816,-0.005883415047465937,0.09155822877618856,-0.04283740686436131,-0.007065913019318679,-0.002934086980681108,-0.17259978698821513
2021-01-01,4.33,4.12,5.24,-0.13999999999999968,-0.009999999999999787,4.07,1.17,0,0.012840968242618713,0.015354434322050926,-0.3229611690188053,0.06565829273901563,0.6865217740919034,0.1578256393136999,0.04274093419610926,0.024932126810079003,-0.006125136409631075,0.0916070048018496,-0.04274093419610926,0.06607747294225454,-0.2060774729422542,-1.500961314108173
2021-02-01,4.56,4.39,6,0.2699999999999996,-0.13999999999999968,4.25,1.75,0,0.012840968242618715,0.015354434322050928,-0.32296116901880534,0.06565829273901565,0.6865217740919034,0.15782563931369986,0.04392316180138637,0.024968169263809296,-0.005013550715579795,0.09285987431835253,-0.04392316180138637,0.13492106505767748,0.1350789349423221,0.8245752132086959
2021-03-01,4.6,4.34,5.84,-0.04999999999999982,0.2699999999999996,4.35,1.4900000000000002,0,0.012840968242618715,0.015354434322050928,-0.32296116901880534,0.06565829273901565,0.6865217740919034,0.15782563931369986,0.043851734361981115,0.02519645705217469,-0.005532413998291526,0.09323588272225375,-0.043851734361981115,-0.009019463193106717,-0.040980536806893106,-0.3645653847234653
2021-04-01,4.54,4.39,5.2,0.04999999999999982,-0.04999999999999982,4.3,0.9000000000000004,0,0.012840968242618715,0.015354434322050928,-0.3229611690188053,0.06565829273901565,0.6865217740919034,0.1578256393136999,0.0441041363318375,0.025494349344685217,-0.005863870193027844,0.09407214285670285,-0.0441041363318375,0.06868274939221268,-0.018682749392212858,-0.23088777961330686
2021-05-01,4.54,4.41,5.17,0.020000000000000462,0.04999999999999982,4.39,0.7800000000000002,0,0.01284096824261872,0.015354434322050928,-0.3229611690188053,0.06565829273901563,0.6865217740919034,0.1578256393136999,0.044445711773193244,0.025694649811973648,-0.005914876453643969,0.09480630000003046,-0.044445711773193244,0.03136056497476926,-0.011360564974768797,-0.16095574222927225
2021-06-01,4.28,4.23,3.91,-0.17999999999999972,0.020000000000000462,4.36,-0.4500000000000002,0,0.012840968242618721,0.015354434322050926,-0.3229611690188053,0.06565829273901565,0.6865217740919034,0.1578256393136999,0.04483428170108288,0.025774115159510263,-0.0056820557449450484,0.09535061914711082,-0.04483428170108288,-0.013793681903244839,-0.16620631809675487,-1.2329890993516244
2021-07-01,4.3,4.12,3.82,-0.11000000000000032,-0.17999999999999972,4.6,-0.7799999999999998,0,0.012840968242618716,0.015354434322050928,-0.3229611690188053,0.06565829273901563,0.6865217740919034,0.1578256393136999,0.0448261970986711,0.025680233818948007,-0.005506136301034477,0.09515853049837666,-0.0448261970986711,0.036009544929040134,-0.14600954492904045,-1.0715718773891432
2021-08-01,4.22,4.14,3.62,0.019999999999999574,-0.11000000000000032,4.53,-0.9100000000000001,0,0.012840968242618721,0.015354434322050928,-0.3229611690188053,0.06565829273901565,0.6865217740919034,0.1578256393136999,0.04421412461289032,0.025460619671346368,-0.005687772967020575,0.09411602219280121,-0.04421412461289032,0.008131843436957206,0.011868156563042367,0.037818957623849986
2021-09-01,4.21,4.2,3.67,0.0600000000000005,0.019999999999999574,4.34,-0.6699999999999999,0,0.01284096824261872,0.015354434322050926,-0.32296116901880534,0.06565829273901565,0.6865217740919033,0.1578256393136999,0.043659328701457716,0.025139214661055523,-0.005612626633832399,0.09293128403674783,-0.043659328701457716,-0.022870005367733915,0.08287000536773441,0.5038762131641187
2021-10-01,4.22,3.89,2.96,-0.31000000000000005,0.0600000000000005,4.22,-1.2599999999999998,0,0.01284096824261872,0.015354434322050928,-0.3229611690188052,0.06565829273901565,0.6865217740919034,0.1578256393136999,0.04339899159545824,0.024659076829040838,-0.004931910881467945,0.09172989407238444,-0.04339899159545824,-0.061219431308787126,-0.24878056869121293,-1.613510007723932
2021-11-01,4.17,4.08,2.89,0.18999999999999995,-0.31000000000000005,4.25,-1.3599999999999999,0,0.01284096824261872,0.015354434322050928,-0.3229611690188053,0.06565829273901563,0.6865217740919033,0.1578256393136999,0.04147623976235022,0.024156875122090537,-0.00587036545597884,0.08882284498067929,-0.04147623976235022,0.05655124456165208,0.13344875543834786,0.9727381055547225
2021-12-01,4.22,4.02,3.07,-0.0600000000000005,0.18999999999999995,4.1,-1.0299999999999998,0,0.012840968242618718,0.015354434322050928,-0.32296116901880517,0.06565829273901565,0.6865217740919034,0.1578256393136999,0.040515999175088586,0.023634496466833476,-0.005806762692644171,0.08683876104282134,-0.040515999175088586,-0.09025313302129548,0.03025313302129498,0.2567313962053415
2022-01-01,4.2,4.09,2.87,0.07000000000000028,-0.0600000000000005,4.11,-1.2400000000000002,0,0.012840968242618716,0.015354434322050926,-0.32296116901880517,0.06565829273901565,0.6865217740919033,0.1578256393136999,0.03972101562335706,0.02299189068174226,-0.005342262049339831,0.08478429329605394,-0.03972101562335706,-0.017035420989215573,0.08703542098921585,0.5818440169639902
2022-02-01,3.84,3.92,2.98,-0.16999999999999993,0.07000000000000028,3.85,-0.8700000000000001,0,0.012840968242618718,0.015354434322050928,-0.3229611690188053,0.06565829273901565,0.6865217740919032,0.1578256393136999,0.039498393153254714,0.02225782769698253,-0.004126147506929134,0.08312293381343856,-0.039498393153254714,-0.044129915632029344,-0.1258700843679706,-0.8514496933100539
2022-03-01,3.79,3.8,4.17,-0.1200000000000001,-0.16999999999999993,3.99,0.17999999999999972,0,0.012840968242618721,0.015354434322050928,-0.3229611690188052,0.06565829273901565,0.6865217740919033,0.1578256393136999,0.03869501408568759,0.021313224048703706,-0.003078137444204619,0.08046816561557979,-0.03869501408568759,0.07470946951123933,-0.19470946951123944,-1.417869305281776
2022-04-01,4.14,3.94,4.62,0.14000000000000012,-0.1200000000000001,3.97,0.6499999999999999,0,0.01284096824261872,0.015354434322050926,-0.3229611690188053,0.06565829273901565,0.6865217740919033,0.1578256393136999,0.038077506154810356,0.020026507342054835,-0.001173726971744074,0.07732873928136479,-0.038077506154810356,0.07634668752550211,0.06365331247449801,0.2975168973389252
2022-05-01,4.29,4.01,5.82,0.06999999999999984,0.14000000000000012,3.96,1.8600000000000003,0,0.012840968242618718,0.015354434322050926,-0.3229611690188052,0.06565829273901563,0.6865217740919033,0.1578256393136999,0.037240572903202776,0.018362736044386034,0.0012502715985906604,0.07323087420781489,-0.037240572903202776,0.036893870179943125,0.033106129820056715,-0.008866760621476257
2022-06-01,4.61,4.16,7.55,0.15000000000000036,0.06999999999999984,3.77,3.78,0,0.012840968242618716,0.015354434322050926,-0.3229611690188052,0.06565829273901565,0.6865217740919033,0.1578256393136999,0.036077071570628845,0.016458184826472134,0.003819622059839871,0.06833452108141783,-0.036077071570628845,0.12660501694827944,0.023394983051720913,-0.21727912201902902
2022-07-01,4.88,4.51,8.36,0.34999999999999964,0.15000000000000036,3.9,4.459999999999999,0,0.012840968242618716,0.015354434322050926,-0.3229611690188053,0.06565829273901563,0.6865217740919034,0.1578256393136999,0.034444576643777355,0.014979263384549961,0.005085759895119883,0.06380339339243482,-0.034444576643777355,0.1180196047210448,0.23198039527895487,0.8690221679711703
2022-08-01,5.44,4.55,8.87,0.040000000000000036,0.34999999999999964,3.92,4.949999999999999,0,0.012840968242618718,0.015354434322050926,-0.3229611690188052,0.06565829273901565,0.6865217740919034,0.1578256393136999,0.027325036753257967,0.013961813166952972,-3.961421284696606e-5,0.0546896877193629,-0.027325036753257967,0.03506349101466394,0.004936508985336097,-0.9143808326083983
2022-09-01,5.6,4.61,9.03,0.0600000000000005,0.040000000000000036,3.99,5.039999999999999,0,0.01284096824261872,0.015354434322050928,-0.3229611690188053,0.06565829273901563,0.6865217740919035,0.1578256393136999,0.020075905067260376,0.013333558666012487,-0.00605738970387602,0.046209199838396775,-0.020075905067260376,0.10110508302085877,-0.041105083020858274,-1.058175689686808
2022-10-01,5.64,4.67,9.7,0.05999999999999961,0.0600000000000005,4.15,5.549999999999999,0,0.012840968242618716,0.015354434322050924,-0.3229611690188053,0.06565829273901565,0.6865217740919035,0.1578256393136999,0.013925471655527289,0.012944824305021994,-0.011445917768514549,0.039296861079569124,-0.013925471655527289,0.07074966578966668,-0.010749665789667073,-0.730037257445207
2022-11-01,6.27,4.8,9.17,0.1299999999999999,0.05999999999999961,4.27,4.9,0,0.012840968242618715,0.015354434322050924,-0.3229611690188053,0.06565829273901565,0.6865217740919036,0.1578256393136999,0.008091441046227525,0.012978589306866746,-0.017346126565367957,0.033529008657823,-0.008091441046227525,0.0331113592280054,0.0968886407719945,0.0060765973992886625
2022-12-01,6.15,4.71,9.24,-0.08999999999999986,0.1299999999999999,4.26,4.98,0,0.012840968242618711,0.015354434322050926,-0.32296116901880534,0.06565829273901565,0.6865217740919035,0.1578256393136999,-2.6039008703002955e-4,0.012973678686450139,-0.02568833305946721,0.025167552885407153,2.6039008703002955e-4,-0.030440726363235495,-0.05955927363676436,-1.1096459493847441
2023-01-01,5.47,4.62,9.69,-0.08999999999999986,-0.08999999999999986,4.12,5.569999999999999,0,0.01284096824261871,0.015354434322050924,-0.3229611690188053,0.06565829273901565,0.6865217740919035,0.1578256393136999,-0.007039212567475123,0.012990415646561023,-0.032499959378940325,0.018421534243990078,0.007039212567475123,0.002699059453474706,-0.09269905945347456,-1.189765216938154
2023-02-01,5.27,4.49,9.92,-0.1299999999999999,-0.08999999999999986,4.39,5.53,0,0.012840968242618708,0.015354434322050924,-0.32296116901880534,0.06565829273901565,0.6865217740919035,0.1578256393136999,-0.0110797232402385,0.013491855062333332,-0.037523273247046234,0.01536382676656923,0.0110797232402385,-0.01936339606420777,-0.11063660393579212,-0.9942778667787276
2023-03-01,5.19,4.43,8.71,-0.0600000000000005,-0.1299999999999999,4.34,4.370000000000001,0,0.01284096824261871,0.015354434322050924,-0.3229611690188053,0.06565829273901565,0.6865217740919035,0.1578256393136999,-0.011875520501520366,0.014698162350391127,-0.04068338934720956,0.016932348344168825,0.011875520501520366,0.0029298956234193527,-0.06292989562341986,-0.4458196938045102
2023-04-01,5.11,4.39,8.32,-0.040000000000000036,-0.0600000000000005,4.39,3.9300000000000006,0,0.01284096824261871,0.015354434322050924,-0.3229611690188053,0.06565829273901563,0.6865217740919034,0.1578256393136999,-0.01121287018135634,0.01622848364690237,-0.04302011365298221,0.02059437329026953,0.01121287018135634,-0.011847941428983232,-0.028152058571016804,-0.12825989172693114
2023-05-01,5.03,4.3,6.54,-0.08999999999999986,-0.040000000000000036,4.41,2.13,0,0.012840968242618713,0.015354434322050926,-0.3229611690188053,0.06565829273901565,0.6865217740919034,0.15782563931369992,-0.009963467178399773,0.01823089201364603,-0.045695358931184885,0.025768424574385343,0.009963467178399773,0.004537229913379421,-0.09453722991337928,-0.577236443659749
2023-06-01,4.94,4.24,4.93,-0.05999999999999961,-0.08999999999999986,4.23,0.6999999999999993,0,0.012840968242618711,0.015354434322050924,-0.3229611690188053,0.06565829273901565,0.6865217740919035,0.1578256393136999,-0.007646153686068732,0.020080369802397236,-0.047002955295012985,0.03171064792287552,0.007646153686068732,0.03655516587406304,-0.09655516587406265,-0.641010566106981
2023-07-01,4.67,4.21,4.53,-0.03000000000000025,-0.05999999999999961,4.12,0.41000000000000014,0,0.012840968242618708,0.015354434322050926,-0.32296116901880534,0.06565829273901563,0.6865217740919035,0.15782563931369992,-0.00497039238441836,0.021555151717426415,-0.04721771343187082,0.037276928663034094,0.00497039238441836,0.030180777506135376,-0.060180777506135624,-0.4040195502260851
2023-08-01,4.56,4.17,4.47,-0.040000000000000036,-0.03000000000000025,4.14,0.33000000000000007,0,0.012840968242618708,0.015354434322050926,-0.3229611690188053,0.06565829273901563,0.6865217740919035,0.15782563931369992,-0.002163774966287512,0.02270984381344162,-0.046674250935162837,0.042346701002587805,0.002163774966287512,0.021815757574308068,-0.0618157575743081,-0.4112712857461379
2023-09-01,4.44,4.15,4.69,-0.019999999999999574,-0.040000000000000036,4.2,0.4900000000000002,0,0.01284096824261871,0.015354434322050926,-0.32296116901880534,0.06565829273901563,0.6865217740919035,0.15782563931369992,7.510270689036393e-4,0.023590250771170617,-0.04548501482885899,0.046987068966666275,-7.510270689036393e-4,0.02612741826713372,-0.04612741826713329,-0.2695024589032321
2023-10-01,4.54,4.32,4.98,0.16999999999999993,-0.019999999999999574,3.89,1.0900000000000003,0,0.01284096824261871,0.015354434322050924,-0.3229611690188053,0.06565829273901563,0.6865217740919036,0.15782563931369992,0.0037856983033697712,0.02424584519793,-0.04373528505930644,0.05130668166604598,-0.0037856983033697712,0.023426602773667732,0.1465733972263322,1.1134027599705432
2023-11-01,4.5,4.43,4.3,0.10999999999999943,0.16999999999999993,4.08,0.21999999999999975,0,0.012840968242618708,0.015354434322050926,-0.32296116901880534,0.06565829273901563,0.6865217740919035,0.15782563931369992,0.0059730757387125265,0.024822388043026892,-0.04267791083589785,0.054624062313322896,-0.0059730757387125265,-0.04074835382806142,0.15074835382806084,0.9937603950069795
2023-12-01,4.48,4.32,4.18,-0.10999999999999943,0.10999999999999943,4.02,0.16000000000000014,0,0.01284096824261871,0.015354434322050924,-0.3229611690188053,0.06565829273901563,0.6865217740919036,0.15782563931369992,0.0079845686469668,0.025192776068986306,-0.041392365118828905,0.05736150241276251,-0.0079845686469668,-0.021407229365935,-0.08859277063406443,-0.6249972193978627
2024-01-01,4.47,4.29,3.82,-0.03000000000000025,-0.10999999999999943,4.09,-0.27,0,0.01284096824261871,0.015354434322050926,-0.3229611690188052,0.06565829273901563,0.6865217740919036,0.15782563931369992,0.010071236071598837,0.025364256663835717,-0.03964179348414922,0.05978426562734689,-0.010071236071598837,0.04564746309535542,-0.07564746309535567,-0.5914247132840015
2024-02-01,4.35,4.28,3.3,-0.009999999999999787,-0.03000000000000025,3.92,-0.6200000000000001,0,0.012840968242618713,0.015354434322050926,-0.32296116901880534,0.06565829273901563,0.6865217740919036,0.15782563931369992,0.012049583033015572,0.02534580710023554,-0.03762728604254566,0.0617264521085768,-0.012049583033015572,0.015059061832713296,-0.025059061832713083,-0.30360626410209807
2024-03-01,4.05,4.14,3.24,-0.14000000000000057,-0.009999999999999787,3.8,-0.5599999999999996,0,0.012840968242618711,0.015354434322050924,-0.3229611690188053,0.06565829273901563,0.6865217740919036,0.15782563931369992,0.013945533473727473,0.025175116632638547,-0.035396788432839346,0.0632878553802943,-0.013945533473727473,0.008261081187519316,-0.14826108118751988,-1.1050928660044437
2024-04-01,3.85,4.02,3.36,-0.1200000000000001,-0.14000000000000057,3.94,-0.5800000000000001,0,0.01284096824261871,0.015354434322050924,-0.32296116901880534,0.06565829273901563,0.6865217740919037,0.15782563931369992,0.015401164772295915,0.024835634205019223,-0.033275783802752805,0.06407811334734463,-0.015401164772295915,0.04912285633732001,-0.1691228563373201,-1.2025058452866468
2024-05-01,3.97,3.99,3.76,-0.02999999999999936,-0.1200000000000001,4.01,-0.25,0,0.012840968242618711,0.015354434322050924,-0.32296116901880534,0.06565829273901563,0.6865217740919037,0.15782563931369992,0.016336581305546737,0.024317487951227967,-0.03132481927334677,0.06399798188444025,-0.016336581305546737,0.0475121631984887,-0.07751216319848805,-0.5318718272185464
2024-06-01,3.99,4.02,3.62,0.02999999999999936,-0.02999999999999936,4.16,-0.54,0,0.012840968242618711,0.015354434322050924,-0.32296116901880534,0.06565829273901563,0.6865217740919036,0.15782563931369992,0.017169228812397744,0.023571244639763924,-0.029029561752322335,0.06336801937711782,-0.017169228812397744,0.013258419754487882,0.016741580245511478,0.07217237539322921
2024-07-01,4.09,4.07,3.78,0.05000000000000071,0.02999999999999936,4.51,-0.73,0,0.012840968242618711,0.015354434322050924,-0.3229611690188053,0.06565829273901563,0.6865217740919036,0.15782563931369992,0.01804982123776807,0.022597129931743006,-0.026239739582420263,0.0623393820579564,-0.01804982123776807,-0.010024236331515932,0.06002423633151664,0.32647668482687237
2024-08-01,3.99,4.02,3.07,-0.05000000000000071,0.05000000000000071,4.55,-1.48,0,0.012840968242618711,0.015354434322050926,-0.32296116901880534,0.06565829273901563,0.6865217740919036,0.15782563931369992,0.019162795339187966,0.0213818811066171,-0.022744921551498973,0.061070512229874904,-0.019162795339187966,-0.03166802731031998,-0.01833197268968073,-0.2797076853549456
2024-09-01,4.04,3.97,2.11,-0.04999999999999938,-0.05000000000000071,4.61,-2.5000000000000004,0,0.012840968242618713,0.015354434322050924,-0.3229611690188053,0.06565829273901563,0.6865217740919036,0.15782563931369992,0.020131881865641667,0.020040638085000746,-0.01914704700816154,0.059410810739444875,-0.020131881865641667,-0.021340677970544973,-0.028659322029454405,-0.3449464860616589
2024-10-01,3.91,3.96,1.16,-0.010000000000000231,-0.04999999999999938,4.67,-3.51,0,0.012840968242618711,0.015354434322050924,-0.32296116901880534,0.06565829273901563,0.6865217740919037,0.15782563931369994,0.02072099052788536,0.018885410597223234,-0.016293734075923248,0.05773571513169397,-0.02072099052788536,-0.04374165005931882,0.03374165005931859,0.06352683821120338
2024-11-01,3.59,3.66,1.66,-0.2999999999999998,-0.010000000000000231,4.8,-3.1399999999999997,0,0.012840968242618711,0.015354434322050924,-0.32296116901880534,0.06565829273901563,0.6865217740919036,0.15782563931369994,0.021938194874885426,0.018372770050269455,-0.014071772719878858,0.057948162469649706,-0.021938194874885426,-0.052815351974333395,-0.24718464802566642,-1.573979980250911
2024-12-01,3.89,3.95,1.7,0.29000000000000004,-0.2999999999999998,4.71,-3.01,0,0.012840968242618711,0.015354434322050924,-0.3229611690188054,0.06565829273901563,0.6865217740919037,0.15782563931369992,0.019039132398673168,0.018176845740511482,-0.01658683060526962,0.05466509540261595,-0.019039132398673168,0.05242153042825404,0.237578469571746,1.7377158505421904
2025-01-01,3.54,3.76,2.19,-0.1900000000000004,0.29000000000000004,4.62,-2.43,0,0.012840968242618711,0.015354434322050924,-0.32296116901880534,0.06565829273901563,0.6865217740919037,0.15782563931369992,0.01993257309006127,0.01816703676692588,-0.015674164678928435,0.05553931085905098,-0.01993257309006127,-0.12925392338168373,-0.06074607661831666,-0.4494316673609898
2025-02-01,3.65,3.79,1.79,0.03000000000000025,-0.1900000000000004,4.49,-2.7,0,0.012840968242618711,0.015354434322050924,-0.32296116901880534,0.06565829273901565,0.6865217740919036,0.15782563931369992,0.02004316679627522,0.018069275374006183,-0.015371962163513407,0.05545829575606385,-0.02004316679627522,0.020087040006248752,0.009912959993751497,0.04622672314356397
2025-03-01,3.46,3.71,1.57,-0.08000000000000007,0.03000000000000025,4.43,-2.8599999999999994,0,0.012840968242618713,0.015354434322050924,-0.32296116901880534,0.06565829273901563,0.6865217740919036,0.15782563931369992,0.020295705304657137,0.017972846136098248,-0.01493042582177529,0.055521836431089565,-0.020295705304657137,-0.05489358399926493,-0.02510641600073514,-0.17362062699950287
2025-04-01,3.53,3.62,1.47,-0.08999999999999986,-0.08000000000000007,4.39,-2.92,0,0.012840968242618713,0.015354434322050924,-0.3229611690188053,0.06565829273901563,0.6865217740919036,0.15782563931369992,0.02016743838525467,0.017952454071436485,-0.015018725028870292,0.055353601799379634,-0.02016743838525467,-0.02021105832082048,-0.06978894167917937,-0.4070414832673217
2025-05-01,3.35,3.55,1.69,-0.07000000000000028,-0.08999999999999986,4.3,-2.61,0,0.012840968242618713,0.015354434322050924,-0.32296116901880534,0.06565829273901563,0.6865217740919037,0.15782563931369994,0.018958429936876284,0.018028480614571525,-0.01637674276366244,0.054293602637415006,-0.018958429936876284,-0.00757402868093595,-0.062425971319064334,-0.2772514463829198
2025-06-01,3.17,3.53,1.79,-0.020000000000000018,-0.07000000000000028,4.24,-2.45,0,0.012840968242618713,0.015354434322050924,-0.3229611690188053,0.06565829273901563,0.6865217740919037,0.15782563931369992,0.016885333054489023,0.01805170490615302,-0.018495358421115885,0.052266024530093935,-0.016885333054489023,-0.005920815909562942,-0.014079184090437076,0.08910695461675747
2025-07-01,3.26,3.54,1.17,0.010000000000000231,-0.020000000000000018,4.21,-3.04,0,0.012840968242618713,0.015354434322050926,-0.3229611690188053,0.06565829273901563,0.6865217740919038,0.15782563931369992,0.01462930153292553,0.01795079545763695,-0.02055361105788809,0.049812214123739144,-0.01462930153292553,-0.02517288503709879,0.03517288503709902,0.4437331149026648
2025-08-01,3.21,3.49,1.17,-0.04999999999999982,0.010000000000000231,4.17,-3,0,0.012840968242618711,0.015354434322050924,-0.32296116901880534,0.06565829273901563,0.6865217740919038,0.15782563931369992,0.012940336460053686,0.018011109360330787,-0.022360789207806896,0.04824146212791427,-0.012940336460053686,-0.029209652827730477,-0.020790347172269345,0.04286742857439099
2025-09-01,3.16,3.42,1.47,-0.07000000000000028,-0.04999999999999982,4.15,-2.6800000000000006,0,0.012840968242618711,0.015354434322050924,-0.3229611690188053,0.06565829273901563,0.6865217740919038,0.15782563931369992,0.01092059433502753,0.018219426038920405,-0.024788824520247714,0.04663001319030278,-0.01092059433502753,-2.7816612431487073e-4,-0.06972183387568541,-0.2498954853312474
2025-10-01,3.1,3.37,1.26,-0.04999999999999982,-0.07000000000000028,4.32,-3.0600000000000005,0,0.012840968242618711,0.015354434322050924,-0.3229611690188053,0.06565829273901563,0.6865217740919038,0.15782563931369994,0.007909892558217172,0.0184359940685399,-0.02822399183531508,0.04404377695174942,-0.007909892558217172,0.01124397884579062,-0.06124397884579044,-0.0671043523692641
2025-11-01,3,3.3,1.73,-0.07000000000000028,-0.04999999999999982,4.43,-2.6999999999999997,0,0.012840968242618711,0.015354434322050924,-0.3229611690188053,0.06565829273901563,0.6865217740919038,0.15782563931369992,0.0039053033456034796,0.018899666236239458,-0.033137361797253524,0.04094796848846049,-0.0039053033456034796,0.01844470766042952,-0.0884447076604298,-0.19166288436190054
2025-12-01,3.48,3.72,1.65,0.4200000000000004,-0.07000000000000028,4.32,-2.6700000000000004,0,0.012840968242618713,0.015354434322050924,-0.3229611690188053,0.06565829273901563,0.6865217740919038,0.15782563931369992,-0.0013657357003169783,0.019478372275469363,-0.039542643837700425,0.03681117243706647,0.0013657357003169783,0.039094764393781505,0.38090523560621886,2.8002783456693336
2026-01-01,3.44,3.64,0.96,-0.08000000000000007,0.4200000000000004,4.29,-3.33,0,0.012840968242618713,0.015354434322050924,-0.3229611690188053,0.06565829273901563,0.6865217740919037,0.15782563931369992,-0.0012431518381360769,0.020231676855206614,-0.04089650982119362,0.03841020614492146,0.0012431518381360769,-0.11866302712428649,0.03866302712428642,0.22232161874843615
2026-02-01,3.41,3.62,1.56,-0.020000000000000018,-0.08000000000000007,4.28,-2.72,0,0.012840968242618711,0.015354434322050926,-0.3229611690188053,0.06565829273901563,0.6865217740919038,0.15782563931369992,-4.3776962452519606e-4,0.021641508832305836,-0.0428543475069501,0.041978808257899715,4.3776962452519606e-4,0.0398685951428317,-0.059868595142831715,-0.4372702084564833
2026-03-01,3.37,3.61,2.5,-0.010000000000000231,-0.020000000000000018,4.14,-1.6399999999999997,0,0.012840968242618713,0.015354434322050926,-0.3229611690188053,0.06565829273901563,0.6865217740919038,0.15782563931369992,-4.96002750131497e-4,0.023481512907888673,-0.04651892235210568,0.045526916851842694,4.96002750131497e-4,0.020113636133210478,-0.03011363613321071,-0.19008086123798207
2026-04-01,3.53,3.71,3.24,0.10000000000000009,-0.010000000000000231,4.02,-0.7799999999999994,0,0.012840968242618713,0.015354434322050926,-0.3229611690188053,0.06565829273901563,0.6865217740919038,0.1578256393136999,-8.161503036194454e-4,0.025340811399838993,-0.05048322798632589,0.048850927379087,8.161503036194454e-4,0.016707177169630008,0.08329282283037008,0.5672098470854651
2026-05-01,3.66,3.74,2.86,0.03000000000000025,0.10000000000000009,3.99,-1.1300000000000003,0,0.012840968242618711,0.015354434322050926,-0.3229611690188052,0.06565829273901563,0.6865217740919038,0.1578256393136999,-7.917460280773647e-4,0.027044430028806677,-0.053797854866951975,0.05221436281079725,7.917460280773647e-4,-0.018560475647534415,0.048560475647534664,0.3185069319549922
2026-06-01,3.68,3.71,2.27,-0.03000000000000025,0.03000000000000025,4.02,-1.7499999999999996,0,0.012840968242618713,0.015354434322050926,-0.3229611690188053,0.06565829273901563,0.6865217740919038,0.15782563931369992,-4.763278401064081e-4,0.02872850862225368,-0.05678317006927201,0.0558305143890592,4.763278401064081e-4,0.003985706892240689,-0.03398570689224094,-0.2422622472851552
