fecha,observado,predicho_constante,error_constante,varianza_prediccion_constante,predicho_tvp,error_tvp,varianza_prediccion_tvp
2011-01-01,-0.35000000000000053,-0.0294683963550188,-0.32053160364498173,0.031628843426126034,-0.0294683963550188,-0.32053160364498173,0.02878510594465188
2011-02-01,-0.040000000000000036,-0.24651607002123258,0.20651607002123254,0.06167414237701967,-0.24651607002123258,0.20651607002123254,0.056153755034357114
2011-03-01,0.3200000000000003,-0.2511925755623301,0.5711925755623304,0.0476498476232343,-0.2511925755623301,0.5711925755623304,0.043383634327005524
2011-04-01,0.0600000000000005,0.19408724905374514,-0.13408724905374464,0.1457300750086196,0.19408724905374514,-0.13408724905374464,0.13265707225152565
2011-05-01,-0.4500000000000002,1.9863008714706654,-2.4363008714706655,0.5961576187727234,1.9863668771496954,-2.4363668771496956,0.5430511036167679
2011-06-01,0.41999999999999993,-0.4652047299724609,0.8852047299724608,0.1281989234190766,-0.4651910259757974,0.8851910259757974,0.11669429126080637
2011-07-01,-0.28000000000000025,-0.19191738838281122,-0.08808261161718903,0.0882544865562366,-0.19235687891482567,-0.08764312108517458,0.08039066414759631
2011-08-01,0.07000000000000028,0.1350105731820039,-0.06501057318200362,0.09307896277829393,0.13454949332209865,-0.06454949332209836,0.08498367901139998
2011-09-01,0.47999999999999954,-0.08474110959590198,0.5647411095959015,0.04099135208216799,-0.08483379576909256,0.5648337957690921,0.03734947696794346
2011-10-01,0.08000000000000007,-0.19578450400441116,0.27578450400441124,0.047228966471153516,-0.1958458895986368,0.2758458895986369,0.042994937490811826
2011-11-01,-0.4500000000000002,-0.042764541831225356,-0.4072354581687748,0.038092640846944435,-0.04274899239493568,-0.4072510076050645,0.03477594482406435
2011-12-01,-0.4399999999999995,0.033138701927657166,-0.47313870192765667,0.04594687754223956,0.032011301325297115,-0.4720113013252966,0.04195653252770281
2012-01-01,0.33000000000000007,-0.09082812372946225,0.4208281237294623,0.04046766267792963,-0.09227005586266845,0.4222700558626685,0.03688421511004304
2012-02-01,0.16000000000000014,-0.20962507273288028,0.3696250727328804,0.04071833458389442,-0.2112633976194267,0.37126339761942684,0.037224842424605005
2012-03-01,-0.6400000000000006,-0.1734987378678356,-0.466501262132165,0.04226846963494129,-0.17337788182004377,-0.4666221181799568,0.03892088911122948
2012-04-01,0.07000000000000028,-0.1311656173904429,0.2011656173904432,0.047673594968227886,-0.13497431551188735,0.20497431551188763,0.04372049937624144
2012-05-01,-0.2599999999999998,-0.3217225068039283,0.06172250680392849,0.042719733192223136,-0.3246838365371275,0.06468383653712773,0.03954193913622754
2012-06-01,-0.16999999999999993,-0.20896342885287308,0.038963428852873155,0.039062358007052045,-0.21012395528022035,0.04012395528022042,0.035975712718460735
2012-07-01,-0.20999999999999996,-0.25567729579601794,0.04567729579601798,0.038751447911635054,-0.25639509269714733,0.046395092697147367,0.035827026240539406
2012-08-01,-0.35000000000000053,-0.23391547360521275,-0.11608452639478778,0.037378570151627086,-0.23389478892859866,-0.11610521107140187,0.034544231512959385
2012-09-01,0.6200000000000001,-0.0998954385256785,0.7198954385256786,0.034843488338488424,-0.10045503674702982,0.7204550367470299,0.03186865761257246
2012-10-01,-0.41000000000000014,-0.3926270352412375,-0.017372964758762655,0.04372195059682206,-0.38855087677079564,-0.021449123229204503,0.04031264154459389
2012-11-01,0.0600000000000005,-0.06933082290464249,0.12933082290464298,0.03587724645144268,-0.06580418042002639,0.1258041804200269,0.03314409453952555
2012-12-01,0.10999999999999943,-0.1433685587222363,0.25336855872223574,0.03339234573327178,-0.14041568481587052,0.25041568481586995,0.030581138546251215
2013-01-01,-0.09999999999999964,-0.11743799711850651,0.017437997118506868,0.03331420737391156,-0.11428561776689077,0.01428561776689112,0.030438474132582986
2013-02-01,-0.21999999999999975,0.004354686603630503,-0.22435468660363025,0.033126567670813976,0.005492935253613301,-0.22549293525361305,0.03017638695995633
2013-03-01,0.04999999999999982,0.06510351015411692,-0.015103510154117095,0.033831155861022845,0.0648734225266495,-0.01487342252664968,0.030809785119491367
2013-04-01,0.2699999999999996,-0.06703244686696563,0.3370324468669652,0.032993344336813946,-0.06576217162371434,0.3357621716237139,0.030083989295497972
2013-05-01,-0.09999999999999964,-0.13458931473416552,0.03458931473416588,0.03401065612669521,-0.13223832288598034,0.03223832288598069,0.031051430857346032
2013-06-01,0.3799999999999999,0.05779875502784443,0.32220124497215546,0.03356376344742642,0.05655109611075648,0.3234489038892434,0.03058132071428551
2013-07-01,-0.40000000000000036,-0.09966980032891454,-0.3003301996710858,0.03498107321477923,-0.09998116759759246,-0.3000188324024079,0.031847105161873474
2013-08-01,0.08000000000000007,0.10427925853076564,-0.02427925853076557,0.03418902540862936,0.10629965474051792,-0.026299654740517847,0.031219431505577766
2013-09-01,0.020000000000000462,-0.08683820643850988,0.10683820643851034,0.03277860614690596,-0.084560917689675,0.10456091768967546,0.03001722344808701
2013-10-01,-0.20000000000000018,-0.06863927064293607,-0.1313607293570641,0.032634530898458754,-0.06547024305639462,-0.13452975694360556,0.029928311417536192
2013-11-01,-0.009999999999999787,0.07789861649805815,-0.08789861649805794,0.03326848248628747,0.0776684592434095,-0.08766845924340928,0.03029158823892076
2013-12-01,0.4900000000000002,-0.016924195471019088,0.5069241954710193,0.03266306534104141,-0.01646305967867978,0.50646305967868,0.029763462896386653
2014-01-01,-0.25,-0.2530157070665475,0.003015707066547524,0.03566274163164604,-0.24821652024660187,-0.0017834797533981261,0.032985333185674384
2014-02-01,-0.2600000000000007,-0.03898186182053798,-0.2210181381794627,0.03340219680167181,-0.031648810413628575,-0.2283511895863721,0.031450987053622655
2014-03-01,-0.13999999999999968,-0.05813278484644681,-0.08186721515355287,0.03347219703207526,-0.05842645236974306,-0.08157354763025662,0.03158531140629065
2014-04-01,0.1200000000000001,-0.08477129153246082,0.20477129153246093,0.03288747446887412,-0.08756570840101663,0.20756570840101674,0.030768387047911815
2014-05-01,-0.3799999999999999,-0.17439041846225078,-0.2056095815377491,0.03323646868972482,-0.17154146803593767,-0.20845853196406222,0.031224171730383013
2014-06-01,0.08000000000000007,0.014400390944367833,0.06559960905563224,0.0335687307278842,0.011789288245701024,0.06821071175429905,0.031185342336657245
2014-07-01,0.04999999999999982,-0.10724316040796439,0.1572431604079642,0.03256067312185803,-0.10841987981661502,0.15841987981661484,0.02998261827096438
2014-08-01,-0.35000000000000053,-0.053671900153526686,-0.29632809984647385,0.03245730488011013,-0.05338507047315322,-0.2966149295268473,0.02966428131884537
2014-09-01,0.07000000000000028,0.06223637100321988,0.007763628996780403,0.03318282326196305,0.0613914114300857,0.008608588569914581,0.030403559818123024
2014-10-01,0.040000000000000036,-0.0759654635511031,0.11596546355110314,0.03245155506289022,-0.07694970013221256,0.11694970013221259,0.02971424030588207
2014-11-01,-0.009999999999999787,-0.07619663129137408,0.06619663129137429,0.032379638073668233,-0.07644450766416717,0.06644450766416739,0.02974027169965516
2014-12-01,0.04999999999999982,-0.12578278200225446,0.17578278200225428,0.03267459666003319,-0.1248581097953777,0.17485810979537753,0.03075377276458352
2015-01-01,-0.31999999999999984,-0.2271890057631913,-0.09281099423680855,0.03416877493155631,-0.21646917308517477,-0.10353082691482507,0.03372905923757645
2015-02-01,0.18000000000000016,-0.03265740056736505,0.2126574005673652,0.033262810812289115,-0.030830196063290877,0.21083019606329104,0.031325373331288354
2015-03-01,0.040000000000000036,-0.20486565426340583,0.24486565426340587,0.03322691643394845,-0.19631204517277792,0.23631204517277796,0.03133044291340954
2015-04-01,-0.2900000000000005,-0.13099354658824358,-0.1590064534117569,0.03260888239831466,-0.11644006301644094,-0.17355993698355954,0.0305311989121608
2015-05-01,-0.25,-0.0016482998782733904,-0.2483517001217266,0.03282224406246549,0.0067081730869391065,-0.2567081730869391,0.030516519769554905
2015-06-01,0.10000000000000009,-0.023735508961117313,0.1237355089611174,0.03264173610091572,-0.020946471150848522,0.12094647115084861,0.030342242288109205
2015-07-01,-0.10999999999999988,-0.11829890840556477,0.008298908405564895,0.032434791951987486,-0.11421060179376091,0.004210601793761037,0.02998568538102256
2015-08-01,-0.25,-0.08289668390373142,-0.16710331609626858,0.03243670122903513,-0.07703600538845684,-0.17296399461154316,0.03037426546680353
2015-09-01,0.08999999999999986,-0.03564875357939379,0.12564875357939365,0.032645400868606116,-0.034634718075995594,0.12463471807599545,0.0304998248551968
2015-10-01,-0.1200000000000001,-0.10336182248709448,-0.016638177512905625,0.03234512973681877,-0.10095440386611873,-0.019045596133881376,0.02981261445261988
2015-11-01,0.0900000000000003,0.01844601960411829,0.07155398039588201,0.032359474011246864,0.018990249940749382,0.07100975005925092,0.029530945247075162
2015-12-01,0.2799999999999998,0.011438608430768882,0.2685613915692309,0.03300078021025467,0.009739051522676068,0.27026094847732374,0.030098944463956615
2016-01-01,0.1499999999999999,0.11853556583120048,0.03146443416879943,0.03680002630692961,0.11374380364048514,0.03625619635951477,0.035147296936330084
2016-02-01,0.29000000000000004,0.08810588709827921,0.20189411290172082,0.03405132452110866,0.08646629561224412,0.20353370438775592,0.03139423786616159
2016-03-01,-0.09999999999999964,0.009014699990228678,-0.10901469999022832,0.033639449551825955,0.009221232606422325,-0.10922123260642197,0.030714768847924723
2016-04-01,0.20000000000000018,0.0996598765365932,0.10034012346340698,0.03276881007649178,0.09960243553528002,0.10039756446472016,0.02985766094453627
2016-05-01,-0.03000000000000025,0.015009038715077992,-0.04500903871507824,0.03299794966058276,0.014933296337181066,-0.044933296337181315,0.03007376481870621
2016-06-01,0.22999999999999954,0.10455625140084618,0.12544374859915336,0.032885587456741076,0.10470216757707285,0.1252978324229267,0.030022234532943528
2016-07-01,0.020000000000000462,0.023427355746450836,-0.0034273557464503737,0.033130054880589344,0.023730820585743613,-0.003730820585743151,0.030230122465586817
2016-08-01,0.040000000000000036,0.11903059944658295,-0.07903059944658292,0.033065404174194166,0.11985594647674494,-0.0798559464767449,0.030297828069384226
2016-09-01,-0.03000000000000025,0.06516697555339104,-0.09516697555339129,0.032566419444060024,0.06513350708116603,-0.09513350708116627,0.029669803579378956
2016-10-01,0.009999999999999787,0.11043238929458182,-0.10043238929458204,0.03279281887832857,0.11044636069136898,-0.1004463606913692,0.02995330770148748
2016-11-01,0.16999999999999993,0.08214773665764369,0.08785226334235624,0.032617601250404096,0.08182260740588468,0.08817739259411525,0.02974604036473253
2016-12-01,0.0600000000000005,-0.06773854351820191,0.1277385435182024,0.032340439137956305,-0.06812011144589825,0.12812011144589874,0.029699617130945686
2017-01-01,-0.2599999999999998,-0.08747544818180275,-0.17252455181819704,0.03219499716721569,-0.0858349504391302,-0.1741650495608696,0.030157291566767105
2017-02-01,0.05999999999999961,0.07270685870013491,-0.012706858700135298,0.032510639151918846,0.07106333201264738,-0.011063332012647767,0.029837125011547963
2017-03-01,-0.17999999999999972,-0.02548407670368308,-0.15451592329631664,0.03211818123137606,-0.02723708943035888,-0.15276291056964084,0.0294352276650905
2017-04-01,0.22999999999999954,0.09159550351656687,0.13840449648343267,0.032442958303864206,0.09071353228099716,0.13928646771900238,0.029556069406766448
2017-05-01,-0.33999999999999986,-0.09146059978253207,-0.2485394002174678,0.032488041764176016,-0.0943450607745101,-0.24565493922548975,0.029841171717213733
2017-06-01,0.08999999999999986,0.19308619977232094,-0.10308619977232109,0.03335238688137924,0.1948497008005692,-0.10484970080056935,0.030407832352112193
2017-07-01,0.22000000000000064,0.1669049977554111,0.053095002244589545,0.03392093190104992,0.17629430491104847,0.04370569508895217,0.03228924881749225
2017-08-01,0.02999999999999936,0.02924620419014963,7.537958098497305e-4,0.032867933998327006,0.03258140360703915,-0.0025814036070397894,0.03006791452305087
2017-09-01,0.2400000000000002,0.020694291375470242,0.21930570862452997,0.03214165702818395,0.01867808365725404,0.22132191634274617,0.029291659116168805
2017-10-01,-0.21999999999999975,-0.08959923382879681,-0.13040076617120294,0.03245957491883749,-0.09408244331306881,-0.12591755668693094,0.02979706366860916
2017-11-01,0.09999999999999964,0.15606648859368108,-0.056066488593681435,0.03275792581620954,0.15785009676260314,-0.0578500967626035,0.029858179912429318
2017-12-01,-0.07000000000000028,0.1891509983893076,-0.2591509983893079,0.03393715080861359,0.2016404631307338,-0.2716404631307341,0.03266493083584726
2018-01-01,0.15000000000000036,0.09149619481507698,0.058503805184923374,0.03234402906254864,0.0910148985559907,0.05898510144400966,0.029460579830201207
2018-02-01,-0.15000000000000036,-0.1109243308759106,-0.03907566912408976,0.03225792751694519,-0.11035421020371088,-0.03964578979628948,0.030148416758598
2018-03-01,0.0600000000000005,0.02193075474168213,0.03806924525831837,0.03210714018759259,0.021678449995364668,0.03832155000463583,0.02965668363069078
2018-04-01,-0.16000000000000014,-0.06567661825938524,-0.0943233817406149,0.03205364449668452,-0.065423505211512,-0.09457649478848815,0.029757142332567384
2018-05-01,0.020000000000000462,0.053107774758235554,-0.03310777475823509,0.032151371099480096,0.05220513275174827,-0.03220513275174781,0.029444924339743033
2018-06-01,-0.05000000000000071,-0.03768657918776322,-0.012313420812237491,0.03199585724279526,-0.03933504515207243,-0.01066495484792828,0.029528380091378516
2018-07-01,-0.0699999999999994,-0.18318941436263012,0.11318941436263072,0.03295726016304396,-0.1880815901237638,0.1180815901237644,0.03418597477850133
2018-08-01,-0.03000000000000025,-0.056669845245365086,0.026669845245364837,0.032075796179208846,-0.05195896685025414,0.02195896685025389,0.03016793937511709
2018-09-01,-0.009999999999999787,0.11804393658048012,-0.1280439365804799,0.0325838377930731,0.11496103334201443,-0.12496103334201422,0.02989880494621514
2018-10-01,0,0.07236920525554008,-0.07236920525554008,0.032276588843678844,0.07048850278926096,-0.07048850278926096,0.029423639172631164
2018-11-01,0.14999999999999947,-0.11508195867570986,0.26508195867570933,0.03223962017390208,-0.10519170775050096,0.25519170775050043,0.030976635009184832
2018-12-01,-0.08999999999999986,-0.2896170642991253,0.19961706429912546,0.03393003124932133,-0.24756560594885973,0.15756560594885988,0.036055512401446034
2019-01-01,-0.3099999999999996,0.051593845380139725,-0.36159384538013933,0.0320854905724938,0.056778684295058,-0.3667786842950576,0.029238473254094184
2019-02-01,0.17999999999999972,0.18865953292607068,-0.008659532926070967,0.03314574376623846,0.1793232768485565,6.767231514432093e-4,0.030295901188156855
2019-03-01,0.09999999999999964,-0.03366550186875439,0.13366550186875403,0.03226499581080456,-0.03228832748274488,0.13228832748274452,0.029374747792501765
2019-04-01,-0.04999999999999982,0.05239912847553277,-0.10239912847553259,0.032431536050741595,0.04181123593185379,-0.09181123593185361,0.02967599996434556
2019-05-01,0.08999999999999986,0.07631572691953965,0.013684273080460205,0.0322344249873788,0.07149784920844704,0.01850215079155282,0.029374705481885803
2019-06-01,-0.02999999999999936,0.049803360998566,-0.07980336099856536,0.032363774897201096,0.04000447118878574,-0.0700044711887851,0.02959273197459376
2019-07-01,0.23999999999999932,0.03862523785432995,0.20137476214566938,0.03204642966594023,0.04084156654222487,0.19915843345777445,0.029177750649058944
2019-08-01,-0.0699999999999994,-0.23321044192677504,0.16321044192677564,0.03312847045069603,-0.18859413894915225,0.11859413894915286,0.032974056858489184
2019-09-01,-0.1900000000000004,-0.2719830561341917,0.08198305613419132,0.03469077489127796,-0.17472611064627902,-0.01527388935372137,0.039898114501514426
2019-10-01,-0.1200000000000001,-0.1526179747586761,0.032617974758676005,0.03330002310107715,-0.08468125553231974,-0.035318744467680366,0.033915667892304595
2019-11-01,0.03000000000000025,-0.07077646572035325,0.1007764657203535,0.03220912116626862,-0.03423220531764165,0.0642322053176419,0.030423991391371683
2019-12-01,-0.15000000000000036,-0.047323115973077756,-0.1026768840269226,0.031947772800687495,-0.027546615657459875,-0.12245338434254048,0.029375251351495824
2020-01-01,0.010000000000000675,-0.15660637015915413,0.1666063701591548,0.03307589997498107,-0.0986174649005103,0.10861746490051097,0.03320089586344038
2020-02-01,-0.26000000000000023,-0.2806998370357099,0.020699837035709656,0.034284623191105625,-0.19565396213645245,-0.06434603786354778,0.036029291442500576
2020-03-01,0.14000000000000012,-0.116724196852099,0.25672419685209913,0.03313130206429768,-0.06019908002054647,0.2001990800205466,0.03254767073399265
2020-04-01,-0.020000000000000018,-0.2210840197668592,0.2010840197668592,0.03297514888553154,-0.16104707990689104,0.14104707990689103,0.0318388524313803
2020-05-01,-0.010000000000000231,-0.1374177408837492,0.12741774088374896,0.03244048633593287,-0.07769684294166587,0.06769684294166564,0.03094730521783646
2020-06-01,-0.18999999999999995,-0.10179220597569434,-0.0882077940243056,0.032154961095211626,-0.05242587238183172,-0.13757412761816823,0.030179437260563904
2020-07-01,0.1299999999999999,0.032459450482296814,0.09754054951770308,0.032075086846883406,0.05627326116869387,0.07372673883130602,0.029423044167085317
2020-08-01,0.020000000000000018,0.060592996480054236,-0.04059299648005422,0.03259875102420763,0.04129957556897096,-0.02129957556897094,0.029901134633250597
2020-09-01,0.07000000000000028,0.1613475064011397,-0.09134750640113942,0.03330165718695852,0.12366331886968832,-0.05366331886968803,0.03122276709837502
2020-10-01,0.16000000000000014,0.1568711257493817,0.0031288742506184464,0.033452198060971404,0.11385788643295648,0.04614211356704366,0.03157997156302979
2020-11-01,0.11999999999999922,0.10202741854352053,0.01797258145647869,0.033081774723779114,0.06939508355122431,0.050604916448774906,0.030845851306402466
2020-12-01,-0.009999999999999787,0.0239393322591325,-0.03393933225913229,0.032200923476426856,0.019623190659290985,-0.029623190659290772,0.029339463458116152
2021-01-01,-0.13999999999999968,0.1071952445003746,-0.24719524450037428,0.032433541992733184,0.09283355541511418,-0.23283355541511386,0.02976260727276346
2021-02-01,0.2699999999999996,0.23051087019705555,0.03948912980294403,0.03366913264135318,0.1886118390157983,0.08138816098420126,0.03210141400043619
2021-03-01,-0.04999999999999982,0.06084883524441695,-0.11084883524441677,0.033133271118413174,0.030680178154842253,-0.08068017815484207,0.03096475675600381
2021-04-01,0.04999999999999982,0.09879081505425191,-0.04879081505425209,0.0322689758884121,0.09014251341280194,-0.04014251341280212,0.02950006997137862
2021-05-01,0.020000000000000462,0.06735519135411504,-0.047355191354114576,0.03224424273488562,0.05682557497372028,-0.03682557497371982,0.02950733527067844
2021-06-01,-0.17999999999999972,-0.040331942764660955,-0.13966805723533876,0.03189831926033067,-0.014838477703331937,-0.16516152229666778,0.029425217914194057
2021-07-01,-0.11000000000000032,0.04104617621790846,-0.15104617621790878,0.032037331098958524,0.061846230539878394,-0.1718462305398787,0.02941663680199055
2021-08-01,0.019999999999999574,-0.004331388532055898,0.02433138853205547,0.03193214717868446,0.019128998498438698,8.710015015608759e-4,0.029536714578119603
2021-09-01,0.0600000000000005,-0.034915958186288565,0.09491595818628906,0.03188622941200341,-0.01584698288020267,0.07584698288020317,0.029350153429469943
2021-10-01,-0.31000000000000005,-0.11212859013561188,-0.19787140986438817,0.03210872536010468,-0.07568922612503615,-0.2343107738749639,0.03065445255349112
2021-11-01,0.18999999999999995,5.135096504618741e-4,0.18948649034953807,0.032463266085717875,0.030395954297189776,0.15960404570281017,0.03116511145788517
2021-12-01,-0.0600000000000005,-0.14392501237489827,0.08392501237489777,0.032277115282665914,-0.11573860337708697,0.05573860337708647,0.03045203316613795
2022-01-01,0.07000000000000028,-0.08084104649568877,0.15084104649568905,0.03207509094219329,-0.04320727009156601,0.1132072700915663,0.030764888544784492
2022-02-01,-0.16999999999999993,-0.11085007116003238,-0.059149928839967544,0.03208417216984369,-0.07273262443133877,-0.09726737556866116,0.03045307761291232
2022-03-01,-0.1200000000000001,0.11197939212942265,-0.23197939212942276,0.032250718210496604,0.11174236095624335,-0.23174236095624345,0.029428766942624106
2022-04-01,0.14000000000000012,0.1357929319023693,0.004207068097630828,0.03247933072115684,0.121919135099018,0.018080864900982124,0.030068274077245112
2022-05-01,0.06999999999999984,0.125892043957822,-0.05589204395782216,0.03317925381906246,0.08914522698417342,-0.019145226984173577,0.03242572885952144
2022-06-01,0.15000000000000036,0.286990958326721,-0.13699095832672065,0.03552390643322235,0.2124007694667821,-0.06240076946678175,0.040171474701212566
2022-07-01,0.34999999999999964,0.2870987687440016,0.06290123125599806,0.035996730981484586,0.19620558178175232,0.15379441821824733,0.04010023247568964
2022-08-01,0.040000000000000036,0.24921754021164827,-0.20921754021164823,0.036125500103859856,0.1881112165191696,-0.14811121651916956,0.03889826261892013
2022-09-01,0.0600000000000005,0.29534125910737136,-0.23534125910737086,0.034837895216528005,0.2324060339709313,-0.1724060339709308,0.035405860749075466
2022-10-01,0.05999999999999961,0.3060352834429425,-0.2460352834429429,0.03526656321785725,0.22001200237550278,-0.16001200237550317,0.03648426818472008
2022-11-01,0.1299999999999999,0.2400880669801305,-0.1100880669801306,0.03415134599786966,0.16102684642533024,-0.03102684642533035,0.03386138647635262
2022-12-01,-0.08999999999999986,0.1701534103390282,-0.26015341033902806,0.03337828664788053,0.10848362967891928,-0.19848362967891914,0.0322607820695191
2023-01-01,-0.08999999999999986,0.26655388512510086,-0.3565538851251007,0.03408562654597784,0.1828235216018924,-0.27282352160189227,0.03389874678817727
2023-02-01,-0.1299999999999999,0.29523057447586043,-0.4252305744758603,0.03496796636369273,0.16431265814609336,-0.29431265814609325,0.036433781486496494
2023-03-01,-0.0600000000000005,0.21428131404246614,-0.27428131404246664,0.033685072683443895,0.10421786330334587,-0.16421786330334637,0.03302922769359205
2023-04-01,-0.040000000000000036,0.1620935805209808,-0.20209358052098084,0.033176211294564356,0.058969694531623776,-0.09896969453162381,0.032225653703246974
2023-05-01,-0.08999999999999986,0.06907725872757026,-0.15907725872757011,0.03214229464327695,0.0384209404959297,-0.12842094049592956,0.029639857197643626
2023-06-01,-0.05999999999999961,0.012230856634242518,-0.07223085663424213,0.03187437092218007,0.05050815182866153,-0.11050815182866114,0.02910863621644482
2023-07-01,-0.03000000000000025,-0.010810462613045892,-0.019189537386954357,0.031855366823491896,0.039616282612589745,-0.06961628261259,0.029191672010195433
2023-08-01,-0.040000000000000036,-0.010108792334117732,-0.029891207665882304,0.03183980565266672,0.02937724682506075,-0.06937724682506079,0.02909339474986851
2023-09-01,-0.019999999999999574,0.007354606006522567,-0.02735460600652214,0.031851943265001535,0.032277692054784174,-0.05227769205478375,0.02904516341930603
2023-10-01,0.16999999999999993,0.019824893893433143,0.15017510610656679,0.031890686336032786,0.026075959131122012,0.14392404086887792,0.029148172643765253
2023-11-01,0.10999999999999943,-0.06860062043763498,0.17860062043763442,0.03201530140110483,-0.03430356008558155,0.14430356008558098,0.02924583150738584
2023-12-01,-0.10999999999999943,-0.05318872832239266,-0.05681127167760677,0.03191875143951262,-0.013428324179970558,-0.09657167582002887,0.029199658911068425
2024-01-01,-0.03000000000000025,-0.006962489913645932,-0.023037510086354317,0.03189775365347398,0.05341198411514243,-0.08341198411514268,0.02947218828604107
2024-02-01,-0.009999999999999787,-0.05270152644209123,0.04270152644209144,0.0319394977486441,0.024444816160423113,-0.0344448161604229,0.030160446049020604
2024-03-01,-0.14000000000000057,-0.05522386762405279,-0.08477613237594778,0.03192698801060102,0.01692937326535418,-0.15692937326535475,0.030047202988165787
2024-04-01,-0.1200000000000001,-3.472113184305875e-4,-0.11965278868156952,0.03192559944714796,0.054947216875278704,-0.1749472168752788,0.029528474125617543
2024-05-01,-0.02999999999999936,0.020173751583338048,-0.05017375158333741,0.03188886128429398,0.05212711875119572,-0.08212711875119508,0.02910274293542361
2024-06-01,0.02999999999999936,-0.01713148434780451,0.04713148434780387,0.0318293267564741,0.02020424713428614,0.009795752865713221,0.02914728081049142
2024-07-01,0.05000000000000071,-0.02723213489932115,0.07723213489932186,0.03183448679963443,0.0037554140926767607,0.04624458590732395,0.029073873591353567
2024-08-01,-0.05000000000000071,-0.06899634517655692,0.018996345176556212,0.03193448563750314,-0.012232947738306174,-0.037767052261694536,0.030048088070485365
2024-09-01,-0.04999999999999938,-0.07989908690463352,0.029899086904634137,0.032126881007043064,0.004851038350791662,-0.05485103835079104,0.032406264051467494
2024-10-01,-0.010000000000000231,-0.12450929393328314,0.11450929393328291,0.032581030938778684,-0.01826198509918632,0.00826198509918609,0.03638065781223071
2024-11-01,-0.2999999999999998,-0.10450598072471484,-0.19549401927528498,0.03225949915905624,-0.018463938769466115,-0.2815360612305337,0.032748298908229494
2024-12-01,0.29000000000000004,-0.010986435913079018,0.30098643591307905,0.03241748454874489,0.04762449335908636,0.24237550664091367,0.031826225197647266
2025-01-01,-0.1900000000000004,-0.16710738528288768,-0.022892614717112708,0.032627151123222314,-0.112462872051408,-0.0775371279485924,0.03142728909966692
2025-02-01,0.03000000000000025,-0.029646949129919165,0.05964694912991941,0.032144571896590514,0.03397503417212287,-0.003975034172122624,0.031153104037613198
2025-03-01,-0.08000000000000007,-0.10782786739342556,0.027827867393425493,0.03218434297069141,-0.044867207636070265,-0.035132792363929806,0.031860256034814016
2025-04-01,-0.08999999999999986,-0.07113259473102371,-0.01886740526897615,0.03211012565497659,-0.010610053157341953,-0.0793899468426579,0.03151084525317414
2025-05-01,-0.07000000000000028,-0.0618971807441898,-0.008102819255810481,0.032059485081313455,-0.009949177497271193,-0.06005082250272909,0.031086982836588728
2025-06-01,-0.020000000000000018,-0.05556863624460015,0.03556863624460013,0.03197288050516481,-0.012100204168375279,-0.007899795831624739,0.030454985466129594
2025-07-01,0.010000000000000231,-0.08912982374647613,0.09912982374647636,0.03209802282266968,-0.042324443038112586,0.05232444303811282,0.03147602792589305
2025-08-01,-0.04999999999999982,-0.10036224313682544,0.05036224313682562,0.03213728328182685,-0.050076266537705846,7.626653770602398e-5,0.031666536976201795
2025-09-01,-0.07000000000000028,-0.06697303341569172,-0.003026966584308566,0.03200188542134984,-0.020662539222903377,-0.04933746077709691,0.030754985218911353
2025-10-01,-0.04999999999999982,-0.06804475422470448,0.018044754224704654,0.03204418665374486,-0.022366804265930032,-0.02763319573406979,0.031130063994336318
2025-11-01,-0.07000000000000028,-0.050901821325159684,-0.0190981786748406,0.03190881972068116,-0.013915702182792304,-0.05608429781720798,0.030040686483272783
2025-12-01,0.4200000000000004,-0.044362406227455464,0.46436240622745584,0.03190672677175203,-0.009199874113905215,0.4291998741139056,0.030042763167624647
2026-01-01,-0.08000000000000007,-0.2334202179555555,0.15342021795555544,0.03342455328811044,-0.17430963049301593,0.09430963049301586,0.0340851507625125
2026-02-01,-0.020000000000000018,-0.05753845927022873,0.03753845927022871,0.03202342077966813,0.00918758603819217,-0.029187586038192187,0.03106116405823608
2026-03-01,-0.010000000000000231,-0.034970534859112515,0.024970534859112284,0.03183067477416157,0.00533089163667147,-0.0153308916366717,0.02939672849141546
2026-04-01,0.10000000000000009,-0.00621873500163217,0.10621873500163226,0.031806299048162,0.015925545178245,0.08407445482175509,0.028992109387386753
2026-05-01,0.03000000000000025,-0.05862163823795094,0.08862163823795119,0.03187950077457958,-0.027975524221023784,0.05797552422102403,0.02926148787738743
2026-06-01,-0.03000000000000025,-0.0671645073185565,0.03716450731855625,0.03191562256247284,-0.017379383882737565,-0.012620616117262683,0.03025770204093728
