fecha_fin,estimate,std.error,statistic,p.value,ic_inf,ic_sup
2016-01-01,0.5552433849852444,0.034668392433854,16.015838808927413,5.876605894431469e-23,0.48729333581489054,0.6231934341555982
2016-02-01,0.5483685492518561,0.03576697670291912,15.331699791307802,4.593063812434532e-22,0.4782652749141346,0.6184718235895775
2016-03-01,0.5386530502081092,0.03657631825214781,14.72682533257646,2.9661263426408784e-21,0.46696346643389947,0.6103426339823189
2016-04-01,0.5288108896440777,0.03572212854740503,14.803454081475564,2.336032910433397e-21,0.4587955176911639,0.5988262615969916
2016-05-01,0.526304779856445,0.03692094711311756,14.254910044532831,1.3119178268362787e-20,0.45393972351473455,0.5986698361981554
2016-06-01,0.5191744339826895,0.03831930631114704,13.548638635758973,1.2797086643158978e-19,0.4440685936128413,0.5942802743525377
2016-07-01,0.5178211250793221,0.039993258434666806,12.947710322859473,9.344764195088678e-19,0.4394343385473751,0.5962079116112691
2016-08-01,0.5236132834342718,0.04254119659760071,12.308381646787135,8.152887872761684e-18,0.44023253810297447,0.6069940287655692
2016-09-01,0.5224265672049108,0.04716917162891786,11.075593426038212,6.149944966775886e-16,0.4299749908122318,0.6148781435975897
2016-10-01,0.5071628783562941,0.05181481064964044,9.787990576393499,6.825798994400466e-14,0.4056058494829989,0.6087199072295895
2016-11-01,0.49531669353437763,0.05558519542304179,8.910946336784011,1.860512894349944e-12,0.38636971050521574,0.6042636765635395
2016-12-01,0.49085413849879517,0.05824142385080287,8.427921332353014,1.1793590098272748e-11,0.37670094775122154,0.6050073292463688
2017-01-01,0.47291961196774135,0.06205760077898228,7.620655746135616,2.6535407203977285e-10,0.35128671444093607,0.5945525094945466
2017-02-01,0.4377401873201834,0.06191618886589404,7.069882616132863,2.236958747060447e-9,0.3163844571430311,0.5590959174973357
2017-03-01,0.42082488552387387,0.06333657375069772,6.644263505321647,1.1572520496387063e-8,0.29668520097250634,0.5449645700752414
2017-04-01,0.40267798104427505,0.061882938965671666,6.507092064060704,1.96186589193663e-8,0.2813874206715586,0.5239685414169915
2017-05-01,0.3872852130547073,0.06111282997703528,6.337216149215144,3.765190525710172e-8,0.2675040662997182,0.5070663598096965
2017-06-01,0.3809462770674785,0.05978762679638225,6.371657439504349,3.2996267139955885e-8,0.26376252854656934,0.4981300255883877
2017-07-01,0.3805676968735188,0.058117965236941405,6.548193752516638,1.6750723592082588e-8,0.26665648500911365,0.494478908737924
2017-08-01,0.37381421604952264,0.056583256130598225,6.606445821829916,1.3386853880916297e-8,0.2629110340335501,0.4847173980654952
2017-09-01,0.4025215101417294,0.050892185139094624,7.9092990218751344,8.692900412959508e-11,0.30277282726910393,0.5022701930143548
2017-10-01,0.40772012151559106,0.049302234176540755,8.269810249483472,2.165404121976309e-11,0.31108774252957117,0.504352500501611
2017-11-01,0.41475133929581376,0.04755068754656117,8.722299522792246,3.819792787366906e-12,0.32155199170455384,0.5079506868870737
2017-12-01,0.42439418465889067,0.044039089988192774,9.636760995122154,1.200805664034802e-13,0.33807756828203284,0.5107108010357485
2018-01-01,0.41165429652976954,0.04122271164047504,9.986104265047464,3.268152429925669e-14,0.33085778171443847,0.4924508113451006
2018-02-01,0.4087463968617956,0.04063021377599265,10.06015865718416,2.484270987918695e-14,0.32911117786085,0.4883816158627412
2018-03-01,0.4084278566063158,0.040595533587770405,10.060906225638492,2.4774102165002272e-14,0.3288606107742858,0.4879951024383458
2018-04-01,0.4040072837989149,0.03994586603973433,10.113869690471775,2.0369146936645295e-14,0.3257133863610356,0.48230118123679416
2018-05-01,0.4016313330717652,0.03934770718178629,10.207235995130024,1.4434661740779992e-14,0.32450982699546405,0.4787528391480663
2018-06-01,0.3945115497870411,0.036850589150752434,10.705705359909715,2.3336037246020307e-15,0.32228439505156636,0.46673870452251587
2018-07-01,0.3917607666993014,0.0371920507877067,10.533454283967375,4.366274486337752e-15,0.31886434715539624,0.4646571862432065
2018-08-01,0.3742191458020473,0.03795409988993767,9.859781865127559,5.2245043137058165e-14,0.29982911001776946,0.4486091815863251
2018-09-01,0.3669332769814738,0.03751384970820311,9.781274911415903,6.998845136277152e-14,0.29340613155339573,0.4404604224095519
2018-10-01,0.3598194545745671,0.037260448686457566,9.656873904080083,1.1137550945385318e-13,0.2867889751491103,0.4328499340000239
2018-11-01,0.35715633640677313,0.03675094099865088,9.7182909253911145,8.853098076234318e-14,0.2851244920494174,0.42918818076412885
2018-12-01,0.3407132314973066,0.03547069865745185,9.605484086672421,1.3499913494433562e-13,0.27119066212870097,0.4102358008659122
2019-01-01,0.32483840364505706,0.034183173427513994,9.502874399121616,1.9836619215488553e-13,0.25783938372712967,0.39183742356298445
2019-02-01,0.32090459878595423,0.03376437414340602,9.504236548943258,1.9735405839320672e-13,0.25472642546487845,0.38708277210703
2019-03-01,0.32051881559691986,0.03286556793030843,9.752419805328826,7.794104175445762e-14,0.25610230245351534,0.3849353287403244
2019-04-01,0.32557611200704856,0.03091537863320124,10.531202475954785,4.402280995049226e-15,0.2649819698859741,0.386170254128123
2019-05-01,0.32422131410881755,0.030535128152926177,10.617977841293175,3.2093241073138366e-15,0.26437246292908223,0.38407016528855287
2019-06-01,0.32583500424061584,0.02992453964517964,10.888555282858048,1.204608679343177e-15,0.26718290653606375,0.38448710194516794
2019-07-01,0.3320973688734349,0.028772759451151264,11.542075741370954,1.1714293080959183e-16,0.2757027603491784,0.38849197739769137
2019-08-01,0.33313788759726565,0.028794785790218175,11.56938238833627,1.063950441009148e-16,0.27670010744843804,0.38957566774609326
2019-09-01,0.32708671583694016,0.029403853908298336,11.123940312621059,5.172455735489825e-16,0.2694551621766754,0.3847182694972049
2019-10-01,0.3039516267871952,0.03037277721237365,10.007370240195469,3.020466285103318e-14,0.24442098345094282,0.3634822701234475
2019-11-01,0.2898383955418414,0.030876560151255745,9.387004061398132,3.06704990834501e-13,0.22932033764538012,0.35035645343830263
2019-12-01,0.2888540328316494,0.030749257263113894,9.39385398352864,2.9889440913072113e-13,0.22858548859594618,0.3491225770673526
2020-01-01,0.28738515245736884,0.030825758917866663,9.322889769659488,3.9054335595752576e-13,0.2269666649783502,0.3478036399363875
2020-02-01,0.2873174676193154,0.0302044497984244,9.512421829789568,1.9138059323165783e-13,0.2281167460144036,0.3465181892242273
2020-03-01,0.2736770525400655,0.02979290021829911,9.185982248615401,6.550915127448947e-13,0.21528296811219927,0.3320711369679318
2020-04-01,0.2644126882135221,0.029581866327287605,8.93833692871556,1.6763642838512784e-12,0.20643223021203838,0.3223931462150058
2020-05-01,0.2526539544888509,0.02865031343410499,8.818540679142961,2.6455702396270927e-12,0.19649934015800513,0.3088085688196967
2020-06-01,0.24783529023038658,0.027809083737014385,8.91202646495373,1.852879799636055e-12,0.1933294861058384,0.3023410943549348
2020-07-01,0.24148532059578093,0.02719397322975022,8.88010437296437,2.092330567765387e-12,0.1881851330654705,0.29478550812609133
2020-08-01,0.23079387166257043,0.025692776411900303,8.982831125859642,1.4154463366166247e-12,0.18043602989524582,0.28115171342989503
2020-09-01,0.21560227729758952,0.025845223764585656,8.342054967735196,1.6401636001583576e-11,0.16494563871900164,0.2662589158761774
2020-10-01,0.19054559549483358,0.02498140893985427,7.6274959492314816,2.5842304358926176e-10,0.1415820339727192,0.23950915701694794
2020-11-01,0.16739987766647807,0.023184144434384626,7.220446634994462,1.2491802681167188e-9,0.12195895457508421,0.21284080075787193
2020-12-01,0.15052532750543235,0.022425607574424265,6.712207328424938,8.90647119506891e-9,0.10657113665956079,0.1944795183513039
2021-01-01,0.14075857401622838,0.022111878214622686,6.365744811453606,3.375269440766258e-8,0.09741929271556792,0.18409785531688883
2021-02-01,0.14055470834120387,0.021411173355715754,6.5645495464489585,1.5729241997148023e-8,0.09858880856400098,0.18252060811840676
2021-03-01,0.13432587311731253,0.020329456737794873,6.607450206359169,1.333518793253727e-8,0.09448013791123458,0.1741716083233905
2021-04-01,0.13021780466187366,0.01986544553721282,6.554990393643274,1.63184631194176e-8,0.09128153140893654,0.1691540779148108
2021-05-01,0.1292104315608034,0.019507292177529143,6.623698993427882,1.252641463197241e-8,0.09097613889284627,0.1674447242287605
2021-06-01,0.12527984172213863,0.019706864233064447,6.3571677482784095,3.488074731203542e-8,0.08665438782533232,0.16390529561894496
2021-07-01,0.12535663404221267,0.019941144549274897,6.286330944166939,4.57507321394854e-8,0.08627199072563388,0.16444127735879147
2021-08-01,0.12531069460195685,0.020119755686931938,6.228241363951944,5.713027835731971e-8,0.08587597345557024,0.16474541574834345
2021-09-01,0.12557873624622756,0.020209445145751577,6.213863633590489,6.03562372309342e-8,0.08596822376055446,0.16518924873190066
2021-10-01,0.1267324740961324,0.02106140341931901,6.017285342907605,1.276353515692868e-7,0.08545212339426714,0.16801282479799765
2021-11-01,0.12588129197027464,0.020864940466257764,6.0331488687373245,1.2016875819547706e-7,0.08498600865640943,0.16677657528413986
2021-12-01,0.12508127423635138,0.02050342720625828,6.100505685126275,9.300287552963083e-8,0.08489455691208514,0.1652679915606176
2022-01-01,0.1257442982160043,0.020446944791325684,6.149784209783237,7.707928154963821e-8,0.08566828642500596,0.16582031000700265
2022-02-01,0.12885189322760204,0.020411695260747903,6.312650251808668,4.136631351006435e-8,0.08884497051653616,0.16885881593866792
2022-03-01,0.13286656998241092,0.020990207493194326,6.3299312322420045,3.8717392228055244e-8,0.09172576329575005,0.1740073766690718
2022-04-01,0.1308879817595939,0.021392846480840756,6.1183060364040855,8.690576196819606e-8,0.08895800265714601,0.1728179608620418
2022-05-01,0.1278477197013151,0.02185501873703415,5.84981057392883,2.407371446969154e-7,0.08501188297672815,0.17068355642590202
2022-06-01,0.11973488361980601,0.02188222941070051,5.471786323620897,9.935546888182868e-7,0.076845713974833,0.16262405326477902
2022-07-01,0.11214627216880485,0.020302344483233675,5.52380895031206,8.185819218134246e-7,0.07235367698166685,0.15193886735594286
2022-08-01,0.10325203053521849,0.01869726754204656,5.522305882558749,8.231817747682311e-7,0.06660538615280723,0.13989867491762975
2022-09-01,0.09603564967916899,0.016393149473433004,5.858279388887771,2.3315536586638688e-7,0.0639050767112403,0.12816622264709768
2022-10-01,0.09395037823411619,0.014874880173500053,6.316042693338194,4.083246337388438e-8,0.06479561309405608,0.12310514337417629
2022-11-01,0.09474696169259837,0.01316041345918148,7.199390960357504,1.355248939255321e-9,0.06895255131260267,0.12054137207259408
2022-12-01,0.09398717859840995,0.0121774997026016,7.7181014899413665,1.8201583810533643e-10,0.07011927918131082,0.11785507801550908
2023-01-01,0.09010239084512255,0.01126781315521197,7.9964399128721215,6.209420928733674e-11,0.06801747706090708,0.11218730462933801
2023-02-01,0.08495787759480658,0.01057885605884553,8.030913467602094,5.436013220643478e-11,0.06422331971946935,0.10569243547014381
2023-03-01,0.08017887536348092,0.009790369938550477,8.189565447140998,2.949071304515279e-11,0.06098975028392199,0.09936800044303985
2023-04-01,0.07797541254618125,0.009449210306874942,8.252055993446229,2.318500371117362e-11,0.05945496034470636,0.09649586474765613
2023-05-01,0.07597662640236616,0.00917329887915153,8.282366834797113,2.0632909738276394e-11,0.057996960599229166,0.09395629220550315
2023-06-01,0.07561132350653993,0.009036214188894281,8.367588674410575,1.4868720693428597e-11,0.05790034369630714,0.09332230331677271
2023-07-01,0.07613963738885356,0.008949132812692006,8.508046419969249,8.672586481808828e-12,0.058599337075977226,0.09367993770172989
2023-08-01,0.07789012152282482,0.008823754668475545,8.827321752394287,2.5584623061019733e-12,0.06059556237261275,0.09518468067303688
2023-09-01,0.07882796418153301,0.008745885534400085,9.013148396635188,1.2614442639877184e-12,0.061686028534108844,0.09596989982895718
2023-10-01,0.07887763776233646,0.008739871543320642,9.025033991788803,1.2057708581602162e-12,0.061747489537428,0.09600778598724491
2023-11-01,0.07937529376691495,0.008614633625369959,9.21400691181526,5.891997682405396e-13,0.06249061186118983,0.09625997567264007
2023-12-01,0.08063992344870656,0.00845200794775292,9.540919027430135,1.719679407096836e-13,0.06407398787111084,0.09720585902630229
2024-01-01,0.0807230835321618,0.008566550603025188,9.42305570501799,2.6778069628874386e-13,0.06393264435023244,0.09751352271409117
2024-02-01,0.08047979249409239,0.008593443097125444,9.365255763549925,3.328913244143827e-13,0.06363664402372651,0.09732294096445826
2024-03-01,0.0805222848420995,0.008497199874448979,9.47633173655588,2.19165633255906e-13,0.06386777308817951,0.0971767965960195
2024-04-01,0.08120532491267202,0.008444083450638093,9.616831167926886,1.2938238073284893e-13,0.06465492134942136,0.09775572847592268
2024-05-01,0.08178706612985313,0.008369572906084942,9.771952170987287,7.246419772147575e-14,0.06538270323392664,0.09819142902577963
2024-06-01,0.08229635204726268,0.008316398809167557,9.89567166458438,4.5717886409590935e-14,0.06599621038129427,0.09859649371323109
2024-07-01,0.08244981786115098,0.007810178138409237,10.556714123545484,4.011285912788679e-15,0.06714186870986888,0.09775776701243308
2024-08-01,0.08321359368888664,0.007383814476897972,11.26972975136906,3.0743668987178533e-16,0.06874131731416662,0.09768587006360667
2024-09-01,0.08525235833620627,0.00710046924379898,12.006580890503725,2.3082846492012865e-17,0.07133543861836027,0.09916927805405228
2024-10-01,0.08791703864584167,0.006805324037512409,12.918861491565142,1.0292646497830365e-18,0.07457860353231735,0.101255473759366
2024-11-01,0.09256985409845621,0.00654407096258221,14.145606706857787,1.8586555822110443e-20,0.07974347501179507,0.10539623318511734
2024-12-01,0.0925403002802203,0.006463100409296612,14.318251987406704,1.0728311908431322e-20,0.07987262347799894,0.10520797708244166
2025-01-01,0.09396955221245532,0.006450322939865227,14.568193420470621,4.8740887208480216e-21,0.08132691925031947,0.10661218517459116
2025-02-01,0.09465079161661333,0.006545755990680573,14.459871671258606,6.854424639835905e-21,0.08182110987487941,0.10748047335834725
2025-03-01,0.09782163324795431,0.006609226467493801,14.800768853824431,2.3556341325733618e-21,0.08486754937166646,0.11077571712424217
2025-04-01,0.10088345581130473,0.006765533183240036,14.911382899018067,1.670869380729739e-21,0.08762301077215426,0.1141439008504552
2025-05-01,0.10433308693695477,0.006989873534479427,14.92631968551417,1.5953291895224696e-21,0.090632934809375093,0.11803323906453445
2025-06-01,0.10640750961825556,0.007294094711463613,14.588172189623805,4.5777466619426805e-21,0.09211108398378687,0.12070393525272424
2025-07-01,0.10894736093951646,0.007555205242265557,14.420172244962961,7.7696354304793e-21,0.09413915866467597,0.12375556321435695
2025-08-01,0.11151876213692317,0.007680670931190684,14.519403726053806,5.6821249628733105e-21,0.09646464711178944,0.12657287716205692
2025-09-01,0.11453042405415342,0.007844559686734887,14.599981213454699,4.4112326526494535e-21,0.09915508706815304,0.1299057610401538
2025-10-01,0.11786019134163407,0.008182761355508258,14.403474111131937,8.190683982736611e-21,0.1018219790848379,0.13389840359843025
2025-11-01,0.12133259845324823,0.008533969508123063,14.217603934225185,1.4773053595392595e-20,0.10460601821732703,0.13805917868916945
