fecha,inflacion,expectativa,meta_inflacion,inflacion_lag1,expectativa_lag1,inflacion_lag2,expectativa_lag2,inflacion_lag3,expectativa_lag3,inflacion_lag4,expectativa_lag4
2010-05-01,3.51,5.7,5,3.75,5.81,3.93,6.26,2.48,4.25,1.43,3.77
2010-06-01,4.07,5.45,5,3.51,5.7,3.75,5.81,3.93,6.26,2.48,4.25
2010-07-01,4.12,5.11,5,4.07,5.45,3.51,5.7,3.75,5.81,3.93,6.26
2010-08-01,4.1,5.57,5,4.12,5.11,4.07,5.45,3.51,5.7,3.75,5.81
2010-09-01,3.76,5.68,5,4.1,5.57,4.12,5.11,4.07,5.45,3.51,5.7
2010-10-01,4.51,5.89,5,3.76,5.68,4.1,5.57,4.12,5.11,4.07,5.45
2010-11-01,5.25,6.22,5,4.51,5.89,3.76,5.68,4.1,5.57,4.12,5.11
2010-12-01,5.39,6.2,5,5.25,6.22,4.51,5.89,3.76,5.68,4.1,5.57
2011-01-01,4.9,5.85,5,5.39,6.2,5.25,6.22,4.51,5.89,3.76,5.68
2011-02-01,5.24,5.81,5,4.9,5.85,5.39,6.2,5.25,6.22,4.51,5.89
2011-03-01,4.99,6.13,5,5.24,5.81,4.9,5.85,5.39,6.2,5.25,6.22
2011-04-01,5.76114812916453,6.19,5,4.99,6.13,5.24,5.81,4.9,5.85,5.39,6.2
2011-05-01,6.3930220625962,5.74,5,5.76114812916453,6.19,4.99,6.13,5.24,5.81,4.9,5.85
2011-06-01,6.42229936695938,6.16,5,6.3930220625962,5.74,5.76114812916453,6.19,4.99,6.13,5.24,5.81
2011-07-01,7.03967446592064,5.88,5,6.42229936695938,6.16,6.3930220625962,5.74,5.76114812916453,6.19,4.99,6.13
2011-08-01,7.6258261311642,5.95,5,7.03967446592064,5.88,6.42229936695938,6.16,6.3930220625962,5.74,5.76114812916453,6.19
2011-09-01,7.24931562404949,6.43,5,7.6258261311642,5.95,7.03967446592064,5.88,6.42229936695938,6.16,6.3930220625962,5.74
2011-10-01,6.65,6.51,5,7.24931562404949,6.43,7.6258261311642,5.95,7.03967446592064,5.88,6.42229936695938,6.16
2011-11-01,6.05484387510006,6.06,5,6.65,6.51,7.24931562404949,6.43,7.6258261311642,5.95,7.03967446592064,5.88
2011-12-01,6.2,5.62,5,6.05484387510006,6.06,6.65,6.51,7.24931562404949,6.43,7.6258261311642,5.95
2012-01-01,5.44,5.95,4.5,6.2,5.62,6.05484387510006,6.06,6.65,6.51,7.24931562404949,6.43
2012-02-01,5.17,6.11,4.5,5.44,5.95,6.2,5.62,6.05484387510006,6.06,6.65,6.51
2012-03-01,4.55,5.47,4.5,5.17,6.11,5.44,5.95,6.2,5.62,6.05484387510006,6.06
2012-04-01,4.27,5.54,4.5,4.55,5.47,5.17,6.11,5.44,5.95,6.2,5.62
2012-05-01,3.9,5.28,4.5,4.27,5.54,4.55,5.47,5.17,6.11,5.44,5.95
2012-06-01,3.47,5.11,4.5,3.9,5.28,4.27,5.54,4.55,5.47,5.17,6.11
2012-07-01,2.86,4.9,4.5,3.47,5.11,3.9,5.28,4.27,5.54,4.55,5.47
2012-08-01,2.71,4.55,4.5,2.86,4.9,3.47,5.11,3.9,5.28,4.27,5.54
2012-09-01,3.28,5.17,4.5,2.71,4.55,2.86,4.9,3.47,5.11,3.9,5.28
2012-10-01,3.35,4.76,4.5,3.28,5.17,2.71,4.55,2.86,4.9,3.47,5.11
2012-11-01,3.11,4.82,4.5,3.35,4.76,3.28,5.17,2.71,4.55,2.86,4.9
2012-12-01,3.45,4.93,4.5,3.11,4.82,3.35,4.76,3.28,5.17,2.71,4.55
2013-01-01,3.86,4.83,4,3.45,4.93,3.11,4.82,3.35,4.76,3.28,5.17
2013-02-01,4.18,4.61,4,3.86,4.83,3.45,4.93,3.11,4.82,3.35,4.76
2013-03-01,4.34,4.66,4,4.18,4.61,3.86,4.83,3.45,4.93,3.11,4.82
2013-04-01,4.13,4.93,4,4.34,4.66,4.18,4.61,3.86,4.83,3.45,4.93
2013-05-01,4.27,4.83,4,4.13,4.93,4.34,4.66,4.18,4.61,3.86,4.83
2013-06-01,4.79,5.21,4,4.27,4.83,4.13,4.93,4.34,4.66,4.18,4.61
2013-07-01,4.74,4.81,4,4.79,5.21,4.27,4.83,4.13,4.93,4.34,4.66
2013-08-01,4.42,4.89,4,4.74,4.81,4.79,5.21,4.27,4.83,4.13,4.93
2013-09-01,4.21,4.91,4,4.42,4.89,4.74,4.81,4.79,5.21,4.27,4.83
2013-10-01,4.15,4.71,4,4.21,4.91,4.42,4.89,4.74,4.81,4.79,5.21
2013-11-01,4.63,4.7,4,4.15,4.71,4.21,4.91,4.42,4.89,4.74,4.81
2013-12-01,4.39,5.19,4,4.63,4.7,4.15,4.71,4.21,4.91,4.42,4.89
2014-01-01,4.14,4.94,4,4.39,5.19,4.63,4.7,4.15,4.71,4.21,4.91
2014-02-01,3.5,4.68,4,4.14,4.94,4.39,5.19,4.63,4.7,4.15,4.71
2014-03-01,3.25,4.54,4,3.5,4.68,4.14,4.94,4.39,5.19,4.63,4.7
2014-04-01,3.27,4.66,4,3.25,4.54,3.5,4.68,4.14,4.94,4.39,5.19
2014-05-01,3.22,4.28,4,3.27,4.66,3.25,4.54,3.5,4.68,4.14,4.94
2014-06-01,3.13,4.36,4,3.22,4.28,3.27,4.66,3.25,4.54,3.5,4.68
2014-07-01,3.41,4.41,4,3.13,4.36,3.22,4.28,3.27,4.66,3.25,4.54
2014-08-01,3.7,4.06,4,3.41,4.41,3.13,4.36,3.22,4.28,3.27,4.66
2014-09-01,3.45,4.13,4,3.7,4.06,3.41,4.41,3.13,4.36,3.22,4.28
2014-10-01,3.64,4.17,4,3.45,4.13,3.7,4.06,3.41,4.41,3.13,4.36
2014-11-01,3.38,4.16,4,3.64,4.17,3.45,4.13,3.7,4.06,3.41,4.41
2014-12-01,2.95,4.21,4,3.38,4.16,3.64,4.17,3.45,4.13,3.7,4.06
2015-01-01,2.32,3.89,4,2.95,4.21,3.38,4.16,3.64,4.17,3.45,4.13
2015-02-01,2.44,4.07,4,2.32,3.89,2.95,4.21,3.38,4.16,3.64,4.17
2015-03-01,2.43,4.11,4,2.44,4.07,2.32,3.89,2.95,4.21,3.38,4.16
2015-04-01,2.58,3.82,4,2.43,4.11,2.44,4.07,2.32,3.89,2.95,4.21
2015-05-01,2.55,3.57,4,2.58,3.82,2.43,4.11,2.44,4.07,2.32,3.89
2015-06-01,2.39,3.67,4,2.55,3.57,2.58,3.82,2.43,4.11,2.44,4.07
2015-07-01,2.32,3.56,4,2.39,3.67,2.55,3.57,2.58,3.82,2.43,4.11
2015-08-01,1.96,3.31,4,2.32,3.56,2.39,3.67,2.55,3.57,2.58,3.82
2015-09-01,1.88,3.4,4,1.96,3.31,2.32,3.56,2.39,3.67,2.55,3.57
2015-10-01,2.23,3.28,4,1.88,3.4,1.96,3.31,2.32,3.56,2.39,3.67
2015-11-01,2.51,3.37,4,2.23,3.28,1.88,3.4,1.96,3.31,2.32,3.56
2015-12-01,3.07,3.65,4,2.51,3.37,2.23,3.28,1.88,3.4,1.96,3.31
2016-01-01,4.38,3.8,4,3.07,3.65,2.51,3.37,2.23,3.28,1.88,3.4
2016-02-01,4.27,4.09,4,4.38,3.8,3.07,3.65,2.51,3.37,2.23,3.28
2016-03-01,4.26,3.99,4,4.27,4.09,4.38,3.8,3.07,3.65,2.51,3.37
2016-04-01,4.09,4.19,4,4.26,3.99,4.27,4.09,4.38,3.8,3.07,3.65
2016-05-01,4.36,4.16,4,4.09,4.19,4.26,3.99,4.27,4.09,4.38,3.8
2016-06-01,4.43,4.39,4,4.36,4.16,4.09,4.19,4.26,3.99,4.27,4.09
2016-07-01,4.62,4.41,4,4.43,4.39,4.36,4.16,4.09,4.19,4.26,3.99
2016-08-01,4.74,4.45,4,4.62,4.41,4.43,4.39,4.36,4.16,4.09,4.19
2016-09-01,4.56,4.42,4,4.74,4.45,4.62,4.41,4.43,4.39,4.36,4.16
2016-10-01,4.76,4.43,4,4.56,4.42,4.74,4.45,4.62,4.41,4.43,4.39
2016-11-01,4.67,4.6,4,4.76,4.43,4.56,4.42,4.74,4.45,4.62,4.41
2016-12-01,4.23,4.66,4,4.67,4.6,4.76,4.43,4.56,4.42,4.74,4.45
2017-01-01,3.83,4.4,4,4.23,4.66,4.67,4.6,4.76,4.43,4.56,4.42
2017-02-01,3.96,4.46,4,3.83,4.4,4.23,4.66,4.67,4.6,4.76,4.43
2017-03-01,4,4.28,4,3.96,4.46,3.83,4.4,4.23,4.66,4.67,4.6
2017-04-01,4.09,4.51,4,4,4.28,3.96,4.46,3.83,4.4,4.23,4.66
2017-05-01,3.93,4.17,4,4.09,4.51,4,4.28,3.96,4.46,3.83,4.4
2017-06-01,4.36,4.26,4,3.93,4.17,4.09,4.51,4,4.28,3.96,4.46
2017-07-01,5.22,4.48,4,4.36,4.26,3.93,4.17,4.09,4.51,4,4.28
2017-08-01,4.72,4.51,4,5.22,4.48,4.36,4.26,3.93,4.17,4.09,4.51
2017-09-01,4.36,4.75,4,4.72,4.51,5.22,4.48,4.36,4.26,3.93,4.17
2017-10-01,4.2,4.53,4,4.36,4.75,4.72,4.51,5.22,4.48,4.36,4.26
2017-11-01,4.69,4.63,4,4.2,4.53,4.36,4.75,4.72,4.51,5.22,4.48
2017-12-01,5.68,4.56,4,4.69,4.63,4.2,4.53,4.36,4.75,4.72,4.51
2018-01-01,4.71,4.71,4,5.68,4.56,4.69,4.63,4.2,4.53,4.36,4.75
2018-02-01,4.15,4.56,4,4.71,4.71,5.68,4.56,4.69,4.63,4.2,4.53
2018-03-01,4.14,4.62,4,4.15,4.56,4.71,4.71,5.68,4.56,4.69,4.63
2018-04-01,3.92,4.46,4,4.14,4.62,4.15,4.56,4.71,4.71,5.68,4.56
2018-05-01,4.09,4.48,4,3.92,4.46,4.14,4.62,4.15,4.56,4.71,4.71
2018-06-01,3.79,4.43,4,4.09,4.48,3.92,4.46,4.14,4.62,4.15,4.56
2018-07-01,2.61,4.36,4,3.79,4.43,4.09,4.48,3.92,4.46,4.14,4.62
2018-08-01,3.36,4.33,4,2.61,4.36,3.79,4.43,4.09,4.48,3.92,4.46
2018-09-01,4.55,4.32,4,3.36,4.33,2.61,4.36,3.79,4.43,4.09,4.48
2018-10-01,4.34,4.32,4,4.55,4.32,3.36,4.33,2.61,4.36,3.79,4.43
2018-11-01,3.15,4.47,4,4.34,4.32,4.55,4.32,3.36,4.33,2.61,4.36
2018-12-01,2.31,4.38,4,3.15,4.47,4.34,4.32,4.55,4.32,3.36,4.33
2019-01-01,4.1,4.07,4,2.31,4.38,3.15,4.47,4.34,4.32,4.55,4.32
2019-02-01,4.46,4.25,4,4.1,4.07,2.31,4.38,3.15,4.47,4.34,4.32
2019-03-01,4.17,4.35,4,4.46,4.25,4.1,4.07,2.31,4.38,3.15,4.47
2019-04-01,4.75,4.3,4,4.17,4.35,4.46,4.25,4.1,4.07,2.31,4.38
2019-05-01,4.54,4.39,4,4.75,4.3,4.17,4.35,4.46,4.25,4.1,4.07
2019-06-01,4.8,4.36,4,4.54,4.39,4.75,4.3,4.17,4.35,4.46,4.25
2019-07-01,4.37,4.6,4,4.8,4.36,4.54,4.39,4.75,4.3,4.17,4.35
2019-08-01,3.01,4.53,4,4.37,4.6,4.8,4.36,4.54,4.39,4.75,4.3
2019-09-01,1.8,4.34,4,3.01,4.53,4.37,4.6,4.8,4.36,4.54,4.39
2019-10-01,2.17,4.22,4,1.8,4.34,3.01,4.53,4.37,4.6,4.8,4.36
2019-11-01,2.92,4.25,4,2.17,4.22,1.8,4.34,3.01,4.53,4.37,4.6
2019-12-01,3.41,4.1,4,2.92,4.25,2.17,4.22,1.8,4.34,3.01,4.53
2020-01-01,1.78,4.11,4,3.41,4.1,2.92,4.25,2.17,4.22,1.8,4.34
2020-02-01,1.24,3.85,4,1.78,4.11,3.41,4.1,2.92,4.25,2.17,4.22
2020-03-01,1.77,3.99,4,1.24,3.85,1.78,4.11,3.41,4.1,2.92,4.25
2020-04-01,1.88,3.97,4,1.77,3.99,1.24,3.85,1.78,4.11,3.41,4.1
2020-05-01,1.8,3.96,4,1.88,3.97,1.77,3.99,1.24,3.85,1.78,4.11
2020-06-01,2.39,3.77,4,1.8,3.96,1.88,3.97,1.77,3.99,1.24,3.85
2020-07-01,2.88,3.9,4,2.39,3.77,1.8,3.96,1.88,3.97,1.77,3.99
2020-08-01,4.19,3.92,4,2.88,3.9,2.39,3.77,1.8,3.96,1.88,3.97
2020-09-01,4.97,3.99,4,4.19,3.92,2.88,3.9,2.39,3.77,1.8,3.96
2020-10-01,5.34,4.15,4,4.97,3.99,4.19,3.92,2.88,3.9,2.39,3.77
2020-11-01,5.46,4.27,4,5.34,4.15,4.97,3.99,4.19,3.92,2.88,3.9
2020-12-01,4.82,4.26,4,5.46,4.27,5.34,4.15,4.97,3.99,4.19,3.92
2021-01-01,5.24,4.12,4,4.82,4.26,5.46,4.27,5.34,4.15,4.97,3.99
2021-02-01,6,4.39,4,5.24,4.12,4.82,4.26,5.46,4.27,5.34,4.15
2021-03-01,5.84,4.34,4,6,4.39,5.24,4.12,4.82,4.26,5.46,4.27
2021-04-01,5.2,4.39,4,5.84,4.34,6,4.39,5.24,4.12,4.82,4.26
2021-05-01,5.17,4.41,4,5.2,4.39,5.84,4.34,6,4.39,5.24,4.12
2021-06-01,3.91,4.23,4,5.17,4.41,5.2,4.39,5.84,4.34,6,4.39
2021-07-01,3.82,4.12,4,3.91,4.23,5.17,4.41,5.2,4.39,5.84,4.34
2021-08-01,3.62,4.14,4,3.82,4.12,3.91,4.23,5.17,4.41,5.2,4.39
2021-09-01,3.67,4.2,4,3.62,4.14,3.82,4.12,3.91,4.23,5.17,4.41
2021-10-01,2.96,3.89,4,3.67,4.2,3.62,4.14,3.82,4.12,3.91,4.23
2021-11-01,2.89,4.08,4,2.96,3.89,3.67,4.2,3.62,4.14,3.82,4.12
2021-12-01,3.07,4.02,4,2.89,4.08,2.96,3.89,3.67,4.2,3.62,4.14
2022-01-01,2.87,4.09,4,3.07,4.02,2.89,4.08,2.96,3.89,3.67,4.2
2022-02-01,2.98,3.92,4,2.87,4.09,3.07,4.02,2.89,4.08,2.96,3.89
2022-03-01,4.17,3.8,4,2.98,3.92,2.87,4.09,3.07,4.02,2.89,4.08
2022-04-01,4.62,3.94,4,4.17,3.8,2.98,3.92,2.87,4.09,3.07,4.02
2022-05-01,5.82,4.01,4,4.62,3.94,4.17,3.8,2.98,3.92,2.87,4.09
2022-06-01,7.55,4.16,4,5.82,4.01,4.62,3.94,4.17,3.8,2.98,3.92
2022-07-01,8.36,4.51,4,7.55,4.16,5.82,4.01,4.62,3.94,4.17,3.8
2022-08-01,8.87,4.55,4,8.36,4.51,7.55,4.16,5.82,4.01,4.62,3.94
2022-09-01,9.03,4.61,4,8.87,4.55,8.36,4.51,7.55,4.16,5.82,4.01
2022-10-01,9.7,4.67,4,9.03,4.61,8.87,4.55,8.36,4.51,7.55,4.16
2022-11-01,9.17,4.8,4,9.7,4.67,9.03,4.61,8.87,4.55,8.36,4.51
2022-12-01,9.24,4.71,4,9.17,4.8,9.7,4.67,9.03,4.61,8.87,4.55
2023-01-01,9.69,4.62,4,9.24,4.71,9.17,4.8,9.7,4.67,9.03,4.61
2023-02-01,9.92,4.49,4,9.69,4.62,9.24,4.71,9.17,4.8,9.7,4.67
2023-03-01,8.71,4.43,4,9.92,4.49,9.69,4.62,9.24,4.71,9.17,4.8
2023-04-01,8.32,4.39,4,8.71,4.43,9.92,4.49,9.69,4.62,9.24,4.71
2023-05-01,6.54,4.3,4,8.32,4.39,8.71,4.43,9.92,4.49,9.69,4.62
2023-06-01,4.93,4.24,4,6.54,4.3,8.32,4.39,8.71,4.43,9.92,4.49
2023-07-01,4.53,4.21,4,4.93,4.24,6.54,4.3,8.32,4.39,8.71,4.43
2023-08-01,4.47,4.17,4,4.53,4.21,4.93,4.24,6.54,4.3,8.32,4.39
2023-09-01,4.69,4.15,4,4.47,4.17,4.53,4.21,4.93,4.24,6.54,4.3
2023-10-01,4.98,4.32,4,4.69,4.15,4.47,4.17,4.53,4.21,4.93,4.24
2023-11-01,4.3,4.43,4,4.98,4.32,4.69,4.15,4.47,4.17,4.53,4.21
2023-12-01,4.18,4.32,4,4.3,4.43,4.98,4.32,4.69,4.15,4.47,4.17
2024-01-01,3.82,4.29,4,4.18,4.32,4.3,4.43,4.98,4.32,4.69,4.15
2024-02-01,3.3,4.28,4,3.82,4.29,4.18,4.32,4.3,4.43,4.98,4.32
2024-03-01,3.24,4.14,4,3.3,4.28,3.82,4.29,4.18,4.32,4.3,4.43
2024-04-01,3.36,4.02,4,3.24,4.14,3.3,4.28,3.82,4.29,4.18,4.32
2024-05-01,3.76,3.99,4,3.36,4.02,3.24,4.14,3.3,4.28,3.82,4.29
2024-06-01,3.62,4.02,4,3.76,3.99,3.36,4.02,3.24,4.14,3.3,4.28
2024-07-01,3.78,4.07,4,3.62,4.02,3.76,3.99,3.36,4.02,3.24,4.14
2024-08-01,3.07,4.02,4,3.78,4.07,3.62,4.02,3.76,3.99,3.36,4.02
2024-09-01,2.11,3.97,4,3.07,4.02,3.78,4.07,3.62,4.02,3.76,3.99
2024-10-01,1.16,3.96,4,2.11,3.97,3.07,4.02,3.78,4.07,3.62,4.02
2024-11-01,1.66,3.66,4,1.16,3.96,2.11,3.97,3.07,4.02,3.78,4.07
2024-12-01,1.7,3.95,4,1.66,3.66,1.16,3.96,2.11,3.97,3.07,4.02
2025-01-01,2.19,3.76,4,1.7,3.95,1.66,3.66,1.16,3.96,2.11,3.97
2025-02-01,1.79,3.79,4,2.19,3.76,1.7,3.95,1.66,3.66,1.16,3.96
2025-03-01,1.57,3.71,4,1.79,3.79,2.19,3.76,1.7,3.95,1.66,3.66
2025-04-01,1.47,3.62,4,1.57,3.71,1.79,3.79,2.19,3.76,1.7,3.95
2025-05-01,1.69,3.55,4,1.47,3.62,1.57,3.71,1.79,3.79,2.19,3.76
2025-06-01,1.79,3.53,4,1.69,3.55,1.47,3.62,1.57,3.71,1.79,3.79
2025-07-01,1.17,3.54,4,1.79,3.53,1.69,3.55,1.47,3.62,1.57,3.71
2025-08-01,1.17,3.49,4,1.17,3.54,1.79,3.53,1.69,3.55,1.47,3.62
2025-09-01,1.47,3.42,4,1.17,3.49,1.17,3.54,1.79,3.53,1.69,3.55
2025-10-01,1.26,3.37,4,1.47,3.42,1.17,3.49,1.17,3.54,1.79,3.53
2025-11-01,1.73,3.3,4,1.26,3.37,1.47,3.42,1.17,3.49,1.17,3.54
2025-12-01,1.65,3.72,4,1.73,3.3,1.26,3.37,1.47,3.42,1.17,3.49
2026-01-01,0.96,3.64,4,1.65,3.72,1.73,3.3,1.26,3.37,1.47,3.42
2026-02-01,1.56,3.62,4,0.96,3.64,1.65,3.72,1.73,3.3,1.26,3.37
2026-03-01,2.5,3.61,4,1.56,3.62,0.96,3.64,1.65,3.72,1.73,3.3
2026-04-01,3.24,3.71,4,2.5,3.61,1.56,3.62,0.96,3.64,1.65,3.72
2026-05-01,2.86,3.74,4,3.24,3.71,2.5,3.61,1.56,3.62,0.96,3.64
2026-06-01,2.27,3.71,4,2.86,3.74,3.24,3.71,2.5,3.61,1.56,3.62
