fecha_inicio,fecha_fin,ventana,n_obs,alpha,alpha_se_hac,alpha_p_value,rho,rho_se_hac,rho_p_value,rho_estable,beta_corto_plazo,beta_se_hac,beta_t_hac,beta_p_value,beta_ic_inf,beta_ic_sup,gamma_tc,gamma_se_hac,gamma_p_value,beta_largo_plazo,beta_largo_plazo_se,beta_largo_plazo_ic_inf,beta_largo_plazo_ic_sup,r_squared,adj_r_squared
2010-02-01,2012-07-01,30,30,0.7338855044935946,NA,NA,0.10333868515693809,NA,NA,NA,0.14985888382885393,0.03828232327230656,3.9145712960754886,5.839527511292967e-4,0.07482690897061355,0.2248908586870943,-0.03115611935050738,0.02159136289962685,0.16096393991325406,0.16712986425101095,0.04361731534261046,0.08164149707716814,0.25261823142485373,0.46096772528474306,0.39877169358682873
2010-03-01,2012-08-01,30,30,0.94976522194981,NA,NA,-0.08104146997422328,NA,NA,NA,0.18102750144356886,0.045586877651197746,3.9710440980116686,5.041519172701671e-4,0.0916788630795874,0.2703761398075503,-0.005211782774825511,0.03233904747377691,0.8732126063131834,0.16745657449004742,0.04436827553052977,0.08049635239405932,0.2544167965860355,0.3126425068554448,0.23333202687722687
2010-04-01,2012-09-01,30,30,0.6112258940397258,NA,NA,0.2160861702060836,NA,NA,NA,0.1502499428662852,0.038610930095904245,3.8913836701961078,6.202090754783094e-4,0.07457391046871925,0.22592597526385116,-0.030167850601544866,0.018434715966464895,0.11379069044450711,0.19166640153010758,0.0441578713712856,0.1051185640084355,0.27821423905177967,0.5138857978328136,0.4577956975827536
2010-05-01,2012-10-01,30,30,0.6043051687305917,NA,NA,0.19299001391253165,NA,NA,NA,0.15904118072593348,0.04290646815201406,3.7066947613227863,9.99786397101383e-4,0.0749460484441711,0.24313631300769586,-0.0378414563749873,0.019508609184855318,0.06333356500977587,0.19707461303793047,0.04484134872860014,0.10918718451167328,0.2849620415641877,0.5425649468272332,0.4897839791534524
2010-06-01,2012-11-01,30,30,0.5852540888997009,NA,NA,0.20224014314425579,NA,NA,NA,0.16265425419410287,0.046521786739958354,3.4963028205104676,0.0017122162633473618,0.07147322768733147,0.25383528070087424,-0.03938156725728943,0.020125380309943347,0.061189095844128585,0.20388874270407792,0.048192938380535205,0.10943231916907085,0.29834516623908497,0.5666431500720512,0.5166404366188264
2010-07-01,2012-12-01,30,30,0.5850546152265255,NA,NA,0.20704924214108897,NA,NA,NA,0.15716034066324253,0.04844008964543802,3.2444271225258463,0.00322632890318181,0.06221950955029243,0.2521011717761926,-0.03966315403949598,0.01978047269650109,0.055459343810713456,0.19819684779367588,0.048516113840672274,0.10310701199611301,0.2932866835912388,0.56964649834544,0.5199903250776061
2010-08-01,2013-01-01,30,30,0.6646237087097561,NA,NA,0.1538652087238562,NA,NA,NA,0.15116043983603772,0.04592310918378783,3.291598555121387,0.0028682128049833146,0.061152799777713,0.24116807989436245,-0.036643585439473304,0.018964735182726056,0.06430034385426983,0.17864817921983442,0.0420235164199722,0.09628360053296134,0.2610127579067075,0.5471889055632967,0.49494147158983093
2010-09-01,2013-02-01,30,30,0.6697848328096895,NA,NA,0.13797508805933809,NA,NA,NA,0.15049933380024924,0.045049370826429715,3.3407643889213605,0.0025358941817377723,0.06220418945425761,0.23879447814624088,-0.04045657962823576,0.018194425340531305,0.03507671022484406,0.1745881490378656,0.04203601311507958,0.09219907727865627,0.2569772207970749,0.5420980218718177,0.4892631782416428
2010-10-01,2013-03-01,30,30,0.6587357393000941,NA,NA,0.14433017734842077,NA,NA,NA,0.14440297758256918,0.04574663025128974,3.1565817370449487,0.0040112205002488,0.054741229875970784,0.23406472528916755,-0.043698829975237684,0.019405546106542795,0.03300177267632781,0.1687601616416578,0.04518448711708795,0.08020019423225137,0.2573201290510642,0.5417886441459223,0.4889181030858364
2010-11-01,2013-04-01,30,30,0.6816442825158492,NA,NA,0.12794790375620577,NA,NA,NA,0.1662270696357908,0.043247447940606906,3.843627255510561,7.019957292601862e-4,0.08146362924893034,0.2509905100226512,-0.03397803142672274,0.016128659279324716,0.0449479011405091,0.19061598538869828,0.03993068156712408,0.1123532876389977,0.26887868313839886,0.546375959073412,0.4940347235818826
2010-12-01,2013-05-01,30,30,0.6948818740927069,NA,NA,0.11063357624553503,NA,NA,NA,0.19209529679783213,0.03815079999866094,5.035157763521984,3.062853220238782e-5,0.11732110281906596,0.2668694907765983,-0.02142978220750101,0.01234690616697026,0.09446676622958045,0.2159911726675051,0.03429668895197629,0.14877089753265882,0.28321144780235136,0.5754686162481413,0.5264842258152345
2011-01-01,2013-06-01,30,30,0.741379215267189,NA,NA,0.0704625355032202,NA,NA,NA,0.2142294743386755,0.04491421391612101,4.769747829467908,6.171654997775838e-5,0.12619923266915067,0.30225971600820034,-0.010413066537518379,0.015571350667643934,0.5095606193523079,0.2304688971892619,0.037644001470042016,0.1566880100740067,0.3042497843045171,0.5610984788476947,0.5104559956378133
2011-02-01,2013-07-01,30,30,0.7384536656316503,NA,NA,0.06521470909459587,NA,NA,NA,0.20563707118903324,0.04519045054585765,4.550454104907852,1.1012143463805914e-4,0.11706541567401384,0.2942087267040526,-0.016953123649341862,0.01610849418015436,0.3022839044939642,0.21998321239079352,0.03541790564207539,0.15056539292448778,0.28940103185709926,0.5562328613614987,0.505028960749364
2011-03-01,2013-08-01,30,30,0.7318690469198514,NA,NA,0.07063938549131771,NA,NA,NA,0.19838339058256735,0.04769986564715243,4.158992648953308,3.084971228210229e-4,0.10489337184674925,0.29187340931838546,-0.021179670620120848,0.022020884782568556,0.34501072698397894,0.2134622314368735,0.038849493601212405,0.13731862316087795,0.2896058397128691,0.5560843375186701,0.5048632995400552
2011-04-01,2013-09-01,30,30,0.7274749427873493,NA,NA,0.07577753672205517,NA,NA,NA,0.2140924901014369,0.04705010815893564,4.550308139106307,1.101638603713495e-4,0.12187597264120892,0.3063090075616649,-0.007173004772420362,0.02083407418091867,0.7333959074376036,0.23164605774903363,0.03583912522556838,0.1614026630694987,0.30188945242856857,0.5611870790266926,0.5105548189143879
2011-05-01,2013-10-01,30,30,0.7821849855688243,NA,NA,-0.004125974608840719,NA,NA,NA,0.27614991800749666,0.04923416298165659,5.608908556247481,6.791332098483372e-6,0.1796527317544746,0.3726471042605187,0.026907922124446284,0.018845273058323952,0.16524176672824528,0.2750152122248122,0.030214906063226805,0.21579508454462676,0.3342353399049976,0.5930808221010356,0.5461286092665397
2011-06-01,2013-11-01,30,30,0.7442761922685149,NA,NA,0.039634265179997796,NA,NA,NA,0.23959689993055042,0.06248993913557366,3.8341675995353155,7.194105744529487e-4,0.11711886982872603,0.3620749300323748,0.002230685172857031,0.031075926222194752,0.9433249076006557,0.24948505683145514,0.037280753081357657,0.1764161234754635,0.3225539901874468,0.5965905160968795,0.5500432679542118
2011-07-01,2013-12-01,30,30,0.7702956514539713,NA,NA,0.014135218962519755,NA,NA,NA,0.27035023974946937,0.06354763303952873,4.254292832296406,2.4024001178022352e-4,0.14579916768922546,0.3949013118097133,0.02478547837303892,0.04596000156834473,0.5942796557173691,0.2742264912485917,0.04104742337197935,0.19377501978134454,0.3546779627158389,0.5852335095553028,0.5373758375809147
2011-08-01,2014-01-01,30,30,0.765623570456546,NA,NA,0.03082233714912711,NA,NA,NA,0.2589437108056207,0.06392619217806514,4.050666901672137,4.09595181716992e-4,0.1336506764678269,0.38423674514341444,0.010029134254823059,0.046571288854178446,0.8311747122279833,0.26717878540857815,0.0424710486896002,0.18393705959131473,0.35042051122584156,0.6001320096901317,0.5539933954236085
2011-09-01,2014-02-01,30,30,0.8400478357409504,NA,NA,-0.055538051077137926,NA,NA,NA,0.28364470311941387,0.06115203462713771,4.638352670501982,8.731789260281144e-5,0.1637889176688777,0.40350048856995,-0.006871335761098479,0.046710677372198896,0.8841845623802356,0.2687204907771585,0.0379907038873768,0.19426007941057416,0.3431809021437428,0.6333130560753728,0.5910030240840696
2011-10-01,2014-03-01,30,30,0.8818412662212587,NA,NA,-0.10770007373636663,NA,NA,NA,0.32152233304640415,0.06566276603859071,4.896570041801803,4.415235735379976e-5,0.1928256764854866,0.4502189896073217,0.001994576681405215,0.044776438411088734,0.9648101638240896,0.29026118230892767,0.0378440375938299,0.21608823159544122,0.3644341330224141,0.6072731895638839,0.5619585575904859
2011-11-01,2014-04-01,30,30,0.8805801884577023,NA,NA,-0.1061665488220673,NA,NA,NA,0.3093741728414367,0.058242240039776,5.311852233536218,1.4783484262095844e-5,0.1952214799845391,0.4235268656983343,-0.0012645268108694393,0.04177218164785414,0.9760813211405344,0.2796813673048444,0.03294310689835669,0.2151140642452123,0.3442486703644765,0.5471262916342798,0.4948716329766967
2011-12-01,2014-05-01,30,30,0.8694383719439917,NA,NA,-0.09401267356543651,NA,NA,NA,0.3318600684302331,0.055657713631637115,5.962517084812414,2.71195094593837e-6,0.22277295425038035,0.4409471826100858,0.00106207480633234,0.04493513005321421,0.9813236374866567,0.30334206947410053,0.04078684998746193,0.22340131245583722,0.38328282649236384,0.5524011349091309,0.5007551120140306
2012-01-01,2014-06-01,30,30,0.8628549383243806,NA,NA,-0.06281977390852252,NA,NA,NA,0.34273164146942336,0.0556652247654799,6.157015316355358,1.6442082599198476e-6,0.2336298057377557,0.451833477201091,-0.03456485262872169,0.05753821113032678,0.5532219711013142,0.32247390374477775,0.05377085781358694,0.21708495901232322,0.42786284847723227,0.6420808468522642,0.6007824830275255
2012-02-01,2014-07-01,30,30,0.7697783805424286,NA,NA,0.03197059587752671,NA,NA,NA,0.309232207505122,0.05733449612962068,5.393475627761967,1.1932531956555911e-5,0.19685866001931435,0.4216057549909296,-0.014453045817279193,0.05690446680347733,0.8015027929159969,0.31944505630533354,0.051954447292693065,0.21761621077497065,0.42127390183569646,0.6004400400688695,0.5543369677691237
2012-03-01,2014-08-01,30,30,0.7591823391103066,NA,NA,-0.030684341110548644,NA,NA,NA,0.3243497185527143,0.055158346938456976,5.880337909956005,3.3538675481658196e-6,0.21624134510657347,0.4324580919988551,0.08012898940300764,0.04346927541373234,0.07670656969845316,0.3146935541906378,0.04092500298686127,0.23448202226919562,0.39490508611208003,0.5719581870983462,0.5225687471481554
2012-04-01,2014-09-01,30,30,0.6199080025085059,NA,NA,0.12110238396170618,NA,NA,NA,0.2762044090502721,0.07111297945550332,3.884022455044205,6.321755496709921e-4,0.13682553048414883,0.4155832876163954,0.10167995559113129,0.04449825872132988,0.030712674787947994,0.314262325906955,0.05129015825802716,0.21373546295986218,0.41478918885404786,0.5470719772281324,0.4948110515236861
2012-05-01,2014-10-01,30,30,0.6381533847084131,NA,NA,0.07915445193850609,NA,NA,NA,0.2830754426669573,0.07185295637337087,3.9396492079742274,5.470870529029352e-4,0.14224623599242267,0.42390464934149186,0.1079017209420402,0.028830796648920982,9.115040405352406e-4,0.30740816770290075,0.04737644203867141,0.2145520475914554,0.4002642878143461,0.575847713108525,0.5269070646210471
2012-06-01,2014-11-01,30,30,0.6358984934610269,NA,NA,0.0856807474926241,NA,NA,NA,0.280793083967182,0.07530425197444598,3.728781265398763,9.445166303991924e-4,0.13319946221453866,0.42838670571982534,0.10408758398604226,0.0198513775875964,1.770031999249539e-5,0.3071061701885325,0.04731283132347795,0.21437472478789715,0.3998376155891678,0.5972047945391984,0.5507284246783366
2012-07-01,2014-12-01,30,30,0.6355099789001654,NA,NA,0.09339521791030299,NA,NA,NA,0.2744323001588014,0.07832713092290793,3.503668485303087,0.0016804757436879583,0.1209139445375483,0.4279506557800544,0.09962644248532454,0.020310882566068743,4.3171797679678716e-5,0.30270334503006163,0.0455108314789608,0.21350375442482672,0.39190293563529655,0.6145870489593965,0.5701163238393269
2012-08-01,2015-01-01,30,30,0.6404442585720589,NA,NA,0.08862771477667579,NA,NA,NA,0.2792547723218074,0.07798370523069366,3.5809374727157146,0.0013801879508861575,0.12640951868866004,0.4321000259549548,0.1095025921815594,0.020841874679146118,1.721249540284433e-5,0.3064113061693316,0.044563384166165544,0.21906867817442466,0.39375393416423854,0.6562734051549992,0.6166126442113453
2012-09-01,2015-02-01,30,30,0.6149503753534916,NA,NA,0.12592384908384796,NA,NA,NA,0.22634497899834838,0.0792660489358503,2.8555097931212448,0.008333555606673286,0.07098637788729234,0.3817035801094044,0.10753699364257494,0.019262282208071475,7.2707584686560825e-6,0.25895338611070406,0.04980746720895831,0.16133254421998608,0.356574228001422,0.6697438334890279,0.6316373527377619
2012-10-01,2015-03-01,30,30,0.5717999446933206,NA,NA,0.18165724727500382,NA,NA,NA,0.2549929223281957,0.08019971331494828,3.179474237355759,0.0037906030879056225,0.09780437266045969,0.4121814719959317,0.08880642320799145,0.02091741257434873,2.4580564147629687e-4,0.31159672579624587,0.05665668193400777,0.20055166972204952,0.4226417818704422,0.7378279060778598,0.7075772798560743
2012-11-01,2015-04-01,30,30,0.5368638513187198,NA,NA,0.24060455968186448,NA,NA,NA,0.23061221200776535,0.07465959606562929,3.0888489110635744,0.004738480137911687,0.08428209261882366,0.3769423313967071,0.0975450327492362,0.02236290270107905,1.8101880215328503e-4,0.3036786893415562,0.05735475334391872,0.19126543844529725,0.4160919402378151,0.7686089422426506,0.7419099740398796
2012-12-01,2015-05-01,30,30,0.4258308667953328,NA,NA,0.3903346509381458,NA,NA,NA,0.21239919024661513,0.07743460063216286,2.7429493858381706,0.010879057916663494,0.06063016185033346,0.36416821864289683,0.0808076986523339,0.03331624884521642,0.022534089131458903,0.3483865215129128,0.10398389997208461,0.14458182259561145,0.5521912204302141,0.7645561453668548,0.737389546755338
2013-01-01,2015-06-01,30,30,0.3688475627421054,NA,NA,0.46174843290610096,NA,NA,NA,0.21667332176345522,0.08142771560393884,2.660928409404798,0.013176678576148257,0.05707793183636495,0.3762687116905455,0.06452866561152848,0.032114573715876754,0.05498931176169762,0.40255028505222384,0.12317342648582279,0.16113480528761925,0.6439657648168284,0.7896287789259606,0.7653551764943407
2013-02-01,2015-07-01,30,30,0.3623693215079617,NA,NA,0.4419138289396493,NA,NA,NA,0.2817973198670742,0.0792770456032848,3.5545890708040973,0.001476184234902653,0.12641716568389658,0.43717747405025176,0.03708291503579079,0.022721373148618208,0.1147189622273635,0.5049351417034145,0.10035103298055015,0.30825073125014507,0.7016195521566839,0.8432037698467295,0.8251118971367367
2013-03-01,2015-08-01,30,30,0.31609287369331424,NA,NA,0.5167692981078413,NA,NA,NA,0.2691107276274073,0.08150069369209156,3.3019440134350724,0.0027949666138518637,0.1093723032758771,0.42884915197893747,0.035190741801868826,0.02294623222735117,0.1372034084341634,0.5568990682373158,0.12100107089903234,0.3197413271844349,0.7940568092901967,0.8577997683523367,0.8413920493160679
2013-04-01,2015-09-01,30,30,0.33053316438128594,NA,NA,0.4995451347901765,NA,NA,NA,0.27314186258146883,0.0840561548246582,3.249516506569268,0.0031857084837077663,0.10839482644621609,0.43788889871672154,0.037503845281644944,0.023954848096279673,0.12953234293056284,0.5457872059390407,0.09717992472238955,0.3553180534628436,0.7362563584152378,0.8720859791276111,0.8573266690269509
2013-05-01,2015-10-01,30,30,0.2832461096669154,NA,NA,0.5455415364655377,NA,NA,NA,0.26212629253257375,0.09300911935660447,2.8182859309479147,0.009105539675820933,0.07983176835984182,0.44442081670530564,0.022910478423361073,0.021733112991822953,0.30150168596980437,0.5767882294323171,0.08452821482883001,0.41111597269034583,0.7424604861742884,0.8827216611266004,0.8691895451027467
2013-06-01,2015-11-01,30,30,0.26930010513781083,NA,NA,0.5639417281731275,NA,NA,NA,0.25713507973214333,0.08949280133965277,2.8732487516648004,0.00798784911010764,0.08173241223082603,0.4325377472334606,0.0195273122722301,0.0175762948597428,0.2767361026981118,0.5896805458015328,0.07659663698403989,0.439553895975926,0.7398071956271397,0.8882554815686501,0.8753618832881097
2013-07-01,2015-12-01,30,30,0.26085538992633667,NA,NA,0.53573315845173,NA,NA,NA,0.252340414354946,0.09122016688729682,2.766278806162615,0.010297778444102186,0.07355217259211103,0.43112865611778095,0.01771952162586588,0.01453711770157104,0.2338202341206989,0.5435245246320484,0.08573515111709892,0.37548671623343555,0.7115623330306612,0.8983924200753021,0.8866684685455293
2013-08-01,2016-01-01,30,30,0.2720808493426419,NA,NA,0.5593236355572538,NA,NA,NA,0.2625720709860681,0.08192286693852455,3.2051133071686064,0.0035573617326360002,0.10200620227629292,0.4231379396958433,0.01673042010556172,0.011871356337896337,0.17059272221225757,0.5958387882184277,0.06574693036319118,0.46697717261251015,0.7247004038243453,0.9066228579436028,0.8958485723217108
2013-09-01,2016-02-01,30,30,0.22843052292382962,NA,NA,0.613742822639227,NA,NA,NA,0.22526784823562396,0.0618321892938163,3.6432132002505773,0.001176859124458374,0.10407898413448091,0.346456712336767,0.016019114637649382,0.011802035889203684,0.1863464604716233,0.5832068928138483,0.07879255979886882,0.42877631335834693,0.7376374722693497,0.8975823173469771,0.8857648924254745
2013-10-01,2016-03-01,30,30,0.16437026458132661,NA,NA,0.6694969835035837,NA,NA,NA,0.17629665419594368,0.06562260219565466,2.68652336690814,0.012414962229906653,0.04767871732066151,0.30491459107122587,0.011655966095481045,0.013742686234301197,0.4040911374112788,0.5334191986046677,0.11488357168652565,0.30825153568375196,0.7585868615255834,0.8748380757551172,0.860396315265323
2013-11-01,2016-04-01,30,30,0.16334863555551804,NA,NA,0.6836804308395766,NA,NA,NA,0.17374856943098527,0.05621993663926826,3.0905152125274027,0.0047191621467603225,0.0635595184048957,0.2839376204570748,0.011712251693894529,0.012048753211625988,0.3399721654557314,0.5492817592416094,0.1213617997356261,0.3114170026608196,0.7871465158223991,0.8692575153064533,0.8541718439956595
2013-12-01,2016-05-01,30,30,0.14629255948136538,NA,NA,0.6900872669336588,NA,NA,NA,0.16468463214036183,0.05199731566948592,3.16717565166552,0.003907634810344723,0.06277176613540925,0.2665974981453144,0.007993416522520886,0.013380077531176695,0.5554002556279325,0.5313903385347797,0.13016172625653108,0.27627804290641733,0.786502634163142,0.8580084656877269,0.8416248271132338
2014-01-01,2016-06-01,30,30,0.11112553948941961,NA,NA,0.6624359431325648,NA,NA,NA,0.1481575155012326,0.03374468678972271,4.390543507618376,1.6787324850833562e-4,0.08201914472379157,0.21429588627867363,-0.0026991465612171903,0.011108224994888607,0.8099227795869343,0.4389019283513812,0.0897666934108843,0.26296244225479903,0.6148414144479634,0.8691876212755519,0.8540938852688849
2014-02-01,2016-07-01,30,30,0.10932006798680553,NA,NA,0.6673310481737232,NA,NA,NA,0.14601566900937124,0.03187928479924863,4.58026803075622,1.0178862805160234e-4,0.08353341894994873,0.20849791906879375,-0.0024295236885399107,0.011438736878443588,0.8334557234054598,0.4389218416921041,0.09275814589019447,0.2571192164746109,0.6207244669095973,0.8491746475063294,0.8317717222185982
2014-03-01,2016-08-01,30,30,0.10899315782661159,NA,NA,0.6876282132742428,NA,NA,NA,0.14121827810592083,0.029607955593468543,4.769605846648639,6.173969756863759e-5,0.08318775148686125,0.1992488047249804,-4.245175479769764e-4,0.011939585565595082,0.9719083945159853,0.45208397207108086,0.09951353725789606,0.25704102307141985,0.6471269210707419,0.8417353680647504,0.8234740643799139
2014-04-01,2016-09-01,30,30,0.1011630269519321,NA,NA,0.6814750804284794,NA,NA,NA,0.13464715985240353,0.032356799439946335,4.1613250439774285,3.0661700790314664e-4,0.07122899829512293,0.19806532140968414,0.0012454126380064443,0.013267057405803483,0.9259300686925773,0.42272096021099614,0.09285928786825769,0.24072010035917396,0.6047218200628184,0.8356098485277341,0.8166417541270881
2014-05-01,2016-10-01,30,30,0.10122333552357317,NA,NA,0.5995338707139991,NA,NA,NA,0.15857367472195377,0.03136368955791878,5.055963662346501,2.8993340549695362e-5,0.09710197276613801,0.22004537667776952,-0.004803261226518406,0.013633065337119712,0.7274349600507537,0.3959727505661414,0.07082988163025643,0.25714873354160367,0.5347967675906791,0.8510134991257272,0.8338227490248495
2014-06-01,2016-11-01,30,30,0.10550992316448807,NA,NA,0.6435918645405307,NA,NA,NA,0.15151444546530785,0.03890668777521208,3.8943033737721446,6.155247233250273e-4,0.07525873866814739,0.2277701522624683,-0.0033598300900344806,0.015405230603375624,0.8290564912241191,0.4251150026920137,0.0801994064759614,0.267927054417641,0.5823029509663864,0.8621109622743682,0.8462006886906415
2014-07-01,2016-12-01,30,30,0.10498509098461992,NA,NA,0.5974286245123811,NA,NA,NA,0.17034748113983508,0.036546877744614945,4.661067966741295,8.223448083663505e-5,0.09871691701300137,0.2419780452666688,-0.010295979612540532,0.013119165238867962,0.439660984681991,0.42314851852916735,0.0671744315755661,0.2914890519591076,0.5548079850992271,0.8795055842679484,0.8656023824527117
2014-08-01,2017-01-01,30,30,0.09869092759042186,NA,NA,0.4401651837692161,NA,NA,NA,0.22082122691953496,0.048394573720887124,4.562933608902281,1.0655378197109601e-4,0.12596960537942767,0.3156728484596423,-0.03096575741910952,0.011100131375995855,0.0097442943252644,0.39443996785741986,0.04893045754097115,0.29853803333005013,0.4903419023847896,0.8944358969467636,0.882255423517544
2014-09-01,2017-02-01,30,30,0.10324951703547987,NA,NA,0.5255997536724626,NA,NA,NA,0.19464006114359206,0.04141283419646857,4.699993731899416,7.42010574349888e-5,0.11347239762078493,0.2758077246663992,-0.02188187580043823,0.009773517417862199,0.033939052852442274,0.4102865937578115,0.05494571709450102,0.30259496714786277,0.5179782203677603,0.8972581138251382,0.8854032808049619
2014-10-01,2017-03-01,30,30,0.10267124039638463,NA,NA,0.5222170485527108,NA,NA,NA,0.19272883489451956,0.0433176915733585,4.449194495236048,1.4383462182667668e-4,0.10782771951732273,0.2776299502717164,-0.017486872675424946,0.0103797177802571,0.10401192417746147,0.4033815654382597,0.05418650781847497,0.2971779616660507,0.5095851692104687,0.8955129459780458,0.883456747437051
2014-11-01,2017-04-01,30,30,0.10044549935575578,NA,NA,0.48208214007257477,NA,NA,NA,0.20941499297393815,0.046346854161485394,4.518429497809663,1.1983088712775903e-4,0.11857682802069647,0.3002531579271798,-0.029516816600602815,0.011496818790166737,0.01634778265981348,0.40434016506648957,0.052016075219418624,0.3023905310193027,0.5062897991136764,0.895471065226624,0.8834100342912344
2014-12-01,2017-05-01,30,30,0.1085521822749208,NA,NA,0.5059927793496862,NA,NA,NA,0.1954537898713693,0.048245279823207476,4.051252072484611,4.089695356943607e-4,0.10089477899382572,0.2900128007489129,-0.011225119101292359,0.015047348212426304,0.46236746653405025,0.3956496619909176,0.054666068281431224,0.28850613698290506,0.5027931869989302,0.8763658429702696,0.8621003633129931
2015-01-01,2017-06-01,30,30,0.109751550125394,NA,NA,0.5026084360978789,NA,NA,NA,0.19765918336399893,0.04935870321965243,4.004545712726502,4.61995685459698e-4,0.10091790272987898,0.29440046399811887,-0.00966832628910304,0.01204361630748075,0.42938187925488946,0.39739150743396034,0.05363449165368199,0.29226983546362956,0.5025131794042912,0.8787744033412878,0.8647868344960518
2015-02-01,2017-07-01,30,30,0.10755431851209689,NA,NA,0.5049514574680923,NA,NA,NA,0.1959104269572086,0.05758235120654717,3.402265153336312,0.0021723443574085087,0.08305109244723963,0.30876976146717755,-0.016860726868660823,0.011359220935062959,0.14974729410816945,0.39573983180564853,0.05790023467350778,0.28225745714915607,0.509222206462141,0.8846974753871465,0.8713933379318173
2015-03-01,2017-08-01,30,30,0.112584150295386,NA,NA,0.49538931130339225,NA,NA,NA,0.20865620227361487,0.04321083559677334,4.828793504960495,5.280531852106589e-5,0.1239645207620578,0.29334788378517196,-0.007117524395417288,0.010663901858423055,0.5103716859058591,0.41349937079725113,0.044475800513152385,0.3263284036078844,0.5006703379866179,0.9048919119648267,0.893917901806922
2015-04-01,2017-09-01,30,30,0.12170057564682045,NA,NA,0.3809240830890581,NA,NA,NA,0.26522794466482746,0.031331440698380446,8.465232965764558,6.030540624081522e-9,0.20381944931224932,0.3266364400174056,-0.01602274261937413,0.010445565261328765,0.13712724248433877,0.4284255572212515,0.03266173872880531,0.364409725640336,0.4924413888021669,0.9222273246347521,0.9132535544003004
2015-05-01,2017-10-01,30,30,0.12346092503534672,NA,NA,0.3449948808950255,NA,NA,NA,0.2806014794791544,0.04253094912723915,6.597583294924445,5.366551851431913e-7,0.19724235096146048,0.3639606079968484,-0.017790191394561214,0.010754657862156838,0.11011442902317245,0.42839585721494766,0.03015311000154597,0.3692968475900431,0.4874948668398522,0.9240379745761531,0.9152731254887861
2015-06-01,2017-11-01,30,30,0.12725224195746182,NA,NA,0.4273186634679147,NA,NA,NA,0.24756453067420686,0.04246408808158588,5.829974028844403,3.8213086480247e-6,0.164336447397962,0.33079261395045173,-0.012779983752226014,0.011297925591851388,0.26830582658052016,0.4322902020403745,0.037744116346409666,0.358313093373122,0.506267310707627,0.9174184706821448,0.9078898326839306
2015-07-01,2017-12-01,30,30,0.12342201799739523,NA,NA,0.4221985558757686,NA,NA,NA,0.2523045920320587,0.042906539355797677,5.8803295679442025,3.353939973943677e-6,0.16820932019344484,0.33639986387067256,-0.013513933362843542,0.011088249371920472,0.23387773946237245,0.43666313851893285,0.03910685885172308,0.3600151036210642,0.5133111734168014,0.9168243313838114,0.9072271388511742
2015-08-01,2018-01-01,30,30,0.11751192052623148,NA,NA,0.4508407548360595,NA,NA,NA,0.23186703918930918,0.040832916509718854,5.67843443497653,5.665527263461365e-6,0.15183599344652926,0.3118980849320891,-0.012808726166328908,0.01078157808108651,0.2455652223136339,0.42222186229440595,0.04235705420530504,0.33920356156079723,0.5052401630280147,0.9132518531519731,0.9032424515925854
2015-09-01,2018-02-01,30,30,0.12175767665371122,NA,NA,0.4365387042483208,NA,NA,NA,0.21580798815382382,0.035616605116090064,6.059195912985288,2.113819588933412e-6,0.14600072487470228,0.28561525143294536,-0.01625153932313549,0.01090380040908558,0.1481396143917901,0.38300410299864096,0.03209596341311582,0.3200971706598187,0.44591103533746324,0.912200158782755,0.9020694078730729
2015-10-01,2018-03-01,30,30,0.12737104872034138,NA,NA,0.49722444020736684,NA,NA,NA,0.19449557260105713,0.03956004044645641,4.916465463787944,4.1893168943081144e-5,0.11695931809905474,0.2720318271030595,-0.00984126004039577,0.01298954195840442,0.4554851021834412,0.38684372939940775,0.046007449864496015,0.2966707846444634,0.4770166741543521,0.8877662727411446,0.8748162272881997
2015-11-01,2018-04-01,30,30,0.13563150646240732,NA,NA,0.49944684071541856,NA,NA,NA,0.16801486244555336,0.03253753189165279,5.163724864105506,2.1826161185558625e-5,0.1042424717920905,0.2317872530990162,-0.011123540952384346,0.0119655076208525,0.36111210378772707,0.335658379792647,0.036487071494569,0.26414503376195375,0.40717172582334027,0.8556164202481756,0.8389567764306575
2015-12-01,2018-05-01,30,30,0.15571679310610267,NA,NA,0.5084916223029939,NA,NA,NA,0.14090926713588842,0.03202292867642737,4.400261717461656,1.6363051316012713e-4,0.07814548025059588,0.20367305402118097,-0.006846870304804382,0.01244708449634135,0.5869607309602637,0.2866874167966939,0.03225090619258809,0.22347680219044147,0.34989803140294634,0.7826019509848745,0.7575175607138984
2016-01-01,2018-06-01,30,30,0.1502988091606197,NA,NA,0.5236098399024156,NA,NA,NA,0.14502194308513083,0.029520244352985534,4.912626784217794,4.231985491597603e-5,0.08716332733845729,0.2028805588318044,-0.005696579254104097,0.010936118093046432,0.6068476321556833,0.3044184268109659,0.043430770669161886,0.2192956804785901,0.38954117314334175,0.6928424029706731,0.6574011417749815
2016-02-01,2018-07-01,30,30,0.1618473545719345,NA,NA,0.5105431203705766,NA,NA,NA,0.13543829664289295,0.029235196862071756,4.6327136869259,8.862769891983079e-5,0.0781383637122939,0.192738229573492,-0.005306844931829031,0.010207791222159722,0.6075444193398247,0.27671139640622827,0.05900503834598618,0.16106364634169054,0.392359146470766,0.5728099744293068,0.5235188176326884
2016-03-01,2018-08-01,30,30,0.18124265994923108,NA,NA,0.5167773960299727,NA,NA,NA,0.09973816158133718,0.03882974613910522,2.568601948208243,0.016302497741550445,0.023633257619857753,0.1758430655428166,-0.0026431221240337892,0.010935993640192675,0.810916327600513,0.20640210280296328,0.06445596556877724,0.08007073169940615,0.3327334739065204,0.49643791510239516,0.43833459761421
2016-04-01,2018-09-01,30,30,0.24382604257074583,NA,NA,0.4019859519702212,NA,NA,NA,0.11368765637360044,0.037159535356313195,3.059447737531668,0.005092043160418166,0.040856305392983835,0.18651900735421706,0.0015829500576438307,0.010587338529629509,0.8823022031477679,0.19010867177477947,0.04841966371120703,0.0952078747572727,0.2850094687922862,0.47834842221095125,0.4181578555429841
2016-05-01,2018-10-01,30,30,0.25480750480663644,NA,NA,0.3676853697951426,NA,NA,NA,0.10565352786369825,0.04162122715608151,2.5384529741877304,0.017464269510320925,0.02407742164541804,0.18722963408197846,-0.0026616645164808687,0.009960938175007308,0.791415469306479,0.16709012067215429,0.052794722231060263,0.06361436652548007,0.2705658748188285,0.426719389713342,0.3605716269879584
2016-06-01,2018-11-01,30,30,0.3045814546139317,NA,NA,0.27904645112153337,NA,NA,NA,0.11442015739305289,0.03623635801794588,3.15760643871514,0.004001087071990527,0.04339820074697977,0.18544211403912603,7.09471203047711e-4,0.008637104607062879,0.9351627067243974,0.158706698331741,0.04101564445012504,0.0783175124067958,0.2390958842566862,0.39231923314120876,0.322202221580579
2016-07-01,2018-12-01,30,30,0.3039929710688146,NA,NA,0.2862953283099024,NA,NA,NA,0.11122123749136956,0.03711694586869219,2.9965083303145277,0.005935546671233621,0.03847336037261012,0.183969114610129,0.001412262525776783,0.00844803803789569,0.8685293250433861,0.1558364991894906,0.039635027453329155,0.07815327285470919,0.23351972552427203,0.39207009779435736,0.32192433984755253
2016-08-01,2019-01-01,30,30,0.3064250110557346,NA,NA,0.2625405781247327,NA,NA,NA,0.1336373136328804,0.03819892844078919,3.498457131854546,0.0017028729542991306,0.05876878964091084,0.20850583762484995,5.21742143321287e-4,0.008420834778547869,0.9510697438630711,0.18121310768944734,0.041092854242935406,0.10067259335134002,0.2617536220275547,0.503112986222406,0.44577986924806823
2016-09-01,2019-02-01,30,30,0.28458786877072817,NA,NA,0.30729741630507246,NA,NA,NA,0.12876499920111847,0.0321379546951988,4.006633291456943,4.5948703485826e-4,0.06577576546174892,0.19175423294048805,-0.00100359150569224,0.007099001534665224,0.888666706351187,0.1858878575481505,0.044489855970157,0.09868934216926849,0.2730863729270325,0.525452414272037,0.47069692361111826
2016-10-01,2019-03-01,30,30,0.28130003836775486,NA,NA,0.31639344522476687,NA,NA,NA,0.12798107339237594,0.029487988848539648,4.340108579453496,1.9171167698760558e-4,0.0701856772727195,0.18577646951203236,-0.0022871092460365833,0.00678465409611226,0.7387474125534839,0.18721452054311497,0.04353439377623463,0.10188867665291043,0.2725403644333195,0.5397384360191904,0.4866313324829431
2016-11-01,2019-04-01,30,30,0.2802304925418983,NA,NA,0.3156124734788965,NA,NA,NA,0.12563991201194746,0.029674328574991967,4.233959723618834,2.5341857783298626e-4,0.06747929673955544,0.1838005272843395,-0.004074690781447274,0.00722493245141295,0.5776031404249112,0.18358007290197637,0.04374649384787033,0.0978385205102475,0.26932162529370524,0.5437553351026928,0.49111171992223424
2016-12-01,2019-05-01,30,30,0.26786125025077845,NA,NA,0.3356938566773792,NA,NA,NA,0.1171125353120361,0.02753775606583644,4.252798776779305,2.4118478682992446e-4,0.06313952520794727,0.17108554541612492,-0.0043943661315272034,0.006756632357912638,0.5211541195027471,0.1762930186469167,0.04252945969666083,0.09293680935951373,0.25964922793431966,0.533133775887115,0.4792645961817821
2017-01-01,2019-06-01,30,30,0.2713301378881776,NA,NA,0.3158363747693951,NA,NA,NA,0.10953532737904319,0.027320634860148626,4.009252637786153,4.563583542402993e-4,0.055987867018382396,0.16308278773970397,-0.005372026762917726,0.0067612064235990045,0.4340760172552115,0.16010106842807245,0.04277154392911533,0.07627038276383363,0.24393175409231127,0.5068092548834927,0.44990263044697265
2017-02-01,2019-07-01,30,30,0.2642710070198181,NA,NA,0.34821890949366313,NA,NA,NA,0.11781361918052095,0.02590020162248216,4.548752974890171,1.1061688986820816e-4,0.06705015680813006,0.16857708155291184,-0.003836025500160216,0.006435626312870576,0.5562886947119625,0.18075642404568276,0.03969421811135564,0.10295718615294819,0.25855566193841734,0.5218497179355133,0.46667853154345706
2017-03-01,2019-08-01,30,30,0.2558270507317382,NA,NA,0.361825440742488,NA,NA,NA,0.120949825049751,0.02722921171895152,4.441914305053862,1.4662148054820156e-4,0.06758155075319006,0.17431809934631196,-0.0028793080268275113,0.006368546263356925,0.6549364462939267,0.18952467361041594,0.041231164425860195,0.10871307629508088,0.270336270925751,0.5346205866677678,0.48092296205251017
2017-04-01,2019-09-01,30,30,0.26515445600061704,NA,NA,0.3587006157141004,NA,NA,NA,0.113913772898544,0.023583169347229305,4.83029957599517,5.2595713137715195e-5,0.0676916103366656,0.1601359354604224,-0.005012169680265335,0.006940810731920274,0.4766595825241501,0.17762963085546915,0.04040948844669514,0.09842848886625928,0.25683077284467903,0.5587254032839526,0.5078091036628702
2017-05-01,2019-10-01,30,30,0.24306474975305561,NA,NA,0.4041032537538145,NA,NA,NA,0.10578805613458539,0.019537394227502915,5.414645110946621,1.1288237941690635e-5,0.06749546709691893,0.14408064517225183,-0.0027378341003629876,0.008905098464176609,0.7609533918020572,0.17752749415228505,0.04086724836859657,0.09742915920258251,0.2576258291019876,0.5955456546169478,0.5488778455342879
2017-06-01,2019-11-01,30,30,0.2857893304796725,NA,NA,0.3585426807271523,NA,NA,NA,0.09029309325045652,0.013785869778962515,6.549684183746273,6.055212086443519e-7,0.06327328498813084,0.1173129015127822,-0.011835828336308937,0.005375967975367449,0.0367664007180847,0.1407624335050261,0.02855662741932542,0.0847924722432193,0.1967323947668329,0.7259076803750578,0.6942816434952568
2017-07-01,2019-12-01,30,30,0.30471380487880995,NA,NA,0.3174079837361062,NA,NA,NA,0.09745780801542593,0.012389713040737016,7.8660262505667,2.4243371842438892e-8,0.07317441667679514,0.12174119935405672,-0.014222946543089102,0.004611194455659744,0.004789975389754513,0.14277607369165038,0.024811520374045486,0.09414638735683947,0.19140576002646129,0.738367452894774,0.7081790820749403
2017-08-01,2020-01-01,30,30,0.24040971832994643,NA,NA,0.43983464365893093,NA,NA,NA,0.09810447459990479,0.014730632596185128,6.6598955584101285,4.5882747153393746e-7,0.0692329652418902,0.1269759839579194,-0.008934883297677795,0.006830149013264602,0.20226901024422003,0.17513484811112043,0.04550168519775081,0.08595318388764958,0.2643165123345913,0.7406962389654124,0.7107765742306522
2017-09-01,2020-02-01,30,30,0.21245042180683998,NA,NA,0.49741639712381586,NA,NA,NA,0.11610566949129925,0.020781444808940848,5.586987361020579,7.1912365048665995e-6,0.07537478611906834,0.15683655286353015,-0.0067329176559375,0.008894357743635022,0.45586299581815415,0.23101762339011864,0.07998114538542302,0.07425745899242761,0.3877777877878097,0.7830430494339233,0.7580095551378375
2017-10-01,2020-03-01,30,30,0.22908509243870656,NA,NA,0.44116057143607024,NA,NA,NA,0.10426915986461356,0.016604107294735652,6.279720915659958,1.2013033068247091e-6,0.07172570757149291,0.13681261215773421,-0.005748380671768363,0.005717045085853584,0.3239318326338244,0.18658160919775804,0.027856148087718694,0.13198456219781513,0.24117865619770096,0.7996052222716258,0.7764827479183518
2017-11-01,2020-04-01,30,30,0.22094296546870407,NA,NA,0.4755270477403438,NA,NA,NA,0.10369007902610862,0.015947391221053812,6.5020088608108235,6.830098274825223e-7,0.07243376658547292,0.1349463914667443,-0.0073006313366503995,0.00532649779172711,0.18220970033534417,0.1977033869513517,0.023748159353009474,0.1511578499203351,0.2442489239823683,0.8244996327842605,0.8042495904132136
2017-12-01,2020-05-01,30,30,0.21170266869265614,NA,NA,0.47223400466672866,NA,NA,NA,0.10219588839952466,0.01667842234245216,6.127431378170702,1.7738400279509271e-6,0.06950678128937027,0.13488499550967906,-0.004321020372174401,0.0051062610358300915,0.40515138328863387,0.19363863777352772,0.01772388576778684,0.15890046000256347,0.22837681554449196,0.8434750954820867,0.8254145295761736
2018-01-01,2020-06-01,30,30,0.1908410114324394,NA,NA,0.5219287510989177,NA,NA,NA,0.1051044341182174,0.017484863576737442,6.011166953458678,2.3921139519424053e-6,0.07083473123321583,0.139374137003219,-0.0038007444942212646,0.004833344130659042,0.4387658828712153,0.21985098321602803,0.025987893575392447,0.16891564777419898,0.2707863186578571,0.8459259477570849,0.828148172498287
2018-02-01,2020-07-01,30,30,0.18037273375260163,NA,NA,0.5273869090371897,NA,NA,NA,0.10002512051691018,0.020522241244085238,4.873986195135419,4.6865129063005616e-5,0.05980226679646065,0.1402479742373597,-0.0015667885360146933,0.006085886891675349,0.7988609764444958,0.21164272092662176,0.026912812930797624,0.15889457685959457,0.26439086499364894,0.8437985638009831,0.825775321162635
2018-03-01,2020-08-01,30,30,0.17365707234969094,NA,NA,0.5788568463163254,NA,NA,NA,0.10129724695781799,0.02079408933223223,4.871444252227986,4.7180737535292224e-5,0.06054158077533428,0.1420529131403017,-0.005226490308825069,0.007213227279370573,0.4751861164399699,0.2405292501416359,0.03892913270100219,0.16422955209829115,0.31682894818498064,0.8459767229535351,0.8282048063712507
2018-04-01,2020-09-01,30,30,0.13021603435569035,NA,NA,0.5979642848032855,NA,NA,NA,0.08346775026416245,0.023243124638647975,3.5910726961974277,0.0013449063983212968,0.03791206308423687,0.12902343744408803,0.0036990270890450544,0.007944562822981028,0.6453751048686609,0.20761277446040333,0.04368359728888098,0.12199449705904508,0.29323105186176157,0.8354307287898589,0.8164419667271503
2018-05-01,2020-10-01,30,30,0.12240031334993129,NA,NA,0.63538376625836,NA,NA,NA,0.08039744938471552,0.020196890180988348,3.9806845838274105,4.91646913494259e-4,0.040812272030267716,0.11998262673916332,0.002255841661192805,0.007902358228183672,0.7775502592660402,0.2204988202518805,0.053275355710316816,0.11608104179609925,0.32491659870766176,0.8300631176099493,0.8104550157957127
2018-06-01,2020-11-01,30,30,0.11066621618285967,NA,NA,0.6132661530962976,NA,NA,NA,0.07466056723503728,0.017627122434251387,4.2355504997210325,2.523622031275033e-4,0.04011204211282656,0.10920909235724799,0.006712229440425515,0.007255674507589345,0.3634208387403366,0.19305413227414753,0.04671373557595549,0.10149689296194735,0.2846113715863477,0.8244515826469423,0.8041959960292818
2018-07-01,2020-12-01,30,30,0.09618903837401983,NA,NA,0.598254940941573,NA,NA,NA,0.06639811683131304,0.017540467795341526,3.7854245169531535,8.160911362240317e-4,0.032019431680458975,0.1007768019821671,0.010855044017764512,0.00802484473452436,0.18780549450582162,0.1652742587225113,0.04857498471403939,0.07006903813341046,0.26047947931161214,0.8071647500112151,0.784914528858663
2018-08-01,2021-01-01,30,30,0.08116350585741199,NA,NA,0.5830671198834163,NA,NA,NA,0.05879970018956655,0.01873955691402061,3.1377316154990647,0.004202086213137292,0.02207084355184761,0.0955285568272855,0.014585611639818672,0.009041269877591416,0.11876875087499517,0.14102917518312505,0.053337335528622534,0.03648991851569626,0.24556843185055383,0.7750550370254081,0.7490998489898784
2018-09-01,2021-02-01,30,30,0.09670138228055826,NA,NA,0.5532264417727649,NA,NA,NA,0.06833870646500835,0.016599023478835722,4.117031736965874,3.443372291835237e-4,0.03580521826795559,0.10087219466206111,0.01289419642594854,0.008695754821636554,0.1501445372798933,0.15296049913108412,0.04887004898287242,0.05717696320194589,0.24874403506022236,0.770448687153725,0.7439619972099241
2018-10-01,2021-03-01,30,30,0.08882038295970594,NA,NA,0.5247901236729601,NA,NA,NA,0.0630481798257558,0.014647782385176526,4.304281574360377,2.106597255355086e-4,0.03433905389742961,0.091757305754082,0.01607276143763596,0.008307921987175322,0.06398655589771435,0.13267438865762543,0.04015489011519223,0.05397225022868525,0.21137652708656562,0.7634225213647367,0.7361251199837446
2018-11-01,2021-04-01,30,30,0.08882774672195712,NA,NA,0.5204641612251415,NA,NA,NA,0.06342353677258583,0.013696761926208499,4.6305496959267485,8.913553537177688e-5,0.03657837669239772,0.09026869685277394,0.017584598812524294,0.008027556926150156,0.03764751829682033,0.1322602642893665,0.03440439222687579,0.06482889461470018,0.1996916339640328,0.7692851465485491,0.7426642019195355
2018-12-01,2021-05-01,30,30,0.09110133854826184,NA,NA,0.5413496016866837,NA,NA,NA,0.06373351078801091,0.012656489685025998,5.035638820408046,3.058969857116634e-5,0.03892724683465727,0.08853977474136455,0.011971699247064144,0.007163103249694387,0.10665740085161386,0.13895880396570123,0.032011379344364974,0.0762176533552965,0.20169995457610596,0.7731760740838803,0.7470040826320203
2019-01-01,2021-06-01,30,30,0.08764254524436031,NA,NA,0.5014281289143788,NA,NA,NA,0.06197807737522247,0.014411287213270754,4.300662144749252,2.1267439160654276e-4,0.033732473466349194,0.09022368128409575,0.015355263320820736,0.00917822519298305,0.10631718979239994,0.12431121964475769,0.027609065543126993,0.07019844553342301,0.17842399375609236,0.7502140929103442,0.721392642092307
2019-02-01,2021-07-01,30,30,0.06860257714010859,NA,NA,0.5240868734194085,NA,NA,NA,0.05037228837134783,0.010117115641538482,4.9789179204921945,3.5527016288623215e-5,0.030543106086505567,0.07020147065619009,0.028453428366157243,0.006746353315680372,2.6453908713186926e-4,0.1058434524243318,0.021667626240898227,0.06337568536169629,0.1483112194869673,0.7809853721312973,0.7557144535310623
2019-03-01,2021-08-01,30,30,0.06866843439642681,NA,NA,0.521137356341243,NA,NA,NA,0.05036898810531469,0.010177615838944748,4.948996788872425,3.844599343039062e-5,0.03042122761249858,0.07031674859813081,0.029107158231149073,0.009803529526427034,0.0063438952089513246,0.10518462605575099,0.022254678011322093,0.06156625866602423,0.14880299344547776,0.780932075962887,0.7556550078047586
2019-04-01,2021-09-01,30,30,0.071348944637548,NA,NA,0.5126233132839241,NA,NA,NA,0.05038453013064854,0.010100211235361948,4.988463008995967,3.464343125966634e-5,0.030588479873092315,0.07018058038820477,0.03101111564241195,0.014665131434868297,0.04420699816735065,0.10337903207914484,0.023137306817843407,0.058030744016918726,0.14872732014137097,0.773289328963362,0.7471304053822114
2019-05-01,2021-10-01,30,30,0.05765910947593885,NA,NA,0.4533557224631494,NA,NA,NA,0.04791692376903004,0.011563838991232808,4.143686521868606,3.211214135923912e-4,0.025252215823193754,0.07058163171486632,0.05511724409990609,0.020179994607891858,0.01118122149900595,0.08765649936909813,0.02336819881095524,0.04185567131605415,0.1334573274221421,0.7494844135641093,0.7205787689753527
2019-06-01,2021-11-01,30,30,0.07038273750752394,NA,NA,0.4222623975242711,NA,NA,NA,0.04910105133171744,0.011964524121837622,4.10388669300255,3.563897605275253e-4,0.025651014960754986,0.07255108770267989,0.053187503835305745,0.025214728642653148,0.04469477311365346,0.08498849844861915,0.024837093653385572,0.03630868940733509,0.13366830748990322,0.7231988940973606,0.6912603049547483
2019-07-01,2021-12-01,30,30,0.07008654414385292,NA,NA,0.4152044264147076,NA,NA,NA,0.048459407710139506,0.011585814028216845,4.182650230024262,2.8994450136137347e-4,0.02575162948325557,0.07116718593702344,0.06031438285049931,0.03188850054407855,0.06975934956812505,0.08286555148330259,0.025645052839813644,0.032602171535641225,0.13312893143096394,0.7218565519916025,0.6897630772214027
2019-08-01,2022-01-01,30,30,0.07457592566221367,NA,NA,0.4643134479089771,NA,NA,NA,0.04910492925439622,0.013729481039616114,3.576604906820952,0.0013955438585432482,0.022195640890323103,0.07601421761846933,0.024742780589938583,0.02645017329405654,0.35816489298611376,0.09166728017105868,0.027256538283632423,0.03824544679190197,0.1450891135502154,0.6970417111414597,0.6620849855039359
2019-09-01,2022-02-01,30,30,0.07595030045272917,NA,NA,0.4113970270385992,NA,NA,NA,0.052291519256152635,0.01677945804207423,3.1164009662905956,0.0044285749447025916,0.01940438581358618,0.08517865269871909,0.025466070278841645,0.024962874768518023,0.31705288200193193,0.08884005290197844,0.02610697009108412,0.0376713317779892,0.14000877402596767,0.6545516260377928,0.6146921982729228
2019-10-01,2022-03-01,30,30,0.06756934229884158,NA,NA,0.42434130803300546,NA,NA,NA,0.05317652061590571,0.021508961359600124,2.4722960689206577,0.02028751117755616,0.011019731006225802,0.09533331022558562,0.026515739592154187,0.03191338678728714,0.4136146815428471,0.09237508502512908,0.02720851382211569,0.03904737786092208,0.14570279218933607,0.6392520473525846,0.5976272835855752
2019-11-01,2022-04-01,30,30,0.07068867530956247,NA,NA,0.3824854180822973,NA,NA,NA,0.06163832829807686,0.01937017653904513,3.18212527252038,0.003765821168427556,0.0236734799073657,0.09960317668878801,0.019422567193518793,0.03076762258399028,0.5333772749288134,0.09981679802063607,0.02395010000973222,0.052875464575428535,0.1467581314658436,0.6552299599558209,0.6154488014891848
2019-12-01,2022-05-01,30,30,0.07128750974688047,NA,NA,0.32270126618029865,NA,NA,NA,0.07327593133169975,0.016032588127472783,4.570436834595478,1.0446446914646389e-4,0.04185263602288864,0.10469922664051087,0.011972348723906373,0.026963343823806208,0.6606994987040294,0.10818849596610347,0.02095625092611012,0.06711499889994349,0.14926199303226345,0.6926095076758585,0.6571413739461498
2020-01-01,2022-06-01,30,30,0.06835158447087383,NA,NA,0.32357688990281747,NA,NA,NA,0.07132695033990916,0.013754303231347317,5.185791613009411,2.0594255768990348e-5,0.04436901137402553,0.09828488930579278,0.01536788540401441,0.024180796661534783,0.5306302113645778,0.10544724045525519,0.020157278571408446,0.06593970042895365,0.14495478048155674,0.6940248086182812,0.6587199788434674
2020-02-01,2022-07-01,30,30,0.07484816178496842,NA,NA,0.28769700835208273,NA,NA,NA,0.0819687457145697,0.011287722209505555,7.261761424775552,1.034091395305007e-7,0.05984521671644594,0.10409227471269347,0.011484159604328819,0.02352808546071359,0.6295671267107928,0.11507567239740846,0.019516168909937508,0.07682468421773062,0.1533266605770863,0.7351542233597921,0.7045950952859219
2020-03-01,2022-08-01,30,30,0.07510887224153444,NA,NA,0.30837324543730915,NA,NA,NA,0.0770699874552154,0.01243778157523423,6.196441623373982,1.4862477908493765e-6,0.05269238352018045,0.10144759139025035,0.010736388351232787,0.024430610600706983,0.6639560109369517,0.11143291803965281,0.015043257787677419,0.08194867456565338,0.14091716151365224,0.7683719504818652,0.7416456370759266
2020-04-01,2022-09-01,30,30,0.06614643054540793,NA,NA,0.28941794183448444,NA,NA,NA,0.08321592839292444,0.008604063186642804,9.671701216944948,4.228778256281849e-10,0.06635227442639761,0.10007958235945126,0.027770699797132453,0.021466857704047177,0.2071598626905601,0.11710952653063045,0.011042203965538157,0.0954672044482303,0.13875184861303058,0.8325511537702892,0.8132301330514764
2020-05-01,2022-10-01,30,30,0.06283980962017534,NA,NA,0.26943989024997433,NA,NA,NA,0.086799638013065,0.008184279587480362,10.605654057303218,6.145268845932204e-11,0.07075874478219717,0.10284053124393285,0.028246669388055687,0.02181757214306941,0.20681265302459215,0.11881245205512943,0.009660380127758484,0.09987845492775635,0.1377464491825025,0.8621684155111735,0.8462647711470781
2020-06-01,2022-11-01,30,30,0.059644066351804595,NA,NA,0.26599911680739335,NA,NA,NA,0.08994369912002029,0.009055365972826444,9.932640976623746,2.4400059181762577e-10,0.07219550794645095,0.10769189029358962,0.02369031451841732,0.021324488996389293,0.2767609059365917,0.12253895217237562,0.01015611054508076,0.10263334128100987,0.14244456306374137,0.8882383555438399,0.8753427811835137
2020-07-01,2022-12-01,30,30,0.06578604887834474,NA,NA,0.26067225433726743,NA,NA,NA,0.08559959841168298,0.008802278165444688,9.724709535733982,3.779148348263687e-10,0.06834745022550809,0.10285174659785787,0.02910025917779506,0.02049025597298491,0.16743058659266785,0.11578031382408298,0.007817770973512151,0.10045776427661653,0.13110286337154942,0.895621553803754,0.8835778869349563
2020-08-01,2023-01-01,30,30,0.06426981725466677,NA,NA,0.2598909070139743,NA,NA,NA,0.08444660137147549,0.009108525071184549,9.271160886258981,1.0004651723469626e-9,0.06659422027967364,0.10229898246327733,0.02071092507336266,0.019402820289104672,0.2955944149634234,0.1141002078906629,0.009205216787424551,0.09605831451742729,0.13214210126389853,0.8913719790726282,0.8788379766579315
2020-09-01,2023-02-01,30,30,0.06602075308166089,NA,NA,0.2875553779724642,NA,NA,NA,0.07693656605810927,0.011887042872077334,6.472304919403737,7.363171379671799e-7,0.05363839014615413,0.1002347419700644,0.008718792724462653,0.023070641588609338,0.7085599099953777,0.10798953866639713,0.011647432476517111,0.08516099050006143,0.13081808683273283,0.8633978491056677,0.847636062464014
2020-10-01,2023-03-01,30,30,0.06714633672907065,NA,NA,0.3405501139645544,NA,NA,NA,0.06674227787257085,0.0170268015356022,3.919836484439902,5.760152301940096e-4,0.033370360090879264,0.10011419565426244,0.0017975037487724444,0.028015553645407507,0.9493328533590792,0.10120902177088774,0.01572475642807916,0.0703890655061879,0.13202897803558758,0.8373710322077117,0.8186061513086015
2020-11-01,2023-04-01,30,30,0.06089401216664749,NA,NA,0.38373379319879286,NA,NA,NA,0.062484263904998304,0.017862657712469775,3.4980384728179925,0.001704684800406179,0.027474098120390922,0.09749442968960569,-0.005504467504138957,0.031918416961302765,0.8644158176524525,0.10139167654402027,0.018579626347265222,0.06497627805716896,0.13780707503087158,0.8287825942430029,0.8090267397325802
2020-12-01,2023-05-01,30,30,0.05000915616976755,NA,NA,0.4393045528624256,NA,NA,NA,0.05877182125664233,0.017541372124338157,3.3504688709669463,0.0024748509922733917,0.024391363653524685,0.09315227885975996,-0.017706791082977107,0.034359641991153884,0.6106718249058569,0.10481950862394258,0.022255850081639182,0.06119884401860697,0.1484401732292782,0.8193212032143885,0.7984736497391256
2021-01-01,2023-06-01,30,30,0.04572132108306759,NA,NA,0.4495831178766344,NA,NA,NA,0.05963439708979115,0.01695573827663102,3.5170628442632497,0.0016242164798931783,0.026401760736307116,0.09286703344327518,-0.024573819379151776,0.03268236944979656,0.45886523624054654,0.10834405525451384,0.02304014264053161,0.06318620548040631,0.15350190502862138,0.8184517191748308,0.7975038406180806
2021-02-01,2023-07-01,30,30,0.05055983754087858,NA,NA,0.45132686927896914,NA,NA,NA,0.05667026185577048,0.01783851312850462,3.176848958628486,0.0038152986400497918,0.02170741858615651,0.09163310512538445,-0.0165303895194352,0.035538229433635514,0.6457008115004186,0.10328601617742439,0.024176529247082447,0.055900889581963535,0.15067114277288524,0.8180764326514371,0.7970852518035261
2021-03-01,2023-08-01,30,30,0.03296540367018484,NA,NA,0.5197768083241515,NA,NA,NA,0.056157068285438434,0.017200903829915078,3.264774272371226,0.003066862704719534,0.022443916277267807,0.08987022029360905,-0.03418899854931354,0.025394728499433868,0.1898259082974916,0.11693951741369575,0.02175248855126315,0.07430542327910013,0.15957361154829136,0.8492101243441598,0.8318112925377167
2021-04-01,2023-09-01,30,30,0.03590659253148112,NA,NA,0.5092008604810289,NA,NA,NA,0.055507539617032205,0.017590283816195828,3.155579534534001,0.004021155262404746,0.021031216859450613,0.0899838623746138,-0.029846387068813908,0.024348479271576955,0.23126122588988135,0.11309624477221937,0.020691048414477595,0.0725425350774687,0.15364995446697005,0.8492389805164869,0.8318434782683892
2021-05-01,2023-10-01,30,30,0.04475644247051729,NA,NA,0.47896585157785626,NA,NA,NA,0.054624921487508145,0.01810138961927017,3.017719779334299,0.005637390727946193,0.019146849763611418,0.09010299321140487,-0.020609608800646124,0.02693001143927907,0.4509829124438859,0.10483942684549505,0.021530930621282977,0.06263957827414982,0.14703927541684028,0.8347066377918231,0.8156343267678027
2021-06-01,2023-11-01,30,30,0.04654177114440702,NA,NA,0.48885774302022517,NA,NA,NA,0.05443219391099094,0.018922297312628372,2.876616565720271,0.007923768176965978,0.017345172673480284,0.09151921514850159,-0.02513602295072936,0.024816447710879444,0.3204523384917788,0.10649128137559706,0.020496211226985174,0.06631944555118062,0.14666311720001352,0.82723224225202,0.8072975009734069
2021-07-01,2023-12-01,30,30,0.04637801129055818,NA,NA,0.544077989457516,NA,NA,NA,0.04953862727129524,0.01796479377673814,2.757539434459901,0.010512019648460037,0.014328278479199194,0.08474897606339128,-0.02791215590193001,0.024396839857760776,0.2630109317604672,0.10865592387687344,0.021025715024448676,0.06744627967975134,0.14986556807399554,0.8299137546067956,0.8102884185998874
2021-08-01,2024-01-01,30,30,0.047970926318699154,NA,NA,0.5662847598868167,NA,NA,NA,0.04711974515696182,0.017842745193746633,2.640834952542837,0.013805065121396308,0.012148607191893278,0.08209088312203036,-0.02904282049741415,0.02326787800899437,0.22308405943661463,0.10864212459923094,0.022116905453286578,0.06529378646131173,0.15199046273715014,0.8275579916652704,0.807660836857417
2021-09-01,2024-02-01,30,30,0.045837784706095244,NA,NA,0.5871478845217049,NA,NA,NA,0.046274464722417814,0.017257377078393213,2.6814309331141013,0.01256314899048793,0.012450627181140067,0.08009830226369556,-0.033047438670121734,0.022818693373365298,0.15949689102628153,0.1120848434282774,0.023408705848816734,0.0662046230399045,0.15796506381665032,0.8251427019295872,0.8049668598445395
2021-10-01,2024-03-01,30,30,0.03877378482499015,NA,NA,0.569865030031513,NA,NA,NA,0.0507403045764087,0.017069280069239707,2.972609528379995,0.006289474031208202,0.017285130398671522,0.08419547875414587,-0.036960163642583845,0.023280560675751398,0.12446563699987125,0.11796368144660753,0.023982111149633188,0.07095960732009002,0.16496775557312504,0.8317248802323101,0.812308520259115
2021-11-01,2024-04-01,30,30,0.04467819454226325,NA,NA,0.6040547796186208,NA,NA,NA,0.04685009139572873,0.014818257720154684,3.1616464148822803,0.0039613741085207065,0.017806839950592946,0.07589334284086452,-0.041146625055698466,0.02253122700790321,0.07932491687617275,0.11832467973878344,0.024614193976127526,0.07008174603709075,0.16656761344047613,0.8589972520986647,0.8427277042638952
2021-12-01,2024-05-01,30,30,0.029580374665685062,NA,NA,0.6372672233573748,NA,NA,NA,0.04656564425203276,0.01587536377406354,2.9332017152331105,0.006917326590143534,0.015450503013396361,0.07768078549066916,-0.040340116807866824,0.023739602528847954,0.10120338408523934,0.1283745149336493,0.026258636549531505,0.07690853301344044,0.17984049685385814,0.8706762702596441,0.8557543014434492
2022-01-01,2024-06-01,30,30,0.030607881534190133,NA,NA,0.6428832547966646,NA,NA,NA,0.04579794105455166,0.016060906126351276,2.8515166388657582,0.008413305397405204,0.014319143487824454,0.07727673862127886,-0.04105562862609527,0.023576951408232846,0.09344499222731129,0.1282436112831259,0.02628931801724843,0.07671749479119903,0.17976972777505273,0.8714057577295566,0.8565679605445055
2022-02-01,2024-07-01,30,30,0.02793957655077929,NA,NA,0.6425280773689799,NA,NA,NA,0.04612006356043248,0.016514677874878207,2.792671095970294,0.00967547195048065,0.01375188970939073,0.07848823741147423,-0.03943664559712225,0.02413094263210073,0.11425270471392686,0.12901730357166336,0.026404572127768748,0.07726529317404648,0.18076931396928023,0.8732757078843901,0.8586536741787428
2022-03-01,2024-08-01,30,30,0.030789209154757576,NA,NA,0.6645117498629407,NA,NA,NA,0.04307497662970635,0.016362674745268677,2.6325143841266923,0.014073383318930459,0.01100472343823665,0.07514522982117605,-0.04139060276734802,0.021965678528085827,0.07074762326567918,0.12839488897780663,0.02814449885279682,0.07323268486339601,0.18355709309221724,0.8784430200003814,0.86441721461581
2022-04-01,2024-09-01,30,30,0.03977593012923002,NA,NA,0.6340145030857343,NA,NA,NA,0.042822600306226415,0.016145401727810444,2.6523093713093875,0.013442875363415771,0.011178194403787194,0.07446700620866564,-0.035405936640715764,0.02189624917346843,0.11795134143862424,0.11700627666198986,0.02471158058215605,0.06857246871990466,0.16544008460407506,0.8784566239063841,0.8644323882032746
2022-05-01,2024-10-01,30,30,0.03621470276007767,NA,NA,0.6378874275939636,NA,NA,NA,0.04285874179759085,0.017273546345283632,2.4811779203228292,0.01988539790741055,0.009003213075551464,0.07671427051963024,-0.0334132643222756,0.021154155722950874,0.12630890856013627,0.11835750830969048,0.025441482964242784,0.0684931179864853,0.16822189863289566,0.8766765873595366,0.8624469628240985
2022-06-01,2024-11-01,30,30,0.024626689421459343,NA,NA,0.5973311678494234,NA,NA,NA,0.05059062494930203,0.020132551532702363,2.512876962819393,0.018509546446360457,0.011131549028308742,0.09004970087029532,-0.0284593203028691,0.022485284220309515,0.21685008462843844,0.12563829358012948,0.02505609134203416,0.07652925695639667,0.1747473302038623,0.8638361073474115,0.8481248889644204
2022-07-01,2024-12-01,30,30,0.05215909348632984,NA,NA,0.49025659174613107,NA,NA,NA,0.05624983183576427,0.02302465189801704,2.44302637385839,0.02166635482560996,0.011122343359079086,0.10137732031244945,-0.029929028997209256,0.022762493085639927,0.20004380226640608,0.11034930697475544,0.017740541293583087,0.07557848497308697,0.1451201289764239,0.8547383310809559,0.8379773692826047
2022-08-01,2025-01-01,30,30,0.023095185823455676,NA,NA,0.6150115059665711,NA,NA,NA,0.04202905699920087,0.023810705545096268,1.7651327853179306,0.0892860982748195,-0.004639068315675961,0.0886971823140777,-0.015401415399785807,0.017345594211242706,0.3827271577411331,0.10916964441942892,0.025355969140748932,0.059472858110452,0.15886643072840584,0.8723662212473883,0.8576392467759331
2022-09-01,2025-02-01,30,30,0.019994356237894327,NA,NA,0.6289409936497526,NA,NA,NA,0.03970363191052171,0.02333449644345635,1.7014994091143425,0.10078000389081802,-0.006031140716030711,0.08543840453707413,-0.012363077563531909,0.01768231624305092,0.49064916784610246,0.10700085762921745,0.028014099606340517,0.05209423134147234,0.16190748391696255,0.8779610727090873,0.8638796580216743
2022-10-01,2025-03-01,30,30,0.011801644224011766,NA,NA,0.6598995829779386,NA,NA,NA,0.03478080534964564,0.02423920254143532,1.4348989118016626,0.16323652616248877,-0.012727158645539333,0.0822887693448306,-0.005309216620719133,0.01701146773563318,0.7574565240965127,0.10226628257086054,0.032844720943100404,0.03789181244011533,0.16664075270160575,0.8797957625215814,0.8659260428125332
2022-11-01,2025-04-01,30,30,0.0013778044287416412,NA,NA,0.6989323396000519,NA,NA,NA,0.02881875649654947,0.023642726291480325,1.2189269605060027,0.23381604771909267,-0.017520135531090192,0.07515764852418913,6.633548516320434e-4,0.01528948581385832,0.9657250570544178,0.09572186019005059,0.035266053669196176,0.026601665121569473,0.1648420552585317,0.8811419154899885,0.8674275211234488
2022-12-01,2025-05-01,30,30,-0.011183772967407421,NA,NA,0.7452228632931801,NA,NA,NA,0.020732385309275205,0.02157484700208005,0.9609516724395023,0.34542870278563675,-0.02155353778676364,0.06301830840531406,0.0033215330486238226,0.015280635128196742,0.8296177615009295,0.08137459105340608,0.03842918062999866,0.0060547810632244625,0.1566944010435877,0.8849048329112637,0.8716246213241018
2023-01-01,2025-06-01,30,30,-0.016962921551023132,NA,NA,0.7755051709208358,NA,NA,NA,0.018170954783852947,0.019811303523517627,0.9172013725539335,0.3674672487584717,-0.020658486609033067,0.057000396176738966,0.0037482714112039195,0.0170871109310354,0.82808071658428,0.08094152929217482,0.04911234470252956,-0.015316897521099604,0.17719995610544925,0.881038188708138,0.8673118258667694
2023-02-01,2025-07-01,30,30,-0.01916685392682142,NA,NA,0.7931510835736679,NA,NA,NA,0.017767143987668634,0.019076851501382892,0.9313457195166971,0.3602427914755433,-0.019622797893460685,0.05515708586879795,0.0027563530782604415,0.01714287963344358,0.8735039197130704,0.0858943053443371,0.057637350641917884,-0.027072826078128484,0.19886143676680268,0.8789088995192542,0.8649368494637836
2023-03-01,2025-08-01,30,30,-0.01950681189604229,NA,NA,0.81030033918417,NA,NA,NA,0.023675258997988606,0.02150946430185284,1.1006903131450467,0.2811179233214016,-0.018482516360392928,0.06583303435637014,-0.0035543241469937524,0.0170464255278469,0.8364568279095121,0.12480390790457839,0.06963955963860281,-0.011687120886312283,0.26129493669546905,0.8852345222691637,0.8719923517617595
2023-04-01,2025-09-01,30,30,-0.016316865995764703,NA,NA,0.8016465190590915,NA,NA,NA,0.036637194286556776,0.030158577349335133,1.214818386894648,0.2353531563586601,-0.022472531143105517,0.09574691971621907,-0.014935725456859068,0.019409073855455393,0.44851813554419084,0.1847065860037584,0.08280339679444661,0.022414910489063716,0.34699826151845303,0.8934521887584522,0.8811582105382736
2023-05-01,2025-10-01,30,30,-0.008532828006884445,NA,NA,0.7836491117965926,NA,NA,NA,0.05272866212029839,0.040592064497853755,1.2989894151130534,0.2053498346948623,-0.0268303223536219,0.13228764659421868,-0.02716904477271121,0.022595991942419673,0.24005148539925272,0.24371826045254916,0.08230687347819009,0.08239975275520164,0.40503676814989664,0.902914416992783,0.8917122343381041
2023-06-01,2025-11-01,30,30,0.02987262291968084,NA,NA,0.6608117056667017,NA,NA,NA,0.1064596304297339,0.03551679006775012,2.9974451583788015,0.0059220668347170725,0.03684800105047378,0.17607125980899402,-0.05310833141078746,0.022163066556184635,0.024049813166909514,0.3138658739358586,0.050177780471129724,0.21551923138828707,0.41221251648343005,0.9296209947685902,0.9215003403188121
2023-07-01,2025-12-01,30,30,0.09246455951192203,NA,NA,0.41519926644861854,NA,NA,NA,0.16432925533147924,0.03583435520459292,4.585801932063704,1.003126006908857e-4,0.0940952097212617,0.23456330094169678,-0.05610558893321721,0.02780890790745545,0.05407144543011426,0.28100042613411164,0.035488956225672316,0.21144335008287538,0.35055750218534787,0.9148505649703824,0.9050256301592727
2023-08-01,2026-01-01,30,30,0.09928890737939086,NA,NA,0.4126968704252499,NA,NA,NA,0.1643964912802583,0.03414045419448449,4.815298892737553,5.472112234925042e-5,0.09748243064322928,0.2313105519172873,-0.04959517069629246,0.02658201613491582,0.07339888006435569,0.2799176149449318,0.033559923067002166,0.21414137440967257,0.345693855480191,0.9149449176782182,0.9051308697180126
2023-09-01,2026-02-01,30,30,0.09873106998810761,NA,NA,0.4414718820244429,NA,NA,NA,0.147981728544041,0.027692919933407313,5.343666500314526,1.3598574195581899e-5,0.09370460284781135,0.20225885424027068,-0.03152003764072603,0.026072570612999627,0.2375675053538352,0.26494946947418885,0.0354975302727506,0.1953755885994774,0.3345233503489003,0.9094122843529909,0.8989598556244899
2023-10-01,2026-03-01,30,30,0.10859347654290291,NA,NA,0.44191281154851764,NA,NA,NA,0.1450963260719725,0.02616735530310465,5.544936597194345,8.026179955002562e-6,0.09380925210722421,0.1963834000367208,-0.016863517615034903,0.03472566453180876,0.6313031519159147,0.25998863452603077,0.032738922640015634,0.19582152525895716,0.3241557437931044,0.9092372159111023,0.898764586977768
2023-11-01,2026-04-01,30,30,0.088931817529384,NA,NA,0.458923618858483,NA,NA,NA,0.14102984474006144,0.025779201789968075,5.47068314562567,9.746910068946112e-6,0.09050353768153353,0.19155615179858937,-0.03196856619428636,0.03736559687620369,0.40005634735807505,0.26064683223194596,0.034536060253552464,0.1929573979670779,0.328336266496814,0.9033207636313789,0.8921654671273073
2023-12-01,2026-05-01,30,30,0.06254120381594427,NA,NA,0.5117599626022761,NA,NA,NA,0.11993885163136048,0.026969137545933875,4.447263151336614,1.4456876240875413e-4,0.06708031334722316,0.1727973899154978,-0.026470814856088265,0.034026625739346915,0.4436239753947189,0.2456555023029736,0.03659911162632148,0.17392256164922235,0.31738844295672486,0.8820015895964399,0.8683863883960291
2024-01-01,2026-06-01,30,30,0.05021154629167647,NA,NA,0.5284715738450573,NA,NA,NA,0.11450123444443706,0.027647563947303548,4.141458345577108,3.2300130607217277e-4,0.06031300484745407,0.16868946404142005,-0.02966275190275668,0.0367265920999486,0.42661179487911083,0.24282997183888194,0.03868007429027748,0.1670184193106044,0.3186415243671595,0.8602780080490763,0.8441562397470466
2024-02-01,2026-07-01,30,30,0.02019003543326958,NA,NA,0.5552181896242379,NA,NA,NA,0.10700285734046033,0.027145812580920976,3.9417813344687156,5.440605538651003e-4,0.05379804235078094,0.16020767233013972,-0.037056850952806974,0.04263139042433015,0.3926704763468374,0.2405738158448112,0.0432729684533621,0.15576035617208356,0.3253872755175388,0.7576634872654048,0.7297015819498746
