codigo_modelo,fecha,lambda_t,lambda_li_95,lambda_ls_95,pi_estrella_t,c0,c,d
M3B,2010-05-01,0.7527089375165723,0.6554517220781941,0.8499661529549505,6.091738546558888,3.2917758275057496,0.17752942402112443,0.2821033553001068
M3B,2010-06-01,0.7534944348499055,0.6573027061680096,0.8496861635318015,6.056986613388731,3.2764125924530045,0.1769655181211033,0.28210335530010866
M3B,2010-07-01,0.7538852000166432,0.6589262602796824,0.848844139753604,6.040700763076244,3.2692976608521196,0.17668498911898775,0.2821033553003076
M3B,2010-08-01,0.7508494175186571,0.6570508994956972,0.844647935541617,6.1664803852907335,3.323931966313197,0.1788643671883725,0.2821033553001371
M3B,2010-09-01,0.7483774563530345,0.6557902532641094,0.8409646594419596,6.269857593993303,3.3685290501092746,0.18063897981499152,0.28210335530017616
M3B,2010-10-01,0.7459016392652877,0.6546038234606303,0.8371994550699452,6.374081761185793,3.4131951123858912,0.18241636059516816,0.2821033553002046
M3B,2010-11-01,0.7448612182321765,0.6551763113316118,0.8345461251327413,6.414152710996375,3.429861490585975,0.18316327536391405,0.2821033553002037
M3B,2010-12-01,0.7465825450534709,0.6585961667313809,0.8345689233755609,6.346661332448476,3.4016143882853336,0.18192754061447355,0.28210335530020947
M3B,2011-01-01,0.7492453633974527,0.6626712457836249,0.8358194810112806,6.247136283833346,3.360214240000197,0.18001591225988395,0.28210335530020947
M3B,2011-02-01,0.7494034878965974,0.6639377633736807,0.8348692124195141,6.232216947968898,3.3528968795644802,0.17990239521250323,0.28210335530020936
M3B,2011-03-01,0.7488203742259252,0.6646124742006181,0.8330282742512323,6.244097385274427,3.356674611518525,0.18032101056015737,0.28210335530020947
M3B,2011-04-01,0.750246674953875,0.6673941282964648,0.8330992216112851,6.187020114497683,3.332326377250093,0.1792970740532295,0.2821033553002088
M3B,2011-05-01,0.75403368378206,0.6728615340994939,0.8352058334646262,6.046867275829622,3.2732796212748925,0.17657839312202706,0.28210335530020814
M3B,2011-06-01,0.7543591502612734,0.6748047853029439,0.833913515219603,6.016600637968796,3.258301524307797,0.17634474182863732,0.28210335530020925
M3B,2011-07-01,0.7566913157760625,0.6786086686036188,0.8347739629485063,5.9281042900388,3.2203013098114157,0.17467048803068586,0.28210335530020836
M3B,2011-08-01,0.7564251893619112,0.6796918009758423,0.8331585777479801,5.91485599467021,3.2119744485466897,0.17486153929047107,0.28210335530020825
M3B,2011-09-01,0.753996970977173,0.6782463038031441,0.8297476381512019,5.960137151496722,3.2261739366404223,0.17660474912147295,0.28210335530020825
M3B,2011-10-01,0.7543252807224445,0.6788819309601783,0.8297686304847107,5.9348061988654015,3.2138612863734646,0.17636905665692035,0.28210335530020797
M3B,2011-11-01,0.7576424601190677,0.6820079893471086,0.8332769308910267,5.830587346797917,3.1713088166069396,0.17398766469821722,0.2821033553002086
M3B,2011-12-01,0.759548499066734,0.6834524450804726,0.8356445530529955,5.766460690119582,3.144320225035683,0.1726193257330204,0.28210335530020836
M3B,2012-01-01,0.7580340319356191,0.6814485295170905,0.8346195343541478,5.804526179206136,3.1587656128109667,0.173706556604956,0.28210335530020836
M3B,2012-02-01,0.7581366182593918,0.6808607032068374,0.8354125333119462,5.795134556753766,3.154081575629233,0.1736329102273275,0.28210335530020836
M3B,2012-03-01,0.761904769759791,0.683982745916133,0.8398267936034491,5.667555675073205,3.099976567414626,0.17092776690847045,0.28210335530020814
M3B,2012-04-01,0.7631889914662012,0.6845016105320314,0.841876372400371,5.623584144068795,3.0811101069185645,0.170005828454388,0.28210335530020797
M3B,2012-05-01,0.7657835837419589,0.6864492374254451,0.8451179300584727,5.5317901843234045,3.041120823335357,0.1681431793652577,0.28210335530020747
M3B,2012-06-01,0.7680155893358218,0.6880799715624117,0.8479512071092319,5.454480619786855,3.0073596056769643,0.1665408300384723,0.28210335530020747
M3B,2012-07-01,0.7699604055900033,0.6895012964554678,0.8504195147245389,5.389395998893329,2.978999372581711,0.16514465297503775,0.2821033553002076
M3B,2012-08-01,0.7712477020824163,0.6903925727576375,0.8521028314071951,5.354279909459464,2.9645370196706575,0.16422050714240058,0.2821033553002077
M3B,2012-09-01,0.7709919051696105,0.6899690036474653,0.8520148066917557,5.401423383562478,2.989647341913639,0.1644041428878285,0.2821033553002077
M3B,2012-10-01,0.7732117611340524,0.6923238858752488,0.854099636392856,5.31044681903841,2.947755367830915,0.1628105157392387,0.282103355300208
M3B,2012-11-01,0.7742347366598925,0.6935216402984051,0.8549478330213799,5.276212356396229,2.9326270937589776,0.16207612504162813,0.28210335530020797
M3B,2012-12-01,0.7752686033332093,0.694800765026076,0.8557364416403427,5.24156616476682,2.9172603692845875,0.16133391562578703,0.2821033553002079
M3B,2013-01-01,0.7772547623754704,0.697215872585059,0.8572936521658818,5.160383742675387,2.8794352277220496,0.15990805871350766,0.28210335530020786
M3B,2013-02-01,0.7792975813340327,0.6997791186754222,0.8588160439926432,5.077092758620436,2.840405532749251,0.15844152583742668,0.28210335530020786
M3B,2013-03-01,0.7797419810483764,0.7007157096936222,0.8587682524031307,5.058732659056623,2.831747784044783,0.15812249277359378,0.28210335530020786
M3B,2013-04-01,0.7790592499451151,0.7004451960350949,0.8576733038551353,5.083047678842611,2.8428673475938213,0.15861262314185728,0.28210335530020786
M3B,2013-05-01,0.77911588802274645,0.7008428159597808,0.8573889600857121,5.080218827372828,2.8414917793173355,0.15857196285596345,0.28210335530020786
M3B,2013-06-01,0.7786945842656978,0.7007899130954269,0.8565992554359687,5.095690017149124,2.848603993158745,0.15887441540954814,0.28210335530020786
M3B,2013-07-01,0.7810433119668574,0.7035788523806997,0.858507771553015,5.008193501289868,2.808136029908729,0.15718827167357216,0.282103355300208
M3B,2013-08-01,0.7812506665499535,0.7039535896856975,0.8585477434142094,4.993172498429446,2.800456907294834,0.1570394125141044,0.2821033553002079
M3B,2013-09-01,0.781345357361889,0.7040566614060443,0.8586340533177338,4.981985200634545,2.794521096884886,0.15697143429793195,0.28210335530020797
M3B,2013-10-01,0.7818174746020117,0.7045223774203201,0.8591125717837033,4.957242276332978,2.782322331843618,0.15663250291534295,0.28210335530020797
M3B,2013-11-01,0.7812934964358401,0.7040221832635237,0.8585648096081565,4.969757255688539,2.7874771063303623,0.15700866508273348,0.28210335530020797
M3B,2013-12-01,0.7802001533280605,0.7030121873897459,0.857388119266375,5.003890636697699,2.8026945189098513,0.1577935724313141,0.282103355300208
M3B,2014-01-01,0.7822077906917987,0.7049699158971282,0.8594456654864692,4.930667843914552,2.7687886615665267,0.15635229630411254,0.282103355300208
M3B,2014-02-01,0.7843994695949389,0.7069487625755804,0.8618501766142974,4.851219822230251,2.7318079780799787,0.15477889737328887,0.28210335530020797
M3B,2014-03-01,0.7858688297759358,0.708097922497412,0.8636397370544595,4.799283068110722,2.707623987812243,0.15372404862949568,0.282103355300208
M3B,2014-04-01,0.7871546608364418,0.709169328683366,0.8651399929895176,4.755452958020574,2.6872859699773426,0.15280095482550762,0.282103355300208
M3B,2014-05-01,0.789725863634482,0.7116879957544342,0.8677637315145299,4.652931461154352,2.6379401640956326,0.15095509696395187,0.28210335530020786
M3B,2014-06-01,0.7911970651498954,0.7131708282698892,0.8692233020299016,4.600840565809558,2.613266943952157,0.1498989263323594,0.2821033553002078
M3B,2014-07-01,0.7930375918504844,0.7151270551460278,0.870948128554941,4.532048216805097,2.580181277982655,0.14857761838952613,0.2821033553002079
M3B,2014-08-01,0.7957322813996698,0.718057710021907,0.8734068527774326,4.423745321421867,2.5270801523424753,0.14664310980365838,0.2821033553002078
M3B,2014-09-01,0.7969689200746598,0.7195058849461823,0.8744319552031373,4.378882970617203,2.505339855135613,0.14575533104817703,0.2821033553002079
M3B,2014-10-01,0.7977563252032781,0.7204035036746322,0.875109146731924,4.352149465788268,2.4925046760289895,0.14519005554832254,0.2821033553002079
M3B,2014-11-01,0.798624069566755,0.7213647657113734,0.8758833734221366,4.322054532143185,2.4779615364161764,0.14456710478132534,0.28210335530020797
M3B,2014-12-01,0.7993403313672895,0.7220391579245603,0.8766415048100188,4.298157390019097,2.466470719799494,0.144052902837995,0.28210335530020797
M3B,2015-01-01,0.8006250818601267,0.723213817351851,0.8780363463684024,4.249805396562426,2.4426439032509326,0.14313058476991072,0.28210335530020797
M3B,2015-02-01,0.8009391594811452,0.7234089929077607,0.8784693260545298,4.248672242406935,2.4429505752239797,0.14290510949960628,0.28210335530020797
M3B,2015-03-01,0.8021837850568355,0.7246964003639801,0.879671169749691,4.191528834035747,2.4138387826288925,0.14201159697491067,0.2821033553002079
M3B,2015-04-01,0.8044237110313707,0.7270724050361776,0.8817750170265637,4.077640042258367,2.3548089196386934,0.140403561633416,0.2821033553002078
M3B,2015-05-01,0.8064893211479279,0.729324545572772,0.8836540967230838,3.974327999318148,2.3010404388605354,0.13892066706148154,0.28210335530020786
M3B,2015-06-01,0.8076822058189272,0.7307027256502916,0.8846616859875629,3.918515409145472,2.2720819807238986,0.13806429915865728,0.28210335530020786
M3B,2015-07-01,0.8090751055484338,0.7323078022606389,0.8858424088362287,3.8520077889300532,2.237370557465252,0.13706434111644136,0.28210335530020786
M3B,2015-08-01,0.8102731443213121,0.7337573799036157,0.8867889087390086,3.7969194248194325,2.2086390649920853,0.13620427310117172,0.2821033553002079
M3B,2015-09-01,0.810442974499159,0.7342136441231887,0.8866723048751294,3.802611113744093,2.212413493325816,0.13608235258632662,0.28210335530020786
M3B,2015-10-01,0.810561630472977,0.7347546607376078,0.8863686002083463,3.811831764101519,2.2181029017050755,0.1359971698608491,0.28210335530020786
M3B,2015-11-01,0.810098245363299,0.7348587587646174,0.8853377319619806,3.862840069010259,2.2464995850635066,0.13632983247629085,0.2821033553002078
M3B,2015-12-01,0.8091571611258604,0.734620574629326,0.8836937476223949,3.943264706210215,2.2906078105118675,0.13700543369272783,0.2821033553002079
M3B,2016-01-01,0.8085454516768673,0.7348692655369089,0.8822216378168257,4.0056561058043325,2.325091365688829,0.13744457785369116,0.2821033553002079
M3B,2016-02-01,0.8080784069545826,0.7353498864288579,0.8808069274803072,4.0614559980437415,2.3561187635410783,0.13777986769274417,0.2821033553002079
M3B,2016-03-01,0.808129311366005,0.7360379797368433,0.8802206429951667,4.09973160123678,2.3784729041302897,0.13774332358658356,0.28210335530020786
M3B,2016-04-01,0.8070526461467628,0.7353897119530933,0.8787155803404322,4.177212583706266,2.4201950423467338,0.13851625793494257,0.28210335530020775
M3B,2016-05-01,0.806442833939786,0.7351367918712142,0.8777488760083578,4.238553723385837,2.4538793324708568,0.1389540400722281,0.28210335530020775
M3B,2016-06-01,0.8054669272654723,0.7345360905420975,0.8763977639888472,4.313295590802527,2.494128688428969,0.13965464019925805,0.2821033553002078
M3B,2016-07-01,0.8054921941623482,0.7349356734751576,0.8760487148495387,4.353639331040995,2.517536104406538,0.13963650117876888,0.2821033553002077
M3B,2016-08-01,0.8058353014739128,0.7356289024331488,0.8760417005146768,4.383151116756713,2.535681232293567,0.13939018559102467,0.2821033553002077
M3B,2016-09-01,0.806424019808476,0.7364984188301391,0.8763496207868129,4.4045586454649275,2.549927163820854,0.13896754667396857,0.2821033553002077
M3B,2016-10-01,0.8065905845195985,0.7368281057574304,0.8763530632817667,4.439532354802886,2.570705324440986,0.13884797042672828,0.2821033553002077
M3B,2016-11-01,0.8065656064031814,0.7369516285670027,0.8761795842393602,4.480874921443325,2.594564333113612,0.1388659021326951,0.2821033553002077
M3B,2016-12-01,0.8074533466195885,0.73790032997306,0.8770063632661169,4.492846668202198,2.6043596594221925,0.13822859640997137,0.28210335530020775
M3B,2017-01-01,0.8094040874070167,0.7398196544917842,0.8789885203222493,4.4701444043452305,2.597460007957583,0.13682816614399754,0.2821033553002077
M3B,2017-02-01,0.8105768877524344,0.7409704831573537,0.8801832923475151,4.475000086070065,2.60404921533438,0.13598621671111943,0.28210335530020775
M3B,2017-03-01,0.8124775115844618,0.7430362655228238,0.8819187576460998,4.451932768932068,2.596700549165199,0.13462176523927055,0.2821033553002077
M3B,2017-04-01,0.8135124514369789,0.7443171905202998,0.8827077123536581,4.46114023612982,2.6053855707778135,0.1338787853916824,0.2821033553002077
M3B,2017-05-01,0.8158567774043151,0.747046961813472,0.8846665929951582,4.422157596314593,2.5900614322797395,0.13219580164564923,0.2821033553002077
M3B,2017-06-01,0.816271632962094,0.7478602697234086,0.8846829962007795,4.452805229732456,2.6093379266609826,0.13189797823268457,0.2821033553002077
M3B,2017-07-01,0.8163358807019407,0.7485010097929354,0.884170751610946,4.496512534619646,2.63515774275245,0.13185185499581908,0.2821033553002077
M3B,2017-08-01,0.8170021707164066,0.7498261962600976,0.8841781451727155,4.519600007889465,2.6508498845358193,0.13137352763003715,0.2821033553002076
M3B,2017-09-01,0.8167126978889732,0.7498573151920784,0.8835680805858679,4.570870249792266,2.6799711868996274,0.1315813392015833,0.28210335530020764
M3B,2017-10-01,0.8181114577846169,0.7515699619284982,0.8846529536407356,4.567971817955924,2.6828587895362546,0.13057717416576003,0.28210335530020764
M3B,2017-11-01,0.8189615026832875,0.7527846604054664,0.8851383449611085,4.583842109175364,2.6949769844611566,0.1299669297851603,0.28210335530020764
M3B,2017-12-01,0.8207573309885321,0.7551350375958876,0.8863796243811766,4.5663483760615176,2.690578922549959,0.12867771067036826,0.28210335530020764
M3B,2018-01-01,0.8221713233292841,0.7570766282998421,0.8872660183587261,4.561160596093976,2.692152220117195,0.12766261031331116,0.28210335530020764
M3B,2018-02-01,0.8236581361816282,0.7585942411810686,0.8887220311821878,4.55399757848185,2.6927851999696393,0.1265952323553168,0.28210335530020764
M3B,2018-03-01,0.8245942420447043,0.759470238205885,0.8897182458835237,4.564383612196202,2.7019938665778067,0.12592320509713065,0.28210335530020764
M3B,2018-04-01,0.8264463873031698,0.7613871633898134,0.8915056112165262,4.542388227413816,2.6950129643508,0.12459355623058173,0.2821033553002076
M3B,2018-05-01,0.8278447090001821,0.7628739794851,0.8928154385152642,4.536497697205652,2.696072059860736,0.12358970577608563,0.2821033553002076
M3B,2018-06-01,0.829570584452444,0.7647806691728262,0.8943604997320619,4.518547295128708,2.6910024923358122,0.12235070557973704,0.2821033553002076
M3B,2018-07-01,0.8310874739584787,0.7664436906536154,0.895731257263342,4.508084539688697,2.6896806091322083,0.12126173569297445,0.2821033553002076
M3B,2018-08-01,0.8323052802446949,0.7678332671950374,0.8967772932943523,4.508962847633799,2.6941466398742033,0.12038747664620555,0.2821033553002076
M3B,2018-09-01,0.8340074600870323,0.7700162065404068,0.8979987136336578,4.4844852971325215,2.685001071627592,0.11916548744871588,0.2821033553002076
M3B,2018-10-01,0.8357987163510313,0.772437441014161,0.8991599916879016,4.456391489219331,2.6739110715903913,0.11787955058699352,0.2821033553002076
M3B,2018-11-01,0.836586414104916,0.7735692595823785,0.8996035686274534,4.460665788382558,2.678998166309905,0.11731406501244217,0.2821033553002076
M3B,2018-12-01,0.8379291494134851,0.7751004979226842,0.9007578009042859,4.446381404363043,2.674705281997124,0.11635011983970042,0.2821033553002076
M3B,2019-01-01,0.8397679506726087,0.7773106937810514,0.9022252075641659,4.410365402946751,2.6588619692739917,0.11503005058550587,0.2821033553002075
M3B,2019-02-01,0.8411849622049079,0.7794035976715026,0.9029663267383132,4.3988771097590496,2.6564108972355926,0.11401278276096731,0.2821033553002075
M3B,2019-03-01,0.842419169906715,0.7812913059585304,0.9035470338548995,4.393786822799823,2.6572299977038703,0.11312674919297744,0.2821033553002075
M3B,2019-04-01,0.843556635591439,0.782953703127331,0.904159568055547,4.391841822304086,2.659640022443236,0.11231016639445292,0.2821033553002075
M3B,2019-05-01,0.8442287563665782,0.7841449906074273,0.9043125221257292,4.405826540688599,2.6702348484798297,0.11182765314514745,0.2821033553002075
M3B,2019-06-01,0.844665660958398,0.78490370644535,0.904427615471446,4.427009374794775,2.6844616492367437,0.11151400080462608,0.2821033553002075
M3B,2019-07-01,0.8444668351737286,0.7848797467129879,0.9040539236344692,4.468460080277773,2.7089588258756736,0.11165673716832006,0.2821033553002075
M3B,2019-08-01,0.8454838250178078,0.785818321564363,0.9051493284712526,4.4728374323826525,2.714878141379691,0.11092664357156176,0.28210335530020747
M3B,2019-09-01,0.8467900794093577,0.786802229536645,0.9067779292820703,4.4676885535878625,2.715942526572224,0.1099888879267438,0.28210335530020747
M3B,2019-10-01,0.8481881196877732,0.78796953547742,0.9084067038981264,4.458399593830698,2.7147703616139927,0.10898523950171417,0.28210335530020747
M3B,2019-11-01,0.8498949075840764,0.7896771750518082,0.9101126401163445,4.426905667214523,2.7010176260819008,0.10775994219774383,0.2821033553002074
M3B,2019-12-01,0.8521493639063068,0.7921066992301685,0.9121920285824451,4.362454360121858,2.6687540049043617,0.10614147556839237,0.2821033553002075
M3B,2020-01-01,0.8539449412920757,0.7940470514647662,0.9138428311193851,4.319454461614351,2.648016539895966,0.10485243658785015,0.2821033553002075
M3B,2020-02-01,0.8553802524423283,0.79542840999531,0.9153320948893466,4.291055010262892,2.6350279455218466,0.10382203152898349,0.2821033553002076
M3B,2020-03-01,0.8563497161449876,0.7964671042234239,0.9162323280665512,4.296292985619131,2.6412345646031383,0.10312605678968619,0.28210335530020764
M3B,2020-04-01,0.8576575477984566,0.7980195554342816,0.9172955401626316,4.267316249750637,2.627427051488275,0.10218716883382861,0.2821033553002076
M3B,2020-05-01,0.8590947686356335,0.7998261239769553,0.9183634132943117,4.229095972236168,2.608257944248874,0.10115539281712667,0.2821033553002075
M3B,2020-06-01,0.8606903918484085,0.8019205813686153,0.9194602023282016,4.180230567334581,2.582909056231023,0.10000990026647044,0.2821033553002075
M3B,2020-07-01,0.861884970298712,0.80376930362992,0.920000636967504,4.1598790683295785,2.5739015799204585,0.09915231640516683,0.28210335530020747
M3B,2020-08-01,0.8632033869121383,0.8059068251867333,0.9204999486375433,4.132857340185378,2.5610937340700475,0.09820582954207163,0.28210335530020747
M3B,2020-09-01,0.8643811182185248,0.8080563964617878,0.9207058399752618,4.112360056513549,2.551868712287292,0.09736034018885885,0.28210335530020747
M3B,2020-10-01,0.8649171228166644,0.8094820012611894,0.9203522443721395,4.113045821919139,2.553876937797105,0.09697554428631076,0.28210335530020747
M3B,2020-11-01,0.8653380462836529,0.8105828164102974,0.9200932761570083,4.117011637840396,2.5575834732849136,0.09667336474168439,0.2821033553002074
M3B,2020-12-01,0.8660341177258291,0.811717914426778,0.9203503210248801,4.113585808406855,2.5575108573625065,0.0961736573888747,0.2821033553002074
M3B,2021-01-01,0.8664295308871084,0.8123219700081927,0.920537091766024,4.118084880569369,2.5614770173314585,0.09588979160712216,0.28210335530020747
M3B,2021-02-01,0.865796214582487,0.8119742654779591,0.9196181636870149,4.152663472615114,2.5810971066433304,0.09634444725724353,0.2821033553002075
M3B,2021-03-01,0.8666670425597661,0.8131821063137471,0.9201519788057851,4.146186765899016,2.5796635440576714,0.09571928277424414,0.2821033553002075
M3B,2021-04-01,0.8669012274938812,0.813394794998899,0.9204076599888634,4.1552681939746074,2.5860123891126054,0.09555116219580363,0.28210335530020747
M3B,2021-05-01,0.8673912600168122,0.8135931576288327,0.9211893624047918,4.157956261597005,2.589148034530475,0.09519936949179776,0.2821033553002074
M3B,2021-06-01,0.8688011676841457,0.8146572238526724,0.9229451115156191,4.135433709525396,2.5793090563243126,0.09418720150808249,0.28210335530020747
M3B,2021-07-01,0.8693702829086787,0.8146865435746091,0.9240540222427482,4.136073685521273,2.581398074106087,0.09377863559794272,0.28210335530020747
M3B,2021-08-01,0.869770244312781,0.8147267135489912,0.9248137750765709,4.14259902221158,2.586660122642738,0.0934915046479282,0.28210335530020747
M3B,2021-09-01,0.8704326496031408,0.8151680357168396,0.925697263489442,4.139803459147225,2.5868831947697424,0.09301596611254752,0.2821033553002075
M3B,2021-10-01,0.8718901310408029,0.8165409708033616,0.9272392912782442,4.107503333074355,2.5709972372047134,0.0919696450787377,0.2821033553002075
M3B,2021-11-01,0.871836706585897,0.8164182618522359,0.927255151319558,4.130617610787954,2.5853066651465344,0.09200799831565958,0.28210335530020747
M3B,2021-12-01,0.8725321326597512,0.8172685110525827,0.9277957542669196,4.120546761337421,2.5810605932489765,0.09150875427060294,0.28210335530020747
M3B,2022-01-01,0.8733650338024453,0.818451634511866,0.9282784330930247,4.104280279291071,2.5733255666487405,0.09091081733489616,0.28210335530020747
M3B,2022-02-01,0.8748413335128701,0.8204649040633465,0.9292177629623937,4.060563424828557,2.550219227889911,0.08985098672621095,0.28210335530020747
M3B,2022-03-01,0.8760742208604608,0.8224728765740125,0.9296755651469092,4.028000668639608,2.5333334560054293,0.08896590103608275,0.2821033553002074
M3B,2022-04-01,0.8766779005080598,0.8241492967151289,0.9292065043009907,4.023003324255837,2.531933960031055,0.08853252144259784,0.28210335530020747
M3B,2022-05-01,0.8770020902575967,0.8257361649487519,0.9282680155664415,4.027101294126124,2.5354503215918207,0.08829978670915929,0.28210335530020747
M3B,2022-06-01,0.8769064963456582,0.8271555150469436,0.9266574776443728,4.043712146769343,2.545630956216233,0.08836841325779364,0.2821033553002074
M3B,2022-07-01,0.8764436540825051,0.828332526428088,0.9245547817369223,4.069383618819329,2.5604397266866274,0.08870068616553649,0.2821033553002074
M3B,2022-08-01,0.8776058682381821,0.8308645007570722,0.924347235719292,4.062442373114125,2.5594618202845543,0.08786633652275339,0.2821033553002074
M3B,2022-09-01,0.8784920371820463,0.8326943006327748,0.9242897737313177,4.060633945953388,2.5609057411738805,0.08723015881131611,0.2821033553002074
M3B,2022-10-01,0.8792308251747342,0.8340031760348985,0.9244584743145698,4.061440256899777,2.563568334428599,0.086699785390221,0.2821033553002074
M3B,2022-11-01,0.8803907307257466,0.8355306272950531,0.92525083415644,4.0548902479210565,2.5628104652327095,0.08586709308698051,0.2821033553002074
M3B,2022-12-01,0.8832562388617361,0.8383224374789214,0.9281900402445508,4.020201073186509,2.5491559927931147,0.0838099544107937,0.28210335530020747
M3B,2023-01-01,0.8868310950682429,0.841743038345772,0.9319191517907137,3.973636571927153,2.5298279129056316,0.08124357713485826,0.28210335530020747
M3B,2023-02-01,0.8906075001350642,0.8452665540456045,0.9359484462245239,3.924054928195939,2.5088999891413253,0.07853250860835992,0.28210335530020747
M3B,2023-03-01,0.8927518305412602,0.8467133502757664,0.9387903108067539,3.90125075862886,2.5003254360487004,0.0769931010046241,0.28210335530020747
M3B,2023-04-01,0.8928730291485234,0.8453512929875397,0.940394765309507,3.9106803658418325,2.506709165491841,0.07690609293112753,0.28210335530020747
M3B,2023-05-01,0.8923545214670375,0.8430456463864391,0.941663396547636,3.9313264063101294,2.5184797053742756,0.07727832785591733,0.28210335530020747
M3B,2023-06-01,0.8901538799925353,0.8385408200683204,0.9417669399167501,3.982669471067244,2.545079059921436,0.07885816098664968,0.2821033553002074
M3B,2023-07-01,0.8875049913243173,0.83365301969727,0.9413569629513645,4.044194578504165,2.5767054164792067,0.08075978927374673,0.28210335530020736
M3B,2023-08-01,0.8852456480514623,0.8295698697808607,0.940921426322064,4.095162038654606,2.602536413505935,0.0823817642285543,0.28210335530020736
M3B,2023-09-01,0.8830470065082291,0.8258916199571787,0.9402023930592794,4.1445549592517015,2.6273845948182544,0.083960161615339,0.2821033553002074
M3B,2023-10-01,0.8805854157519827,0.8221896015713145,0.9389812299326509,4.2022718321388854,2.656547306995471,0.08572732935987236,0.28210335530020747
M3B,2023-11-01,0.8789846343072095,0.8194434327449951,0.938525835869424,4.234806671402537,2.6722482127448424,0.08687652498797264,0.28210335530020747
M3B,2023-12-01,0.8784567531918721,0.8176438145585817,0.9392696918251625,4.237191880251995,2.6721475839895215,0.0872554890694738,0.2821033553002074
M3B,2024-01-01,0.8781285321120514,0.8160830722760443,0.9401739919480586,4.233213788902432,2.6686413687279344,0.0874911178813968,0.2821033553002074
M3B,2024-02-01,0.8781130669711178,0.8148405580203443,0.9413855759218913,4.219021056258301,2.65964735048386,0.08750222025418286,0.2821033553002074
M3B,2024-03-01,0.8786843393362571,0.8142416159947294,0.9431270626777848,4.184161160620856,2.6393878518587437,0.08709210574003959,0.28210335530020747
M3B,2024-04-01,0.8792943985830908,0.8138247266846411,0.9447640704815404,4.147797865954493,2.618266287954611,0.08665414625366964,0.28210335530020747
M3B,2024-05-01,0.8795966107988548,0.8132182159047617,0.9459750056929478,4.123960010529415,2.604113543090048,0.08643718911798538,0.28210335530020747
M3B,2024-06-01,0.8796362742950373,0.8124093210789066,0.946863227511168,4.110437904031517,2.5956919228868705,0.08640871482715888,0.28210335530020747
M3B,2024-07-01,0.8794766496998614,0.8112910639801625,0.9476622354195603,4.104002476247865,2.5911577340170355,0.08652330878844727,0.28210335530020747
M3B,2024-08-01,0.8795484031450883,0.8103025479176664,0.9487942583725102,4.0890623918045605,2.581935597036089,0.08647179723087317,0.28210335530020747
M3B,2024-09-01,0.8793373265184636,0.8087707163973584,0.9499039366395688,4.0841284645997,2.5782013199078584,0.08662332843290156,0.28210335530020747
M3B,2024-10-01,0.8790753460141593,0.8071061369087441,0.9510445551195744,4.081355431655122,2.575683177588041,0.08681140335791848,0.2821033553002075
M3B,2024-11-01,0.8791601939669588,0.8058809754204814,0.9524394125134361,4.057870066766346,2.561109083646719,0.08675049129729406,0.28210335530020747
M3B,2024-12-01,0.8789658953118947,0.8045194027348437,0.9534123878889458,4.063641603547773,2.5641849443402287,0.08688997764983418,0.28210335530020747
M3B,2025-01-01,0.8794742244624227,0.8039600106353875,0.954988438289458,4.0169944243375735,2.536216176163529,0.08652504985826702,0.28210335530020747
M3B,2025-02-01,0.8798530925352916,0.803327373340875,0.9563788117297083,3.97982809173248,2.5138328754260546,0.08625306173997056,0.28210335530020747
M3B,2025-03-01,0.8803497343628542,0.8027586950220262,0.9579407737036822,3.935925264254429,2.4875052411360508,0.0858965242383458,0.28210335530020747
M3B,2025-04-01,0.8808448116838903,0.8022074356185318,0.9594821877492488,3.8921802318625547,2.461241712092796,0.0855411098907071,0.28210335530020747
M3B,2025-05-01,0.8812695047558065,0.8016297031776798,0.9609093063339331,3.8539889713204056,2.4382662833537907,0.0852362241593512,0.28210335530020747
M3B,2025-06-01,0.8815907017470577,0.800998481288407,0.9621829222057083,3.824441656742062,2.420454730517365,0.08500563791704431,0.2821033553002074
M3B,2025-07-01,0.8817901644553932,0.8002501001070381,0.9633302288037482,3.8037855717833176,2.4079263578957373,0.08486244430798755,0.28210335530020747
M3B,2025-08-01,0.8819328973379211,0.7994180624276452,0.964447732248197,3.7870535649606096,2.397722475085822,0.0847599768505324,0.28210335530020747
M3B,2025-09-01,0.8820625140335909,0.7986388111591848,0.9654862169079971,3.7716815007974205,2.388340817813326,0.08466692545961395,0.28210335530020747
M3B,2025-10-01,0.8820691012780288,0.7977984885494767,0.966339714006581,3.769017334649986,2.3866716121665537,0.08466219649893415,0.28210335530020747
M3B,2025-11-01,0.8817604819995193,0.7966654286509093,0.9668555353481293,3.792544326466399,2.4007294500727827,0.0848837532434658,0.28210335530020747
M3B,2025-12-01,0.8810478891406565,0.7951882146600935,0.9669075636212194,3.8550158844301614,2.43830264876083,0.08539532126588048,0.28210335530020747
M3B,2026-01-01,0.8810463394635578,0.7944326318869841,0.9676600470401315,3.866766430334404,2.445730582787787,0.08539643377386998,0.2821033553002075
M3B,2026-02-01,0.8810579534414391,0.7937086185221371,0.9684072883607411,3.877533955413567,2.4525733741372466,0.0853880961381174,0.2821033553002075
M3B,2026-03-01,0.8811834503975885,0.7932149328073317,0.9691519679878453,3.8740446924508096,2.450715413062285,0.08529800229437766,0.2821033553002075
M3B,2026-04-01,0.8813247555747126,0.7928292612990624,0.9698202498503627,3.869312290010473,2.4481142144636974,0.08519655978184157,0.2821033553002075
M3B,2026-05-01,0.88162043112503,0.792514483569051,0.970726378681009,3.856749064158794,2.4409841112562747,0.08498429529634897,0.2821033553002075
M3B,2026-06-01,0.8817656603907008,0.7916934319563791,0.9718378888250225,3.850230259125608,2.437259702523911,0.0848800356938117,0.2821033553002075
M3A,2010-05-01,0.7527089504926776,0.6554517274537673,0.8499661735315879,6.091738506024315,3.2917763148152663,0.17752943910762642,0.2821032566228414
M3A,2010-06-01,0.7534944486659838,0.6573027126998505,0.8496861846321171,6.056986543570968,3.2764130651165093,0.1769655325270834,0.28210325662283253
M3A,2010-07-01,0.7538852146417178,0.658926268102638,0.8488441611807975,6.040700661286899,3.2692981185614256,0.176685002905632,0.28210325662303326
M3A,2010-08-01,0.7508494304601431,0.657050905101923,0.8446479558183632,6.1664803228118155,3.3239324468114617,0.17886438248324038,0.2821032566227899
M3A,2010-09-01,0.7483774677260403,0.6557902578543263,0.8409646775977543,6.269857572025777,3.3685295525138685,0.18063899647978382,0.2821032566228645
M3A,2010-10-01,0.7459016488918366,0.6546038266397393,0.837199471143934,6.3740817878623215,3.4131956398766223,0.1824163787580631,0.28210325662281477
M3A,2010-11-01,0.7448612269703117,0.6551763142475534,0.8345461396930699,6.414152762247598,3.4298620296745774,0.18316329426726366,0.28210325662281655
M3A,2010-12-01,0.7465825546774609,0.6585961711877573,0.8345689381671646,6.346661361622843,3.4016149153348407,0.18192755871201235,0.2821032566228321
M3A,2011-01-01,0.7492453745583434,0.6626712521612828,0.835819496955404,6.247136275496993,3.3602147474436506,0.1800159289913267,0.28210325662283253
M3A,2011-02-01,0.7494034987827469,0.6639377696179785,0.8348692279475154,6.232216946030261,3.3528973880943718,0.17990241212557828,0.28210325662283264
M3A,2011-03-01,0.7488203841151475,0.664612479727476,0.8330282885028191,6.244097410240469,3.356675130655798,0.1803210282464635,0.2821032566228324
M3A,2011-04-01,0.7502466850152661,0.6673941343179128,0.8330992357126195,6.1870201403412715,3.3323268938983235,0.17929709147519263,0.2821032566228314
M3A,2011-05-01,0.7540336958821067,0.6728615427690886,0.8352058489951247,6.046867254226392,3.2732801120308928,0.17657840870675381,0.28210325662283164
M3A,2011-06-01,0.7543591620355552,0.6748047942657868,0.8339135298053236,6.01660062157873,3.2583020141531756,0.17634475761511365,0.2821032566228314
M3A,2011-07-01,0.7566913284846521,0.6786086790083203,0.834773977960984,5.928104254007123,3.220301786964404,0.17467050291629319,0.28210325662283275
M3A,2011-08-01,0.7564252014213793,0.6796918112784863,0.8331585915642722,5.914855969611092,3.211974927643287,0.17486155466834138,0.28210325662283225
M3A,2011-09-01,0.7539969805885778,0.6782463120463879,0.8297476491307677,5.960137174760128,3.2261744338064013,0.17660476649641016,0.28210325662283253
M3A,2011-10-01,0.7543252893931516,0.6788819382140461,0.8297686405722571,5.934806245250986,3.21386179019111,0.17636907467478463,0.28210325662283225
M3A,2011-11-01,0.7576424701963735,0.6820079977065371,0.83327694268621,5.8305873691273105,3.171309306840644,0.17398768137895834,0.2821032566228321
M3A,2011-12-01,0.7595485099978749,0.6834524539462592,0.8356445660494907,5.766460696517479,3.1443207059738962,0.17261934161271308,0.28210325662283264
M3A,2012-01-01,0.7580340412914915,0.6814485365738365,0.8346195460091466,5.804526221625519,3.158766109064823,0.1737065737649723,0.282103256622833
M3A,2012-02-01,0.7581366267059918,0.6808607089634231,0.8354125444485605,5.795134625164309,3.1540820815424917,0.17363292802998462,0.2821032566228328
M3A,2012-03-01,0.7619047800026366,0.6839827531271495,0.8398268068781237,5.667555706261871,3.099977052251621,0.17092778304977732,0.282103256622833
M3A,2012-04-01,0.7631890019177525,0.6845016175481781,0.841876386287327,5.62358417415684,3.081110589107271,0.170005844319142,0.28210325662283314
M3A,2012-05-01,0.7657835952963608,0.6864492452095502,0.8451179453831713,5.531790191022679,3.0411212909163385,0.16814319418225115,0.2821032566228331
M3A,2012-06-01,0.7680156018452079,0.6880799799725386,0.8479512237178772,5.454480606064211,3.00736006046655,0.1665408439496373,0.2821032566228331
M3A,2012-07-01,0.7699604189234504,0.6895013053734934,0.8504195324734073,5.389395967725032,2.978999816414633,0.16514466610270284,0.28210325662283287
M3A,2012-08-01,0.7712477158280967,0.6903925818224367,0.8521028498337567,5.354279872695407,2.9645374596370537,0.16422051984709762,0.2821032566228329
M3A,2012-09-01,0.7709919181579101,0.689969011844231,0.8520148244715893,5.401423383916036,2.9896478034109544,0.1644041561614881,0.282103256622833
M3A,2012-10-01,0.7732117750424657,0.6923238950602683,0.8540996550246632,5.3104467959946655,2.9477558132425865,0.16281052813330213,0.2821032566228332
M3A,2012-11-01,0.7742347507088251,0.6935216496774942,0.854947851740156,5.276212333611,2.9326275374084108,0.16207613723386866,0.2821032566228333
M3A,2012-12-01,0.7752686174309131,0.6948007745034651,0.8557364603583612,5.241566146597832,2.9172608132082187,0.16133392768099566,0.2821032566228333
M3A,2013-01-01,0.7772547772330838,0.6972158829873325,0.8572936714788351,5.160383705408679,2.879435657757822,0.15990807002719065,0.2821032566228335
M3A,2013-02-01,0.7792975971176441,0.6997791302226178,0.8588160640126704,5.077092695710683,2.8404059455061716,0.15844153628475868,0.2821032566228335
M3A,2013-03-01,0.7797419966870076,0.7007157212856645,0.8587682720883507,5.058732598803781,2.831748196344311,0.1581225032811544,0.2821032566228334
M3A,2013-04-01,0.7790592645427575,0.7004452066975019,0.8576733223880132,5.0830476452928695,2.842867772860231,0.15861263446411042,0.2821032566228335
M3A,2013-05-01,0.7791159020318409,0.7008428260684471,0.8573889779952347,5.080218810162336,2.841492211356128,0.15857197459514447,0.2821032566228335
M3A,2013-06-01,0.7786945973608501,0.7007899223785214,0.8565992723431788,5.09569002457085,2.8486044367625314,0.15887442784641825,0.28210325662283353
M3A,2013-07-01,0.7810433261489442,0.7035788629029361,0.8585077893949523,5.008193482296088,2.8081364562365474,0.15718828309836935,0.2821032566228335
M3A,2013-08-01,0.7812506804584469,0.7039535999157409,0.8585477610011529,4.993172482893378,2.800457333369935,0.15703942411485214,0.2821032566228333
M3A,2013-09-01,0.7813453708466943,0.7040566710827866,0.858634070610602,4.981985192784451,2.7945215248272444,0.15697144619350023,0.2821032566228333
M3A,2013-10-01,0.7818174879774263,0.7045223868753793,0.8591125890794734,4.957242267926465,2.7823227571654283,0.15663251484285515,0.2821032566228333
M3A,2013-11-01,0.7812935089963261,0.7040221918601265,0.8585648261325257,4.969757264630563,2.7874775393071554,0.15700867764698515,0.28210325662283325
M3A,2013-12-01,0.7802001644556862,0.7030121945897395,0.8573881343216329,5.00389068163615,2.802694969293578,0.15779358613209968,0.2821032566228333
M3A,2014-01-01,0.7822078023519974,0.7049699235246748,0.85944568117932,4.930667880437786,2.7687891039292425,0.1563523094244573,0.28210325662283325
M3A,2014-02-01,0.784399482040391,0.7069487707742246,0.8618501933065574,4.851219842896295,2.731808408557307,0.1547789097136337,0.2821032566228332
M3A,2014-03-01,0.7858688424890348,0.7080979306720686,0.8636397543060009,4.799283086370062,2.707624414087518,0.1537240606327051,0.2821032566228331
M3A,2014-04-01,0.7871546736272197,0.709169336735601,0.8651400105188384,4.755452980253671,2.6872863955846618,0.15280096664606924,0.2821032566228331
M3A,2014-05-01,0.7897258774065556,0.7116880047031486,0.8677637501099627,4.6529314599543365,2.6379405720124787,0.15095510782632482,0.28210325662283314
M3A,2014-06-01,0.7911970791482769,0.713170837412931,0.8692233208836228,4.600840563795278,2.6132673482462754,0.14989893688709235,0.2821032566228332
M3A,2014-07-01,0.7930376062611956,0.7151270647322538,0.8709481477901373,4.532048209552269,2.5801816753941784,0.14857762846663067,0.2821032566228331
M3A,2014-08-01,0.7957322969013829,0.7180577208191701,0.8734068729835958,4.423745287049878,2.527080529293474,0.14664311883163125,0.2821032566228331
M3A,2014-09-01,0.7969689357121005,0.7195058959920229,0.8744319754321781,4.378882935431188,2.5053402285294952,0.14575533985668332,0.282103256622833
M3A,2014-10-01,0.7977563405836634,0.7204035144794947,0.8751091666878321,4.352149441221677,2.4925050526173034,0.14519006446366892,0.282103256622833
M3A,2014-11-01,0.7986240847544914,0.7213647763320377,0.8758833931769452,4.322054516241712,2.4779619150281076,0.14456711374934705,0.282103256622833
M3A,2014-12-01,0.7993403462451443,0.7220391681275335,0.876641524362755,4.298157386029541,2.466471102442639,0.1440529119578009,0.282103256622833
M3A,2015-01-01,0.8006250968540666,0.7232138274955167,0.8780363662126165,4.24980539198489,2.4426442821150993,0.1431305936796037,0.282103256622833
M3A,2015-02-01,0.8009391738905627,0.7234090022882567,0.8784693454928687,4.248672259725715,2.4429509649244117,0.14290511879793355,0.282103256622833
M3A,2015-03-01,0.8021837994834828,0.7246964097041353,0.8796711892628304,4.191528850929781,2.4138391675594058,0.14201160613805236,0.2821032566228329
M3A,2015-04-01,0.80442372622859,0.7270724151458107,0.8817750373113694,4.077640029838364,2.3548092806300436,0.14040357002233647,0.28210325662283287
M3A,2015-05-01,0.8064893370978617,0.729324556467087,0.8836541177286364,3.974327956460279,2.3010407758404843,0.13892067470620184,0.28210325662283275
M3A,2015-06-01,0.8076822219421814,0.7307027367318862,0.8846617071524766,3.9185153555018792,2.272082307281281,0.13806430656124077,0.2821032566228328
M3A,2015-07-01,0.809075122037362,0.7323078137097093,0.8858424303650146,3.8520077168588087,2.2373708687358116,0.1370643481190609,0.28210325662283275
M3A,2015-08-01,0.8102731611881191,0.733757391740156,0.8867889306360822,3.7969193308762064,2.2086393599065683,0.13620427971429402,0.2821032566228328
M3A,2015-09-01,0.8104429911293795,0.7342136557371628,0.8866723265215961,3.8026110187058797,2.2124137875336394,0.13608235935253526,0.28210325662283287
M3A,2015-10-01,0.8105616469024323,0.7347546722482254,0.8863686215566391,3.8118316645879307,2.2181031936433024,0.13599717675947776,0.28210325662283287
M3A,2015-11-01,0.8100982612515037,0.7348587699325554,0.8853377525704521,3.8628399786766945,2.24649988537753,0.13632983980920704,0.282103256622833
M3A,2015-12-01,0.809157176129379,0.7346205851933073,0.8836937670654507,3.9432646387886203,2.2906081286720235,0.13700544175362112,0.282103256622833
M3A,2016-01-01,0.8085454660245474,0.7348692758281135,0.8822216562209813,4.0056560534082015,2.325091696126096,0.13744458644577068,0.28210325662283287
M3A,2016-02-01,0.8080784207808596,0.7353498966448432,0.880806944916876,4.061455956214404,2.3561191034452014,0.13777987670522396,0.2821032566228328
M3A,2016-03-01,0.8081293250384365,0.7360379899526984,0.8802206601241745,4.099731561684997,2.378473248353991,0.13774333270448547,0.28210325662283275
M3A,2016-04-01,0.8070526589567861,0.7353897213196398,0.8787155965939325,4.177212561933098,2.4201954008107505,0.13851626777820683,0.2821032566228328
M3A,2016-05-01,0.8064428461963493,0.7351368006553367,0.8777488917373619,4.2385537125556505,2.4538797007898028,0.1389540503729943,0.28210325662283287
M3A,2016-06-01,0.8054669387060893,0.7345360985382038,0.8763977788739749,4.313295597487927,2.4941290705472374,0.1396546511820893,0.28210325662283275
M3A,2016-07-01,0.8054922054008207,0.7349356813103574,0.876048729491284,4.35363934207276,2.517536491955243,0.13963651230422577,0.28210325662283275
M3A,2016-08-01,0.805835312727109,0.735628910337874,0.8760417151163439,4.383151127217991,2.535681622293502,0.1393901966720546,0.2821032566228327
M3A,2016-09-01,0.8064240312128412,0.7364984269133464,0.876349635512336,4.404558652686708,2.5499275545588667,0.1389675575883815,0.28210325662283275
M3A,2016-10-01,0.806590595711499,0.7368281135899126,0.8763530778330855,4.439532367447074,2.5707057207849133,0.13884798147723273,0.28210325662283275
M3A,2016-11-01,0.8065656171345759,0.7369516359206156,0.8761795983485361,4.480874946362335,2.5945647386951305,0.13886591351626015,0.2821032566228327
M3A,2016-12-01,0.807453357388967,0.7379003372746114,0.8770063775033226,4.492846695904508,2.6043600681941292,0.13822860767866796,0.28210325662283264
M3A,2017-01-01,0.8094040989781606,0.7398196624242578,0.8789885355320634,4.470144417671493,2.5974604098638925,0.1368281766446155,0.28210325662283264
M3A,2017-02-01,0.8105768996303373,0.7409704912480797,0.8801833080125949,4.4750000963160534,2.604049617391001,0.13598622687578713,0.2821032566228327
M3A,2017-03-01,0.8124775242877222,0.7430362744344178,0.8819187741410267,4.451932762707773,2.5967009430601653,0.13462177462386818,0.28210325662283264
M3A,2017-04-01,0.8135124643584906,0.7443171997023673,0.8827077290146138,4.4611402286178725,2.6053859658928777,0.133878794517473,0.28210325662283264
M3A,2017-05-01,0.8158567914968687,0.7470469722946754,0.884666610699062,4.42215756370752,2.5900618139336045,0.13219580969942063,0.28210325662283264
M3A,2017-06-01,0.816271646963016,0.7478602802528079,0.8846830136732241,4.452805201400456,2.6093383134770907,0.1318979863113013,0.28210325662283264
M3A,2017-07-01,0.8163358942796546,0.7485010201774371,0.884170768381872,4.496512519886117,2.6351581401587705,0.13185186337191576,0.28210325662283275
M3A,2017-08-01,0.8170021842238514,0.7498262069066356,0.8841781615410672,4.5195999994347,2.6508502877717195,0.1313735359908319,0.2821032566228327
M3A,2017-09-01,0.8167127105250565,0.749857325001345,0.8835680960487678,4.570870265015772,2.6799716056609113,0.13158134821649015,0.2821032566228327
M3A,2017-10-01,0.8181114707191517,0.7515699720578303,0.8846529693804731,4.567971831528793,2.682859208692714,0.1305771828283835,0.28210325662283275
M3A,2017-11-01,0.8189615155895899,0.7527846706047905,0.8851383605743892,4.583842128003834,2.6949774084359728,0.1299669383841715,0.28210325662283275
M3A,2017-12-01,0.8207573444978539,0.7551350486745224,0.8863796403211853,4.566348385520122,2.690579342238328,0.1286777186592662,0.28210325662283275
M3A,2018-01-01,0.8221713371392068,0.7570766399685795,0.887266034309834,4.561160603162632,2.6921526395547795,0.12766261794687964,0.28210325662283275
M3A,2018-02-01,0.8236581502018188,0.7585942529291059,0.8887220474745317,4.553997586081451,2.6927856204321365,0.1265952396912199,0.28210325662283275
M3A,2018-03-01,0.8245942559358546,0.7594702496562792,0.8897182622154299,4.564383627160683,2.7019942923526905,0.12592321243329888,0.28210325662283275
M3A,2018-04-01,0.8264464017318955,0.7613871753252919,0.8915056281384992,4.542388233643792,2.695013385537491,0.12459356299806132,0.28210325662283275
M3A,2018-05-01,0.8278447236662423,0.7628739916315497,0.8928154557009349,4.536497701640477,2.6960724808443053,0.12358971223520096,0.2821032566228327
M3A,2018-06-01,0.8295705995637643,0.7647806818039151,0.8943605173236135,4.518547292938474,2.691002909937882,0.12235071154889676,0.2821032566228327
M3A,2018-07-01,0.8310874893514811,0.7664437035504169,0.8957312751525454,4.508084534988514,2.6896810258507875,0.12126174131023279,0.2821032566228327
M3A,2018-08-01,0.8323052956779309,0.7678332801063266,0.8967773112495352,4.50896284689498,2.694147059709437,0.12038748211441035,0.2821032566228327
M3A,2018-09-01,0.8340074759202896,0.770016220079073,0.8979987317615061,4.484485287756763,2.685001486050256,0.11916549246178017,0.2821032566228327
M3A,2018-10-01,0.8357987326270744,0.7724374553302334,0.8991600099239153,4.456391470375503,2.6739114798928765,0.11787955510542682,0.2821032566228327
M3A,2018-11-01,0.8365864300121837,0.7735692735846795,0.8996035864396879,4.460665778738132,2.6789985796949893,0.11731406971789009,0.28210325662283275
M3A,2018-12-01,0.837929165321633,0.7751005118075845,0.9007578188356814,4.446381395857228,2.6747056953074524,0.11635012441201892,0.28210325662283275
M3A,2019-01-01,0.8397679670563629,0.7773107081684955,0.9022252259442304,4.410365380023098,2.6588623727978793,0.11503005463494005,0.28210325662283275
M3A,2019-02-01,0.8411849788235342,0.7794036125907212,0.9029663450563471,4.398877080302542,2.656411297060755,0.11401278650196071,0.2821032566228328
M3A,2019-03-01,0.8424191865042657,0.7812913211056612,0.9035470519028702,4.3937867942374,2.657230398029029,0.11312675282731242,0.2821032566228328
M3A,2019-04-01,0.8435566521176507,0.7829537183452867,0.9041595858900148,4.391841795528215,2.6596404239101514,0.11231016996775979,0.2821032566228328
M3A,2019-05-01,0.8442287725648566,0.7841450056779098,0.9043125394518035,4.405826520730405,2.6702352546507897,0.1118276568875535,0.2821032566228328
M3A,2019-06-01,0.8446656766476001,0.7849037210621028,0.9044276322330973,4.427009365558279,2.684462062486834,0.11151400486938379,0.28210325662283275
M3A,2019-07-01,0.8444668498684663,0.7848797603272365,0.9040539394096961,4.468460092620611,2.7089592528532935,0.11165674196662005,0.28210325662283275
M3A,2019-08-01,0.8454838394803835,0.7858183347482289,0.9051493442125381,4.472837451504027,2.7148785725950195,0.1109266484361763,0.2821032566228327
M3A,2019-09-01,0.8467900938796168,0.7868022423400901,0.9067779454191435,4.467688573763363,2.7159429585637826,0.10998889265694466,0.28210325662283275
M3A,2019-10-01,0.8481881342425193,0.7879695480572408,0.9084067204277977,4.458399612579945,2.7147707927701394,0.1089852440333071,0.2821032566228327
M3A,2019-11-01,0.8498949224254133,0.7896771877998582,0.9101126570509684,4.426905675599948,2.701018049629041,0.10775994635517289,0.28210325662283275
M3A,2019-12-01,0.8521493793932314,0.7921067126297637,0.9121920461566991,4.36245434479457,2.668754410859096,0.10614147903989227,0.28210325662283275
M3A,2020-01-01,0.8539449570837787,0.7940470651189622,0.9138428490485953,4.319454433289939,2.6480169354797156,0.10485243966336764,0.28210325662283275
M3A,2020-02-01,0.85538026824567,0.7954284233807778,0.9153321131105623,4.291054977272081,2.63502833613946,0.10382203445451299,0.28210325662283275
M3A,2020-03-01,0.8563497316293498,0.7964671170925707,0.9162323461661289,4.296292963235846,2.641234961647707,0.10312605984854589,0.2821032566228327
M3A,2020-04-01,0.8576575631769343,0.7980195681190213,0.9172955582348473,4.2673162252772885,2.6274274446805785,0.10218717183964905,0.2821032566228327
M3A,2020-05-01,0.8590947839926399,0.7998261366243864,0.9183634313608935,4.229095941958086,2.6082583307139013,0.1011553956965401,0.28210325662283275
M3A,2020-06-01,0.8606904073078054,0.8019205941683925,0.9194602204472184,4.1802305255800345,2.5829094318544614,0.10000990291492608,0.28210325662283275
M3A,2020-07-01,0.861884985583455,0.8037693164077916,0.9200006547591185,4.159879027496382,2.5739019540926136,0.09915231906112812,0.28210325662283275
M3A,2020-08-01,0.8632034020782897,0.8059068380980372,0.9204999660585422,4.132857298895933,2.5610941055119754,0.09820583215307162,0.2821032566228328
M3A,2020-09-01,0.8643811331899234,0.8080564095411936,0.9207058568386531,4.112360016665077,2.551869082522348,0.09736034282345579,0.2821032566228328
M3A,2020-10-01,0.8649171371365278,0.8094820139750951,0.9203522602979606,4.113045793569224,2.553877313516118,0.09697554733575117,0.2821032566228328
M3A,2020-11-01,0.8653380598902919,0.8105828285391812,0.9200932912414026,4.117011621987359,2.55758385520096,0.0966733682616106,0.28210325662283275
M3A,2020-12-01,0.8660341309303663,0.811717926127711,0.9203503357330216,4.113585798346818,2.557511241641368,0.09617366112878198,0.28210325662283275
M3A,2021-01-01,0.8664295436375934,0.812321981102185,0.9205371061730018,4.118084875893281,2.5614774042017876,0.09588979563397376,0.28210325662283275
M3A,2021-02-01,0.8657962262087654,0.811974275444946,0.9196181769725847,4.152663486129655,2.5810975044841116,0.09634445215365338,0.28210325662283275
M3A,2021-03-01,0.8666670540628856,0.8131821162484933,0.9201519918772778,4.146186779435801,2.579663941303049,0.09571928767313836,0.28210325662283275
M3A,2021-04-01,0.8669012384536672,0.8133948042576549,0.9204076726496795,4.155268214432943,2.5860127899947276,0.09555116746164644,0.2821032566228328
M3A,2021-05-01,0.8673912705942174,0.8135931662065091,0.9211893749819257,4.157956286344222,2.5891484374012244,0.09519937498379535,0.28210325662283275
M3A,2021-06-01,0.8688011786198915,0.8146572324897833,0.9229451247499997,4.135433723823488,2.5793094522433115,0.09418720660370256,0.28210325662283275
M3A,2021-07-01,0.8693702936777598,0.8146865515994013,0.9240540357561182,4.136073698709683,2.5813984691356495,0.09377864075705204,0.2821032566228328
M3A,2021-08-01,0.8697702547998465,0.8147267209999073,0.9248137885997857,4.142599036948505,2.58666051857802,0.09349150997002847,0.28210325662283275
M3A,2021-09-01,0.8704326599390924,0.8151680428066869,0.9256972770714978,4.139803472940389,2.586883589682806,0.09301597147776755,0.2821032566228328
M3A,2021-10-01,0.8718901418072287,0.8165409781780025,0.9272393054364548,4.107503331218967,2.5709976211834715,0.09196964999110123,0.28210325662283287
M3A,2021-11-01,0.8718367166890734,0.8164182683789053,0.9272551649992414,4.130617620495217,2.5853070565410596,0.09200800370943948,0.28210325662283287
M3A,2021-12-01,0.8725321425467103,0.8172685172994735,0.9277957677939471,4.12054677070309,2.5810609831380993,0.09150875975098163,0.2821032566228328
M3A,2022-01-01,0.873365043562836,0.8184516406671787,0.9282784464584932,4.104280285739196,2.5733259531626134,0.09091082282394951,0.2821032566228328
M3A,2022-02-01,0.8748413436102604,0.8204649106615607,0.9292177765589602,4.060563415081438,2.5502196017392715,0.0898509918276559,0.28210325662283287
M3A,2022-03-01,0.8760742311914937,0.8224728836456958,0.9296755787372917,4.0280006448118195,2.5333338191089663,0.08896590584813839,0.2821032566228328
M3A,2022-04-01,0.8766779106353162,0.8241493040117276,0.9292065172589048,4.023003298917404,2.531934321355563,0.08853252634137448,0.28210325662283287
M3A,2022-05-01,0.8770020999044408,0.8257361722555214,0.9282680275533601,4.0271012741835035,2.535450685431856,0.08829979192083212,0.28210325662283287
M3A,2022-06-01,0.8769065051906852,0.8271555221942251,0.9266574881871454,4.043712138987648,2.5456313269000366,0.08836841905452128,0.2821032566228328
M3A,2022-07-01,0.8764436617346134,0.8283325330953533,0.9245547903738736,4.0693836309339995,2.560440108605267,0.08870069286432872,0.28210325662283287
M3A,2022-08-01,0.8776058756369092,0.8308645076542909,0.9243472436195275,4.062442392915848,2.559462206144867,0.08786634328876287,0.2821032566228328
M3A,2022-09-01,0.8784920441548698,0.8326943073433811,0.9242897809663585,4.060633975608183,2.560906132208101,0.08723016579563556,0.28210325662283287
M3A,2022-10-01,0.8792308315340703,0.8340031822177764,0.9244584808503643,4.061440299207402,2.563568732046252,0.08669979274205936,0.28210325662283287
M3A,2022-11-01,0.8803907366358004,0.8355306331269003,0.9252508401447004,4.054890301389199,2.5628108684974378,0.0858671006469008,0.2821032566228328
M3A,2022-12-01,0.8832562453517581,0.8383224437985171,0.9281900469049991,4.02020112602863,2.549156395420688,0.08380996127159589,0.28210325662283287
M3A,2023-01-01,0.8868311028456656,0.8417430459913009,0.9319191597000303,3.9736366144484614,2.529828309896894,0.0812435827186822,0.28210325662283287
M3A,2023-02-01,0.8906075096608612,0.8452665636010598,0.9359484557206627,3.9240549535178872,2.5089003770230476,0.07853251256438594,0.28210325662283287
M3A,2023-03-01,0.8927518411162836,0.8467133609112597,0.9387903213213075,3.9012507731913884,2.5003258186776667,0.07699310399581705,0.28210325662283287
M3A,2023-04-01,0.8928730398022523,0.8453513033091419,0.9403947762953627,3.9106803788658926,2.5067095483059463,0.0769060958538585,0.28210325662283287
M3A,2023-05-01,0.8923545322063289,0.8430456563159757,0.941663408096682,3.931326415414765,2.5184800876899676,0.07727833076838826,0.28210325662283287
M3A,2023-06-01,0.8901538899456466,0.8385408283700233,0.9417669515212699,3.98266948592091,2.545079447700806,0.07885816468067017,0.2821032566228329
M3A,2023-07-01,0.8875050003031892,0.8336530262294939,0.9413569743768846,4.044194601297593,2.5767058112472907,0.08075979392855583,0.2821032566228329
M3A,2023-08-01,0.8852456563686514,0.8295698751703708,0.9409214375669319,4.095162063202798,2.602536811286034,0.08238176958132949,0.282103256622833
M3A,2023-09-01,0.8830470141508948,0.8258916244282419,0.9402024038735477,4.144554986433279,2.6273849959324433,0.08396016766930847,0.282103256622833
M3A,2023-10-01,0.8805854223626579,0.8221896049158735,0.9389812398094424,4.202271871238797,2.6565477168079132,0.08572733639760775,0.282103256622833
M3A,2023-11-01,0.8789846402454199,0.819443435348193,0.9385258451426468,4.234806717501437,2.672248627197004,0.08687653266642938,0.282103256622833
M3A,2023-12-01,0.8784567590336908,0.81764381683598375,0.9392697012313979,4.237191923663901,2.67214799643281,0.08725549686921967,0.282103256622833
M3A,2024-01-01,0.8781285379372554,0.816083074323966,0.9401740015505449,4.23321382848405,2.6686417781972427,0.08749112572545827,0.282103256622833
M3A,2024-02-01,0.878113072890084,0.8148405599288481,0.9413855858513199,4.219021090666791,2.6596477556799942,0.08750222803245881,0.282103256622833
M3A,2024-03-01,0.8786843457200251,0.8142416181599952,0.943127073280055,4.184161181450089,2.6393882469664356,0.08709211312826423,0.282103256622833
M3A,2024-04-01,0.8792944054811522,0.8138247292695038,0.9447640816928007,4.147797871640692,2.618266671974023,0.08665415321248568,0.282103256622833
M3A,2024-05-01,0.8795966179823802,0.8132182187758574,0.945975017188903,4.123960007504388,2.604113920391654,0.08643719584204623,0.282103256622833
M3A,2024-06-01,0.879636281536069,0.8124093240601575,0.9468632390119804,4.110437898868894,2.5956922977809023,0.08640872150602226,0.282103256622833
M3A,2024-07-01,0.8794766567941166,0.8112910667739489,0.9476622468142842,4.104002474592204,2.5911581100367296,0.08652331558843229,0.282103256622833
M3A,2024-08-01,0.8795484102452434,0.810302550601068,0.9487942698894188,4.089062389995884,2.5819359716326953,0.08647180401954227,0.2821032566228329
M3A,2024-09-01,0.8793373334128842,0.8087707185329512,0.9499039482928172,4.084128467839804,2.5782016965502503,0.08662333539009533,0.2821032566228329
M3A,2024-10-01,0.8790753526546922,0.8071061383688487,0.9510445669405356,4.0813554414858775,2.5756835572853474,0.08681141052322885,0.28210325662283287
M3A,2024-11-01,0.8791602006127804,0.8058809765308652,0.9524394246946957,4.057870072708328,2.561109458790426,0.08675049845043514,0.28210325662283287
M3A,2024-12-01,0.8789659017610542,0.8045194034107167,0.9534124001113916,4.06364161945661,2.5641853256488654,0.08688998496333136,0.28210325662283287
M3A,2025-01-01,0.8794742311580035,0.8039600113815982,0.9549884509344088,4.016994430012243,2.536216547666663,0.08652505694469849,0.28210325662283287
M3A,2025-02-01,0.8798530993970863,0.8033273741106255,0.9563788246835472,3.9798280907340122,2.513833239935267,0.08625306866969189,0.28210325662283275
M3A,2025-03-01,0.8803497414449337,0.8027586957948567,0.9579407870950107,3.935925255133262,2.4875055972987012,0.08589653096091812,0.2821032566228328
M3A,2025-04-01,0.8808448190060122,0.8022074364165415,0.9594822015954829,3.8921802132552146,2.461242059091871,0.08554111639210081,0.2821032566228328
M3A,2025-05-01,0.8812695122909614,0.8016297040009287,0.9609093205809941,3.8539889440058324,2.4382666220690767,0.08523623046590156,0.28210325662283287
M3A,2025-06-01,0.8815907094414528,0.8009984821165075,0.9621829367663981,3.824441623071658,2.4204550630329122,0.0850056440775818,0.2821032566228328
M3A,2025-07-01,0.8817901722387032,0.8002501008577507,0.9633302436196556,3.8037855346956357,2.4079266866498434,0.08486245038501089,0.2821032566228328
M3A,2025-08-01,0.881932905197134,0.7994180630426039,0.964447747351664,3.7870535243905334,2.397722800341603,0.0847599828589808,0.2821032566228328
M3A,2025-09-01,0.8820625219987523,0.7986388117156239,0.9654862322818808,3.771681453303822,2.388341137591754,0.08466693137921195,0.2821032566228328
M3A,2025-10-01,0.882069109294431,0.7977984890348317,0.9663397295540304,3.7690172826753052,2.3866719290011544,0.08466220238109656,0.28210325662283275
M3A,2025-11-01,0.8817604898554072,0.7966654288543363,0.9668555508564781,3.7925442810512937,2.400729772701865,0.08488375927131465,0.28210325662283275
M3A,2025-12-01,0.8810478965248058,0.7951882143111556,0.9669075787384559,3.8550158658045914,2.4383029925689144,0.08539532770270578,0.28210325662283264
M3A,2026-01-01,0.8810463468315245,0.794432631423359,0.96766006223969,3.8667664185531954,2.445730931963316,0.0853964402224656,0.2821032566228327
M3A,2026-02-01,0.881057960827822,0.7937086179775932,0.9684073036780507,3.877533948136294,2.4525737272102397,0.08538810257234612,0.28210325662283264
M3A,2026-03-01,0.8811834578916663,0.7932149323724482,0.9691519834108844,3.8740446821104952,2.450715764222578,0.08529800863890881,0.2821032566228327
M3A,2026-04-01,0.8813247631767503,0.792829261058937,0.9698202652945637,3.869312276896884,2.4481145637851736,0.08519656603492498,0.2821032566228327
M3A,2026-05-01,0.8816204389120381,0.7925144835390171,0.9707263942850591,3.856749046253503,2.440984457005755,0.0849843013874663,0.2821032566228327
M3A,2026-06-01,0.8817656682485621,0.7916934317334304,0.9718379047636937,3.8502302395932646,2.4372600468890417,0.08488004171973289,0.2821032566228327
M3AD,2010-05-01,0.8862119019870592,0.8444030685530879,0.9280207354210306,5.955123632095227,5.4873644784094155,0.11831295057588341,-0.039765605032154205
M3AD,2010-06-01,0.8901514237408692,0.8497649928093065,0.9305378546724319,5.709497072224479,5.47393452175127,0.11831295055771442,-0.07705492949327208
M3AD,2010-07-01,0.897141442550574,0.8597989780689994,0.9344839070321487,5.278741692519044,5.447323729046702,0.1183129505221476,-0.1502489773913105
M3AD,2010-08-01,0.8901628737957507,0.8497239084603726,0.9306018391311287,5.711895060379716,5.476874896723933,0.11831295056979572,-0.07716720801475674
M3AD,2010-09-01,0.887575403608484,0.8465282643994615,0.9286225428175064,5.873962443929276,5.486651457247677,0.11831295058792902,-0.052376031450510396
M3AD,2010-10-01,0.8828793544485444,0.8397933178721381,0.9259653910249507,6.170163621700057,5.502966513439127,0.11831295061571871,-0.010180144232036614
M3AD,2010-11-01,0.8782050529024692,0.8339829344104065,0.9224271713945319,6.46821219052563,5.518019164698609,0.11831295064180662,0.028589005855357286
M3AD,2010-12-01,0.8804191799864755,0.8379063239160107,0.9229320360569402,6.328787898673264,5.512908627865076,0.11831295063519287,0.010602614852350922
M3AD,2011-01-01,0.8868456449639717,0.8469283527689343,0.926762937159009,5.92590003473684,5.494945261125449,0.11831295060431372,-0.0455890148164686
M3AD,2011-02-01,0.8868278752351755,0.846421794574527,0.9272339558958239,5.9280892245675645,5.496002011180106,0.11831295061029999,-0.04542484163974411
M3AD,2011-03-01,0.8817485582401727,0.8395946027461039,0.9239025137342416,6.249169254583299,5.513062127376475,0.11831295064448386,-5.201533591576712e-4
M3AD,2011-04-01,0.8801079637223093,0.8373852604103421,0.9228306670342764,6.354378628300663,5.51888047893785,0.11831295065748565,0.013170896660288811
M3AD,2011-05-01,0.8894263986764012,0.8508322247148724,0.9280205726379299,5.770467232401978,5.491637038281315,0.1183129506111632,-0.06999273963154051
M3AD,2011-06-01,0.8838379815164046,0.8433934072991285,0.9242825557336807,6.120734627277395,5.509907992938706,0.1183129506591306,-0.01851665633581412
M3AD,2011-07-01,0.8884570997253319,0.8499636407328295,0.9269505587178344,5.829949754281403,5.4940375940538795,0.1183129506286113,-0.06069458779781067
M3AD,2011-08-01,0.8887689315154295,0.8507164241839495,0.9268214388469094,5.808911079476647,5.491484594113861,0.11831295062884703,-0.06366820206585419
M3AD,2011-09-01,0.8814027074885452,0.8411582015265248,0.9216472134505657,6.270404042362159,5.513500490007753,0.11831295069127656,0.002397540569071044
M3AD,2011-10-01,0.8791772542793782,0.838070259540571,0.9202842490181854,6.4103280490842804,5.518744442987624,0.11831295070771446,0.020772537471633934
M3AD,2011-11-01,0.88566841316263345,0.8465414981704995,0.9247953281547674,6.000934279088473,5.499916308488678,0.11831295066140105,-0.034822956054111565
M3AD,2011-12-01,0.891955998069746,0.8546373981596571,0.9292745979798349,5.610142721799645,5.479601343999251,0.11831295061153262,-0.09504413477675144
M3AD,2012-01-01,0.8872881506563581,0.8482160234758611,0.9263602778368552,5.900635387228837,5.495739908487105,0.11831295064103338,-0.049693988076751516
M3AD,2012-02-01,0.8825622824050617,0.8413901018332585,0.923734462976865,6.197811616580387,5.510720930791221,0.11831295066795337,-0.0074527425339949716
M3AD,2012-03-01,0.8925784420472174,0.8550717728380123,0.9300851112564225,5.572111451186222,5.477810780677623,0.11831295060118954,-0.1013892635330631
M3AD,2012-04-01,0.8912327581484186,0.8525801746932038,0.9298853416036335,5.6544837600179045,5.4817379647079285,0.11831295060290964,-0.08776271778918433
M3AD,2012-05-01,0.8948156286648902,0.8574328466670917,0.9321984106626886,5.430966412471089,5.466278407824724,0.11831295057291025,-0.12481492327385502
M3AD,2012-06-01,0.8973514322470051,0.8606137078471291,0.9340891566468811,5.273494905283046,5.454318344152757,0.11831295054828422,-0.15260205902709578
M3AD,2012-07-01,0.9002454030273197,0.8643119239334347,0.9361788821212047,5.095045937235741,5.440118790837366,0.1183129505205175,-0.18604008347524825
M3AD,2012-08-01,0.905017546983951,0.870520750627325,0.9395143433405769,4.803628741866368,5.41521043235141,0.11831295047938853,-0.2456295528543302
M3AD,2012-09-01,0.8957479162920704,0.857116971110831,0.9343788614733098,5.374048199367643,5.463046596402956,0.11831295051307252,-0.13487372439034884
M3AD,2012-10-01,0.901755791582665,0.8664086217918461,0.9371029613734838,4.998365595606838,5.428030583131868,0.11831295046601731,-0.20427404700978946
M3AD,2012-11-01,0.9021507810496392,0.8667679037282793,0.9375336583709991,4.967936138613473,5.419136062537991,0.11831295044977154,-0.20913535865617933
M3AD,2012-12-01,0.899662683414,0.8631986456414817,0.9361267211865183,5.1144036935111155,5.425559302320734,0.11831295045197805,-0.1791520291512984
M3AD,2013-01-01,0.9014379528475787,0.8659746839271353,0.936901221768022,4.999406335854846,5.409745629442563,0.11831295042931636,-0.20039055445298554
M3AD,2013-02-01,0.9056524160548745,0.8720229838577954,0.9392818482519535,4.737337857511094,5.380187489018567,0.11831295038960336,-0.2540114483314865
M3AD,2013-03-01,0.9062072980107966,0.8728719449225595,0.9395426510990337,4.698245378368916,5.370645512742278,0.1183129503776733,-0.2614302378376139
M3AD,2013-04-01,0.902105114818674,0.8673308014775155,0.9368794281598324,4.942373359892551,5.3884639112819,0.11831295040686854,-0.20857131797767603
M3AD,2013-05-01,0.9022993217854093,0.8676376979260865,0.9369609456447321,4.925104267695003,5.381468050804979,0.11831295039733783,-0.210973685745294
M3AD,2013-06-01,0.8966414071527612,0.8598538748340014,0.933428939471521,5.264788778745711,5.403627952911729,0.11831295043110673,-0.14468422191050978
M3AD,2013-07-01,0.9026681576263672,0.8686714813315295,0.9366648339212049,4.890739669198942,5.3663625389427745,0.11831295037363067,-0.21556263077253335
M3AD,2013-08-01,0.9025375616168496,0.8683191601730208,0.9367559630606784,4.890577108953566,5.358218356831191,0.11831295036631437,-0.2139338223941734
M3AD,2013-09-01,0.9012570761689889,0.8664184132959587,0.936095739042019,4.9600142566454215,5.356213923362656,0.11831295036946302,-0.19819168583608124
M3AD,2013-10-01,0.9037029458326362,0.8696918761998469,0.9377140154654255,4.804461321547341,5.334450407599676,0.11831295034120658,-0.22862481479006946
M3AD,2013-11-01,0.9043069708741389,0.8704114473187871,0.9382024944294908,4.760315074798431,5.322351579281393,0.11831295032758139,-0.2363800311093638
M3AD,2013-12-01,0.8972036823428546,0.8609075338154789,0.9334998308702304,5.1825351499935515,5.351654039361955,0.11831295037573962,-0.1509454139237415
M3AD,2014-01-01,0.8993591116946977,0.8639851738583197,0.9347330495310757,5.043066933191037,5.331945409202557,0.11831295034229879,-0.17559525094201145
M3AD,2014-02-01,0.9034264334759048,0.8693444962657204,0.9375083706860892,4.790604962739953,5.302212964543531,0.11831295029303425,-0.22510697855934492
M3AD,2014-03-01,0.9051564246683617,0.8712554622055564,0.9390573871311669,4.679654137520437,5.28398725830336,0.11831295026089993,-0.24745350275120326
M3AD,2014-04-01,0.9032407674546402,0.8683739461361135,0.9381075887731669,4.786842308439836,5.286795613465633,0.11831295025523844,-0.22275618711397366
M3AD,2014-05-01,0.9083221584770232,0.875530774243595,0.9411135427104514,4.476122069693411,5.246983940246215,0.11831295019976809,-0.2905294042084954
M3AD,2014-06-01,0.9085485270866652,0.8756134048255313,0.9414836493477992,4.45475746554391,5.236170410565683,0.11831295017839563,-0.29372383417505477
M3AD,2014-07-01,0.9071663785956793,0.8736985963487768,0.9406341608425818,4.529117012279514,5.23633566551003,0.11831295016973538,-0.27446229480205053
M3AD,2014-08-01,0.9122404749638485,0.8809401904152138,0.9435407595124833,4.2216116929183825,5.19189189341069,0.11831295011086661,-0.3481493896204315
M3AD,2014-09-01,0.9133276861405467,0.8824269540069051,0.9442284182741884,4.150309259720699,5.174387804787681,0.11831295008503152,-0.3650604768310019
M3AD,2014-10-01,0.9118836344771458,0.8803402441894228,0.9434270247648688,4.228378769147962,5.177129312050353,0.11831295008613302,-0.3426898554440151
M3AD,2014-11-01,0.9120262417470172,0.8806769861864571,0.9433754973075773,4.212970779893901,5.167433773441386,0.11831295007180519,-0.3448663831273086
M3AD,2014-12-01,0.910803920667783,0.8788454314012482,0.9427624099343179,4.27777252429666,5.168078437056065,0.11831295007101181,-0.3264366657905115
M3AD,2015-01-01,0.9141568653530889,0.883315609212253,0.9449981214939248,4.07433778138089,5.133392498727192,0.11831295002727688,-0.3782459193029275
M3AD,2015-02-01,0.912085903878012,0.8798770596133421,0.944294748142682,4.187972606151893,5.140594462034327,0.1183129500279765,-0.3457790644154218
M3AD,2015-03-01,0.9106698003084068,0.8781038783354517,0.943235722281362,4.263054906429877,5.141807806924283,0.1183129500236801,-0.32444515328688484
M3AD,2015-04-01,0.9143892840665722,0.8833388966864987,0.9454396714466456,4.037802326390421,5.1024685424119784,0.11831294998380261,-0.3819876249581253
M3AD,2015-05-01,0.9193561315815394,0.8901755350313489,0.9485367281317298,3.743419184769046,5.049090664398728,0.11831294993165803,-0.4671040991949047
M3AD,2015-06-01,0.9194424597722821,0.8901214176802699,0.9487635018642944,3.733422067622775,5.041476321370826,0.11831294992197054,-0.46867629755733275
M3AD,2015-07-01,0.9199229788033133,0.8907910422978766,0.94905491530875,3.700489242733492,5.029617828229675,0.11831294990839132,-0.477489398835014
M3AD,2015-08-01,0.9235248403631802,0.8957305349229253,0.951319145803435,3.487705643058774,4.98310795316684,0.11831294986503187,-0.5470768603413112
M3AD,2015-09-01,0.9235066928827497,0.8953587285001209,0.9516546572653785,3.48482704187749,4.977716065735807,0.11831294985597522,-0.5467098274967105
M3AD,2015-10-01,0.9241839023415664,0.8963470024542588,0.9520208022288741,3.4414888532157106,4.963358239859242,0.11831294984059937,-0.560525449009819
M3AD,2015-11-01,0.9243434197678819,0.8966497104618258,0.952037129073938,3.4282038356971425,4.9554781566685655,0.11831294982960266,-0.5638157245095232
M3AD,2015-12-01,0.9204948752621921,0.89145312640221,0.9495366241221742,3.648688713960803,4.997989594585921,0.1183129498590144,-0.48811727859288323
M3AD,2016-01-01,0.917578185009271,0.8878676540897258,0.9472887159288162,3.8159814814016864,5.026196312571276,0.11831294987551508,-0.4354567402916715
M3AD,2016-02-01,0.9148335112091077,0.8848452965868855,0.94482172583133,3.974192485624199,5.050734069711976,0.11831294988796538,-0.3891960507900829
M3AD,2016-03-01,0.9144777506039847,0.8844331433276049,0.9445223578803645,3.994121585384055,5.05298014970504,0.11831294986530604,-0.383417189104225
M3AD,2016-04-01,0.9121711598981533,0.8811958025324228,0.9431465172638839,4.12676689205321,5.070857543381107,0.11831294986664789,-0.3470854189745842
M3AD,2016-05-01,0.9113235006813516,0.8800298512300979,0.9426171501326053,4.175057452060521,5.076434281735661,0.11831294984914685,-0.3342086207530964
M3AD,2016-06-01,0.908544764547368,0.8763291933172518,0.9407603357774842,4.335552776256964,5.095825148358152,0.11831294985196271,-0.29367060580409654
M3AD,2016-07-01,0.9073702371736091,0.8748620171595547,0.9398784571876635,4.403173456141653,5.103076212531775,0.11831294983574553,-0.2772671139997488
M3AD,2016-08-01,0.9070181627683175,0.8744916811248022,0.9395446444118327,4.423130575433632,5.104813773702674,0.11831294981074537,-0.27243075995525207
M3AD,2016-09-01,0.9075015079824948,0.8752364333944321,0.9397665825705576,4.3945963604571165,5.101101637867279,0.11831294977669155,-0.2790797687199159
M3AD,2016-10-01,0.9071525374391748,0.8746371304423118,0.9396679444360377,4.414321857250947,5.102776629948363,0.11831294975181991,-0.2742723009184241
M3AD,2016-11-01,0.9048737394848372,0.871623569078898,0.9381239098907763,4.546361108570523,5.1166271402519525,0.11831294974691293,-0.24374645977021434
M3AD,2016-12-01,0.903144209558865,0.8692688152134693,0.9370196039042606,4.646878814453263,5.126549332625763,0.11831294973528204,-0.22153718633051514
M3AD,2017-01-01,0.9060678338394077,0.8730536911340159,0.9390819765447995,4.476756828275046,5.109073632737004,0.118312949677642,-0.2595573434915445
M3AD,2017-02-01,0.9054448100757193,0.871826029845315,0.9390635903061236,4.512483984820777,5.112396959342308,0.11831294965163887,-0.25125812497847344
M3AD,2017-03-01,0.9081181139351788,0.8756258675585399,0.9406103603118178,4.356657837392354,5.094460173670459,0.11831294959635545,-0.2876634847578939
M3AD,2017-04-01,0.9054217566463595,0.8718157896783535,0.9390277236143655,4.512313145758633,5.11082717723369,0.1183129495899201,-0.25095313038890393
M3AD,2017-05-01,0.9096320279954523,0.8777996499046041,0.9414644060863004,4.266232402266127,5.080752019640961,0.11831294951668385,-0.3092354170649074
M3AD,2017-06-01,0.9095302708341977,0.8773921897963294,0.941668351872066,4.269537857162522,5.0784013148725915,0.11831294948422282,-0.3077628348747763
M3AD,2017-07-01,0.9065296181963638,0.8735358987155035,0.9395233376772241,4.441415657360482,5.096378580695553,0.11831294948048918,-0.2657801027179127
M3AD,2017-08-01,0.9066872906534966,0.8743529741606821,0.9390216071463111,4.429938230541284,5.092683428865021,0.1183129494427771,-0.26791891770539955
M3AD,2017-09-01,0.9018683656231032,0.8674423118252302,0.9362944194209762,4.707871320781327,5.119069037476447,0.11831294946152868,-0.20565554841490832
M3AD,2017-10-01,0.9037898406624257,0.869980596239573,0.9375990850852784,4.593571685245272,5.1053944326283816,0.11831294941228712,-0.22973447115039436
M3AD,2017-11-01,0.9026518231857863,0.8681932925557274,0.9371103538158452,4.656743240446645,5.108660181236665,0.11831294938960502,-0.21535865654065559
M3AD,2017-12-01,0.9042464872255793,0.8707298678500758,0.9377631066010829,4.560994686689053,5.095935965014613,0.11831294934277348,-0.23559904921189823
M3AD,2018-01-01,0.9039369447985623,0.8708532252304749,0.9370206643666498,4.575709520910546,5.094158681172784,0.11831294931440381,-0.23161759811104976
M3AD,2018-02-01,0.9038899836433953,0.8702730168669258,0.9375069504198649,4.5751931873819265,5.09083053120202,0.11831294928286651,-0.23101580634301988
M3AD,2018-03-01,0.9023814447392193,0.8677732462933404,0.9369896431850983,4.659213814977476,5.095686510553504,0.1183129492651905,-0.2119924224357382
M3AD,2018-04-01,0.9045859721363085,0.870843256807625,0.9383286874649921,4.527986734262749,5.0789629520110555,0.11831294921531116,-0.23999533259756228
M3AD,2018-05-01,0.9044028467287235,0.8703618452192177,0.93844384823822935,4.534947199910517,5.075998392737601,0.11831294918591505,-0.2376200037063645
M3AD,2018-06-01,0.9053498090708265,0.8717809834356455,0.9389186347060076,4.4765909949566565,5.066110016105665,0.11831294914675909,-0.250002223823218
M3AD,2018-07-01,0.9060085430077408,0.8724826550611343,0.9395344309543473,4.43501592424997,5.05791322734869,0.11831294911009099,-0.25876279500417576
M3AD,2018-08-01,0.90450846761583,0.8696246227670755,0.9393923124645845,4.517982761592764,5.06319464758677,0.11831294909179173,-0.2389889044382435
M3AD,2018-09-01,0.9061106496422516,0.8722920580903823,0.9399292411941209,4.421751448003031,5.048838827286704,0.11831294905506223,-0.2601317253155146
M3AD,2018-10-01,0.9082221772670112,0.8759023812064117,0.9405419733276106,4.2967582499628785,5.030689938561425,0.11831294901374986,-0.289123510349121
M3AD,2018-11-01,0.9054914748505458,0.8719971306517922,0.9389858190492995,4.450238601765739,5.0446257924696605,0.1183129490249327,-0.2518759428087005
M3AD,2018-12-01,0.9040578242085638,0.8693805492008368,0.9387350992162908,4.529355459458855,5.049580853758569,0.11831294902209986,-0.2331693339881561
M3AD,2019-01-01,0.9075793172130351,0.8737541441205015,0.9414044903055687,4.32397516367087,5.023783181739918,0.11831294898443293,-0.2801566209714251
M3AD,2019-02-01,0.9093738185999882,0.8770698092928584,0.9416778279071181,4.218628704512984,5.0083232094163685,0.1183129489553531,-0.3055051766236923
M3AD,2019-03-01,0.9076692174651275,0.8750300320050721,0.9403084029251829,4.31461596066247,5.018287235803652,0.11831294896375655,-0.28140307831866185
M3AD,2019-04-01,0.9074551357661502,0.8746278604490916,0.9402824110832089,4.32525813894439,5.0178439560106325,0.11831294895546898,-0.2784388408254219
M3AD,2019-05-01,0.9073137202406741,0.8747406079440686,0.9398868325372797,4.331738876897568,5.016913066514836,0.11831294894645024,-0.2764882704718318
M3AD,2019-06-01,0.9069908395148263,0.8742269635763423,0.9397547154533102,4.348615793768277,5.017189381735286,0.11831294893949347,-0.272056949254513
M3AD,2019-07-01,0.9038187322215099,0.8699847662675939,0.9376526981754258,4.529044511686155,5.03535053356167,0.11831294896173455,-0.23010386215967488
M3AD,2019-08-01,0.9032291250820929,0.8690545063500793,0.9374037438141064,4.561253066350989,5.0369740479572664,0.11831294895543097,-0.2226090655457902
M3AD,2019-09-01,0.9039053997075328,0.8691396573441322,0.9386711420709334,4.520866838875164,5.0312742450138614,0.11831294893761943,-0.2312132895868238
M3AD,2019-10-01,0.9042139816721786,0.8686845711935138,0.9397433921508433,4.501626141948384,5.02771673008277,0.11831294892212665,-0.23517973695501398
M3AD,2019-11-01,0.9048748859034978,0.8697379986459955,0.9400117731610002,4.462162451306549,5.021933998610455,0.11831294890519355,-0.24376144017202353
M3AD,2019-12-01,0.9084408591394283,0.8752359331635294,0.9416457851153271,4.256266646806025,4.996386857726904,0.118312948872838,-0.2922024798485999
M3AD,2020-01-01,0.9098103166359957,0.8773227948254578,0.9422978384465335,4.176778508891643,4.985029348017431,0.11831294885538167,-0.3118235306123888
M3AD,2020-02-01,0.9107335684168332,0.8777134809287502,0.9437536559049161,4.1229812304528055,4.976761248766411,0.1183129488417136,-0.3253912668334351
M3AD,2020-03-01,0.9088297416226014,0.8744230274741147,0.9432364557710882,4.230529167271244,4.989491853601721,0.11831294884148626,-0.29771430888931694
M3AD,2020-04-01,0.9094257540502335,0.8757397193294999,0.9431117887709671,4.194265025400712,4.982538573438775,0.11831294883248197,-0.306253754495508
M3AD,2020-05-01,0.9098352712423114,0.8763639402385074,0.9433066022461155,4.16874288852384,4.976952291094348,0.11831294882434777,-0.3121865995106093
M3AD,2020-06-01,0.9125272108686837,0.8801273106302566,0.9449271111071108,4.013113921760197,4.953208576763229,0.11831294880393854,-0.35256860995165323
M3AD,2020-07-01,0.9125931714897849,0.88037024009958,0.9448161028799898,4.0074139870029475,4.950263772492953,0.11831294879699172,-0.35358931119626097
M3AD,2020-08-01,0.9124425826152045,0.8805492925115525,0.9443358727188566,4.01409976301478,4.949177645500703,0.1183129487916423,-0.3512612903105975
M3AD,2020-09-01,0.9135285714940491,0.8827979657769489,0.9442591772111493,3.95044653055175,4.937737155388482,0.11831294877556964,-0.36823169016373336
M3AD,2020-10-01,0.9121681039513136,0.8813783576317111,0.9429578502709162,4.025852875677984,4.946668444310157,0.11831294879019094,-0.34703853739658064
M3AD,2020-11-01,0.9102592653447452,0.8790381494007451,0.9414803812887453,4.132673953467623,4.9595115901401225,0.11831294881180342,-0.3183862296905722
M3AD,2020-12-01,0.9100361132010839,0.8788550307519071,0.9412171956502607,4.14400392844113,4.959556631263732,0.11831294880884066,-0.3151160206460317
M3AD,2021-01-01,0.9109748812100679,0.8797912871113841,0.9421584753087516,4.089635773208892,4.9512031959151335,0.11831294878938863,-0.32898389126068406
M3AD,2021-02-01,0.908345714099376,0.8763157606975076,0.9403756675012445,4.2372568219814175,4.968387490758019,0.11831294881419939,-0.29086106177816917
M3AD,2021-03-01,0.909196049711159,0.8780423663308187,0.9403497330914993,4.186997844719667,4.960070094820585,0.11831294879095833,-0.3029493586414812
M3AD,2021-04-01,0.9083735233473358,0.8768024222589651,0.9399446244357065,4.2313248896191284,4.96308978318268,0.11831294879217757,-0.29125284649627936
M3AD,2021-05-01,0.9066991309040113,0.8741616241555309,0.9392366376524918,4.324044247709168,4.9716428031630215,0.11831294880501694,-0.2680798148117526
M3AD,2021-06-01,0.9091703836021758,0.8775508889434931,0.9407898782608586,4.182080600372593,4.9527051890345914,0.11831294876645217,-0.3025811784589505
M3AD,2021-07-01,0.9093600562915375,0.8770078199532289,0.9417122926298461,4.169224760800793,4.948844794048181,0.11831294875591733,-0.3053069531515077
M3AD,2021-08-01,0.9093664287056054,0.8768788739020826,0.9418539835091281,4.166748076435548,4.9462873902728735,0.11831294874721447,-0.3053987287217465
M3AD,2021-09-01,0.9079666544624417,0.8748132151964517,0.9411200937284318,4.244111619020867,4.953860415991005,0.11831294875242719,-0.2855443650491267
M3AD,2021-10-01,0.9122644878293541,0.8808825708975031,0.9436464047612051,3.9989817995082637,4.919569036534699,0.11831294870314409,-0.34851835677467746
M3AD,2021-11-01,0.9096871157868174,0.8766068075172397,0.942767424056395,4.141762664307897,4.93582574560091,0.1183129487205694,-0.3100339973784129
M3AD,2021-12-01,0.909513111399451,0.8764853034254345,0.9425409193734675,4.147938366206527,4.93273610631963,0.11831294871740258,-0.3075148294654127
M3AD,2022-01-01,0.9089812274999332,0.8757708054012567,0.9421916495986096,4.174369610413837,4.932273133844902,0.11831294871696547,-0.2998741409842519
M3AD,2022-02-01,0.9107811465642236,0.87824511110418,0.9433171820242672,4.068755928314067,4.9141828427093195,0.11831294869706874,-0.32609806269518576
M3AD,2022-03-01,0.913486582686785,0.881958696606487,0.945014468767083,3.912967268284674,4.888292659295148,0.1183129486691223,-0.36756762527111386
M3AD,2022-04-01,0.9140830656292923,0.8833251576927541,0.9448409735658305,3.8764444153576454,4.879470873930923,0.11831294865946605,-0.377062037024954
M3AD,2022-05-01,0.9130547056969389,0.8822281619431509,0.9438812494507269,3.931586987955366,4.884846088256935,0.1183129486710982,-0.3607746068315129
M3AD,2022-06-01,0.9125373266850157,0.8821887806536107,0.9428858727164208,3.9580349623190663,4.885846234240249,0.11831294867546197,-0.3527250447670957
M3AD,2022-07-01,0.9096642058078265,0.8792584356876023,0.9400699759280506,4.117124792227464,4.905096415462747,0.11831294871801987,-0.3097017608139903
M3AD,2022-08-01,0.9089017211882888,0.8787629667265876,0.93904047564999,4.1580045060745094,4.908219633274906,0.11831294871679437,-0.2987396717048029
M3AD,2022-09-01,0.9087114444548073,0.878766450086929,0.9386564388226857,4.166961575440959,4.907512748611025,0.1183129487040549,-0.29603265160093106
M3AD,2022-10-01,0.9078590807909032,0.8777023759448188,0.9380157856369875,4.212872872467804,4.911074630353033,0.11831294870493096,-0.28404350336945844
M3AD,2022-11-01,0.9068731796438199,0.8767340130194305,0.9370123462682092,4.266303003184226,4.915364835997715,0.118312948708172,-0.2704497829482741
M3AD,2022-12-01,0.9067379873143163,0.8762715762837767,0.9372043983448559,4.272285297479695,4.914389244906587,0.1183129486930457,-0.2686081426506406
M3AD,2023-01-01,0.9084307127460567,0.8785363849093842,0.9383250405827291,4.17670102020926,4.9023875581322365,0.11831294864156135,-0.29205929400161723
M3AD,2023-02-01,0.9112510955174673,0.8824934964005441,0.9400086946343905,4.019207861128068,4.882562459392355,0.1183129485640827,-0.33312010163876116
M3AD,2023-03-01,0.9129588892675568,0.8848468425475918,0.9410709359875217,3.9239567441833607,4.869487845239878,0.11831294851012573,-0.3592766396767312
M3AD,2023-04-01,0.9118665156249608,0.8827636588034157,0.9409693724465059,3.983653818156155,4.876454728381292,0.11831294852765979,-0.3424290366666567
M3AD,2023-05-01,0.9126236878612464,0.8835605808294762,0.9416867948930165,3.940904202953297,4.86996883541804,0.11831294850305919,-0.35406205191148643
M3AD,2023-06-01,0.9109765269179979,0.8803587746141565,0.9415942792218394,4.031541927253005,4.880969700509207,0.11831294853077555,-0.329008456250568
M3AD,2023-07-01,0.9089185645133122,0.8765878051005488,0.9412493239260756,4.1454465994665135,4.894391553332871,0.1183129485641854,-0.29897984075445994
M3AD,2023-08-01,0.9089222373219047,0.8763254775625711,0.9415189970812383,4.1440570043314136,4.892967981788124,0.11831294857127746,-0.29903222358943976
M3AD,2023-09-01,0.9092733857860805,0.8767291902216865,0.9418175813504746,4.123199356577266,4.88907148143484,0.11831294857434124,-0.30406000046885284
M3AD,2023-10-01,0.9071416207031068,0.873823954494286,0.9404592869119276,4.24180663864937,4.902720547260299,0.11831294860560732,-0.27412248093765396
M3AD,2023-11-01,0.9052339180053481,0.8714439082092741,0.9390239278014222,4.348237879783291,4.914207220875237,0.11831294863322658,-0.24847356926609637
M3AD,2023-12-01,0.9052536531572664,0.8711448616111931,0.9393624447033396,4.346297219392868,4.91314421901669,0.11831294863837227,-0.2487336196165538
M3AD,2024-01-01,0.9059174553622069,0.8718895889649859,0.9399453217594279,4.308205971482788,4.908042436150819,0.11831294863727303,-0.257544096971061
M3AD,2024-02-01,0.9055129989212026,0.8710571772622685,0.9399688205801368,4.330223187492016,4.909815622078335,0.11831294864650752,-0.2521611152399731
M3AD,2024-03-01,0.9067646686191204,0.8724956573262125,0.9410336799120284,4.259095982862322,4.90076385817404,0.1183129486408724,-0.26897118172452456
M3AD,2024-04-01,0.9090821180585109,0.8755879114689071,0.9425763246481147,4.128572918698951,4.884116820479135,0.11831294862622434,-0.30131659580857356
M3AD,2024-05-01,0.9103015044798549,0.877240896755794,0.9433621122039159,4.06004900274435,4.874876918543807,0.11831294862020617,-0.31900705729935797
M3AD,2024-06-01,0.9107047048288619,0.8779825955210612,0.9434268141366626,4.03741399036745,4.871745186067679,0.11831294862156803,-0.3249628482084803
M3AD,2024-07-01,0.9095583279201762,0.876285694852852,0.9428309609875004,4.101795678999785,4.880544456121196,0.1183129486390614,-0.30816852362745467
M3AD,2024-08-01,0.9103581227741593,0.8775418639679952,0.9431743815803234,4.056942308336905,4.874526535709507,0.11831294863726691,-0.319840149478277
M3AD,2024-09-01,0.9100872665112473,0.8766872072485964,0.9434873257738982,4.072104136709057,4.876553473598165,0.11831294864640744,-0.31586421695440253
M3AD,2024-10-01,0.9087306496002091,0.8741063428167851,0.9433549563836331,4.148321850140267,4.886691683674212,0.11831294866450241,-0.29630536588954953
M3AD,2024-11-01,0.9116234588718497,0.8777227385554405,0.9455241791882589,3.9856276559736905,4.864155991640051,0.1183129486578064,-0.33873703527553545
M3AD,2024-12-01,0.9095368198157673,0.8744994806279734,0.9445741590035611,4.10271197457649,4.880358674567415,0.11831294866726921,-0.30785749988358935
M3AD,2025-01-01,0.9111002437517488,0.8772015978899014,0.9449988896135962,4.012846446925813,4.865756959155903,0.11831294865834417,-0.3308579646490488
M3AD,2025-02-01,0.912456082996235,0.8791531774145451,0.945758988577925,3.9349586296170354,4.8524206835416175,0.1183129486501927,-0.35146967030392784
M3AD,2025-03-01,0.9127570628288932,0.8793835949117772,0.9461305307460093,3.9165336800482735,4.847960443346855,0.11831294864903118,-0.35613211206986023
M3AD,2025-04-01,0.9141031145373241,0.8810810425959069,0.9471251864787412,3.839611255028778,4.834341276790555,0.11831294864197431,-0.37738345231834747
M3AD,2025-05-01,0.9154311551764631,0.8828052023465334,0.9480571080063929,3.7639625152222838,4.82050855911302,0.1183129486347969,-0.3990134177860793
M3AD,2025-06-01,0.916481502419462,0.8843235082570482,0.9486394965818759,3.704096104432388,4.809008613620928,0.11831294862885258,-0.4166077223163878
M3AD,2025-07-01,0.9166105996693205,0.8845079522566859,0.948713247081955,3.695987385551221,4.806586725986722,0.1183129486284251,-0.4188008087269697
M3AD,2025-08-01,0.9162009543307997,0.8835706684389469,0.9488312402226525,3.7181153790083092,4.80957617585276,0.11831294863148074,-0.41186510761143236
M3AD,2025-09-01,0.9174824452859718,0.8853461700683437,0.9496187205035999,3.645446123972067,4.795505306141486,0.11831294862735872,-0.43379125856773926
M3AD,2025-10-01,0.919095895811474,0.8877305314296631,0.9504612601932849,3.5544498710330044,4.777436739250781,0.11831294862155475,-0.4623850026922876
M3AD,2025-11-01,0.9200256947622314,0.8888856192426742,0.9511657702817886,3.5019846578431237,4.766460495022501,0.1183129486194998,-0.4793870139633979
M3AD,2025-12-01,0.915181966836017,0.8818437012276356,0.9485202324443985,3.7745069565150464,4.818498907527716,0.11831294864599591,-0.39490323263280147
M3AD,2026-01-01,0.913807424579395,0.8804609964989374,0.9471538526598526,3.8514691656573237,4.831072202453645,0.118312948647941,-0.3726582373318592
M3AD,2026-02-01,0.9133302080914725,0.8792143778686907,0.9474460383142542,3.8782752606452204,4.8353840795788186,0.11831294864498436,-0.36510018127023275
M3AD,2026-03-01,0.9146457054723565,0.8814067839478149,0.947884626996898,3.804350760191352,4.823256436336709,0.11831294863635267,-0.38613937694763345
M3AD,2026-04-01,0.9148672847378201,0.8821789101401658,0.9475556593354744,3.7919420685641945,4.821204845639694,0.11831294863337327,-0.38974715265464577
M3AD,2026-05-01,0.9151323068591686,0.8830613114460939,0.9472033022722433,3.7771021167707954,4.818728910112401,0.11831294863001238,-0.39408701063290463
M3AD,2026-06-01,0.9147514041002835,0.8823148318059547,0.9471879763946124,3.7983794652109686,4.82221397916065,0.11831294863359652,-0.38785803314316003
