fecha,exp_inf_12m,exp_inf_24m,infl_gt,d_exp24,d_exp24_lag1,exp12_lag1,shock_inf,alpha,se_alpha,alpha_li_95,alpha_ls_95,rho,se_rho,rho_li_95,rho_ls_95,beta_t,se_beta_t,beta_li_95,beta_ls_95,indice_anclaje,ajustado_tvp,residuo_tvp,residuo_estandarizado
2011-01-01,5.99,5.85,4.9,-0.35000000000000053,-0.019999999999999574,5.71,1.5600000000000005,-0.005908767425491394,0.014139881212415587,-0.03362242534750049,0.021804890496517702,-0.2810182518376974,0.07125982497536701,-0.4206849423340445,-0.14135156134135027,0.027340390007481487,0.014538397808288101,-0.0011543460896792437,0.05583512610464222,-0.027340390007481487,0.04236260602293357,-0.3923626060229341,NA
2011-02-01,5.5,5.81,5.24,-0.040000000000000036,-0.35000000000000053,5.99,1.27,-0.005908767425491398,0.014139881212415585,-0.03362242534750049,0.021804890496517695,-0.2810182518376974,0.07125982497536701,-0.4206849423340445,-0.14135156134135027,0.027406717785568954,0.014419304099555483,-8.545989316905388e-4,0.05566803450282845,-0.027406717785568954,0.1272541523053754,-0.16725415230537544,NA
2011-03-01,6.24,6.13,4.99,0.3200000000000003,-0.040000000000000036,5.5,-0.39999999999999947,-0.005908767425490681,0.01413988121241482,-0.03362242534749828,0.02180489049651691,-0.2810182518376985,0.07125982497536687,-0.4206849423340454,-0.14135156134135163,0.027496063366710618,0.014302463776323965,-5.362505250730808e-4,0.05552837725849431,-0.027496063366710618,-0.005666462698666963,0.3256664626986672,NA
2011-04-01,6.07,6.19,5.76114812916453,0.0600000000000005,0.3200000000000003,6.24,0.7211481291645301,-0.005908767425490818,0.014139881212414832,-0.03362242534749844,0.0218048904965168,-0.281018251837699,0.07125982497536583,-0.42068494233404385,-0.14135156134135418,0.027599525097987174,0.014184674293862463,-2.019256504143703e-4,0.055400975846388714,-0.027599525097987174,-0.07593126212331164,0.13593126212331214,0.8868107193083989
2011-05-01,5.96,5.74,6.3930220625962,-0.4500000000000002,0.0600000000000005,6.07,1.0330220625962,-0.00590876742549083,0.014139881212414739,-0.033622425347498264,0.021804890496516606,-0.28101825183769924,0.07125982497536616,-0.42068494233404474,-0.14135156134135374,0.027692364321163926,0.014066570164397173,1.2239341293980577e-4,0.055262335229388046,-0.027692364321163926,0.0058369607734612555,-0.4558369607734614,-1.744570517293678
2011-06-01,6.38,6.16,6.42229936695938,0.41999999999999993,-0.4500000000000002,5.96,1.6122993669593804,-0.005908767425490946,0.014139881212414593,-0.0336224253474981,0.021804890496516204,-0.28101825183769913,0.07125982497536618,-0.42068494233404463,-0.1413515613413536,0.027836230819019064,0.013949210077236117,4.962814548530974e-4,0.05517618018318503,-0.027836230819019064,0.16542978322951335,0.2545702167704866,2.546084894476151
2011-07-01,5.96,5.88,7.03967446592064,-0.28000000000000025,0.41999999999999993,6.38,2.14967446592064,-0.005908767425490885,0.014139881212414366,-0.03362242534749759,0.02180489049651582,-0.28101825183769924,0.07125982497536629,-0.42068494233404496,-0.14135156134135352,0.027935620211383308,0.013835840418344436,8.17871295584624e-4,0.05505336912718199,-0.027935620211383308,-0.06388394373925729,-0.21611605626074296,1.391043799013874
2011-08-01,6.33,5.95,7.6258261311642,0.07000000000000028,-0.28000000000000025,5.96,2.2758261311642007,-0.005908767425490858,0.014139881212414655,-0.03362242534749813,0.02180489049651641,-0.28101825183769913,0.07125982497536647,-0.4206849423340452,-0.14135156134135304,0.02808535305351159,0.01372798053929964,0.0011790056160175533,0.05499170049100563,-0.02808535305351159,0.13669372347121894,-0.06669372347121866,0.7582595726324408
2011-09-01,6.69,6.43,7.24931562404949,0.47999999999999954,0.07000000000000028,6.33,1.35931562404949,-0.005908767425490878,0.014139881212414425,-0.0336224253474977,0.021804890496515943,-0.28101825183769913,0.07125982497536643,-0.42068494233404513,-0.14135156134135313,0.02825153367549596,0.01362799761714923,0.0015411491644857986,0.05496191818650612,-0.02825153367549596,0.012822706074332071,0.4671772939256675,2.9966266787465226
2011-10-01,6.69,6.51,6.65,0.08000000000000007,0.47999999999999954,6.69,0.6900000000000004,-0.005908767425490829,0.014139881212414227,-0.033622425347497265,0.021804890496515603,-0.28101825183769913,0.07125982497536641,-0.4206849423340451,-0.14135156134135315,0.028348898954964997,0.013529896601771669,0.0018307889009416649,0.05486700900898833,-0.028348898954964997,-0.1212367880286604,0.20123678802866046,0.9329568945644525
2011-11-01,6.85,6.06,6.05484387510006,-0.4500000000000002,0.08000000000000007,6.69,0.10484387510005977,-0.005908767425490815,0.014139881212414,-0.03362242534749681,0.021804890496515173,-0.28101825183769913,0.07125982497536652,-0.4206849423340453,-0.14135156134135293,0.028431217588279684,0.013431178360022446,0.002106591732701949,0.05475584344385742,-0.028431217588279684,-0.02540938854673855,-0.4245906114532616,-2.928085027278829
2011-12-01,5.94,5.62,6.2,-0.4399999999999995,-0.4500000000000002,6.85,0.4900000000000002,-0.005908767425490855,0.014139881212413413,-0.03362242534749569,0.021804890496513983,-0.28101825183769913,0.07125982497536652,-0.4206849423340453,-0.14135156134135293,0.028518360103770547,0.013331288799407405,0.0023895141894298214,0.05464720601811127,-0.028518360103770547,0.1345234423523214,-0.5745234423523209,-2.7824684089975307
2012-01-01,5.97,5.95,5.44,0.33000000000000007,-0.4399999999999995,5.94,-0.5499999999999998,-0.0059087674254908245,0.014139881212413354,-0.033622425347495544,0.021804890496513896,-0.2810182518376991,0.07125982497536651,-0.42068494233404524,-0.1413515613413529,0.028636008746290548,0.013230903991025646,0.0027039134409730242,0.05456810405160807,-0.028636008746290548,0.10198945857263683,0.22801054142736324,1.593825151031036
2012-02-01,6,6.11,5.17,0.16000000000000014,0.33000000000000007,5.97,-0.33000000000000007,-0.005908767425490795,0.014139881212413302,-0.03362242534749542,0.021804890496513827,-0.28101825183769913,0.07125982497536648,-0.42068494233404524,-0.14135156134135302,0.028767246806757407,0.013129251213321333,0.003034387284668795,0.05450010632884602,-0.028767246806757407,-0.10813798197816146,0.26813798197816163,0.9369918616804939
2012-03-01,5.59,5.47,4.55,-0.6400000000000006,0.16000000000000014,6,-1.6900000000000004,-0.005908767425490794,0.01413988121241343,-0.03362242534749567,0.021804890496514077,-0.28101825183769913,0.0712598249753665,-0.4206849423340453,-0.141351561341353,0.028908073474176572,0.0130264635143487,0.003376674140128065,0.05443947280822508,-0.028908073474176572,-0.0997263318908811,-0.5402736681091195,-3.20976772175324
2012-04-01,5.84,5.54,4.27,0.07000000000000028,-0.6400000000000006,5.59,-1.8000000000000007,-0.00590876742549075,0.014139881212413368,-0.0336224253474955,0.021804890496514,-0.2810182518376991,0.07125982497536654,-0.4206849423340453,-0.14135156134135285,0.028949957444119857,0.012926098115966459,0.0036152706761945555,0.05428464421204516,-0.028949957444119857,0.12183299035122104,-0.051832990351220756,0.4901830290831893
2012-05-01,5.26,5.28,3.9,-0.2599999999999998,0.07000000000000028,5.84,-2.06,-0.005908767425490749,0.014139881212413337,-0.03362242534749543,0.021804890496513938,-0.28101825183769913,0.07125982497536652,-0.4206849423340453,-0.14135156134135293,0.02898173116137014,0.01282697990589949,0.0038413125153881726,0.05412214980735211,-0.02898173116137014,-0.08528241124655225,-0.17471758875344753,-0.4643553596960456
2012-06-01,4.89,5.11,3.47,-0.16999999999999993,-0.2599999999999998,5.26,-2.9099999999999997,-0.005908767425490738,0.01413988121241333,-0.03362242534749541,0.021804890496513935,-0.28101825183769913,0.07125982497536651,-0.4206849423340453,-0.14135156134135296,0.028974502859742082,0.01273174507611583,0.004020741050209893,0.05392826466927427,-0.028974502859742082,-0.017159825269538465,-0.15284017473046146,-0.08274601858426228
2012-07-01,4.71,4.9,2.86,-0.20999999999999996,-0.16999999999999993,4.89,-3.1,-0.005908767425490728,0.014139881212413323,-0.03362242534749539,0.02180489049651393,-0.28101825183769913,0.07125982497536651,-0.4206849423340453,-0.14135156134135296,0.028919078251914438,0.012644790384864203,0.004135744505522239,0.05370241199830664,-0.028919078251914438,-0.047784807194016655,-0.16221519280598332,-0.11141003208741611
2012-08-01,4.44,4.55,2.71,-0.35000000000000053,-0.20999999999999996,4.71,-3.62,-0.005908767425490714,0.014139881212413337,-0.033622425347495405,0.021804890496513973,-0.28101825183769913,0.0712598249753665,-0.4206849423340453,-0.141351561341353,0.028809161178163633,0.012567706492203743,0.004176909085174086,0.053441413271153176,-0.028809161178163633,-0.051184098004526266,-0.29881590199547425,-0.6777838210934778
2012-09-01,4.91,5.17,3.28,0.6200000000000001,-0.35000000000000053,4.44,-3.4100000000000006,-0.005908767425490725,0.01413988121241334,-0.03362242534749542,0.02180489049651397,-0.2810182518376992,0.07125982497536652,-0.4206849423340454,-0.141351561341353,0.028582025778017363,0.012504640159630934,0.004073381425507543,0.05309067013052718,-0.028582025778017363,-0.005017087185335084,0.6250170871853352,4.05907387948556
2012-10-01,4.7,4.76,3.35,-0.41000000000000014,0.6200000000000001,4.91,-3.3400000000000003,-0.005908767425490715,0.014139881212413346,-0.03362242534749542,0.02180489049651399,-0.28101825183769913,0.0712598249753665,-0.4206849423340453,-0.141351561341353,0.028585846516499445,0.012453016423658,0.004178382827243983,0.05299331020575491,-0.028585846516499445,-0.27561681092997237,-0.13438318907002778,-0.4168015718310666
2012-11-01,4.48,4.82,3.11,0.0600000000000005,-0.41000000000000014,4.7,-3.7399999999999998,-0.005908767425490717,0.014139881212413326,-0.033622425347495384,0.02180489049651395,-0.28101825183769913,0.07125982497536651,-0.4206849423340453,-0.14135156134135296,0.028541029373472828,0.012415829418320699,0.004206450875371373,0.05287560787157428,-0.028541029373472828,0.002565265971177594,0.057434734028822904,0.4977117509585283
2012-12-01,4.65,4.93,3.45,0.10999999999999943,0.0600000000000005,4.48,-2.49,-0.005908767425490731,0.014139881212413323,-0.03362242534749539,0.021804890496513928,-0.28101825183769913,0.07125982497536651,-0.4206849423340453,-0.14135156134135296,0.0285194893617727,0.012392539147686144,0.004230558955305167,0.05280841976824023,-0.0285194893617727,-0.09378339104656686,0.2037833910465663,1.3334892572372963
2013-01-01,4.53,4.83,3.86,-0.09999999999999964,0.10999999999999943,4.65,-2.11,-0.005908767425490742,0.014139881212413323,-0.033622425347495405,0.021804890496513917,-0.28101825183769913,0.07125982497536651,-0.4206849423340453,-0.14135156134135296,0.028552935254424636,0.012375009101814648,0.004298363106512569,0.0528075074023367,-0.028552935254424636,-0.09706746851447345,-0.002932531485526191,0.15764280757498278
2013-02-01,4.41,4.61,4.18,-0.21999999999999975,-0.09999999999999964,4.53,-1.8200000000000003,-0.005908767425490742,0.014139881212413332,-0.03362242534749542,0.021804890496513935,-0.28101825183769913,0.07125982497536651,-0.4206849423340453,-0.14135156134135296,0.028585710632259523,0.012361101240957368,0.004358397390729719,0.052813023873789326,-0.028585710632259523,-0.02983293559243327,-0.19016706440756648,-0.8648102456087945
2013-03-01,4.59,4.66,4.34,0.04999999999999982,-0.21999999999999975,4.41,-1.25,-0.005908767425490738,0.014139881212413339,-0.033622425347495426,0.021804890496513952,-0.2810182518376991,0.07125982497536651,-0.42068494233404524,-0.1413515613413529,0.02858098094438154,0.012348902502649401,0.00437757679059218,0.052784385098170905,-0.02858098094438154,0.020189021798326066,0.029810978201673756,0.37549233420489997
2013-04-01,4.85,4.93,4.13,0.2699999999999996,0.04999999999999982,4.59,-1.71,-0.005908767425490744,0.014139881212413332,-0.03362242534749542,0.021804890496513935,-0.28101825183769924,0.07125982497536652,-0.4206849423340454,-0.14135156134135304,0.02858028928593824,0.012336163330591872,0.004401853450574495,0.05275872512130199,-0.02858028928593824,-0.06883197469633004,0.33883197469632964,2.0268694585065403
2013-05-01,4.71,4.83,4.27,-0.09999999999999964,0.2699999999999996,4.85,-0.9900000000000002,-0.005908767425490743,0.014139881212413335,-0.033622425347495426,0.02180489049651394,-0.2810182518376992,0.07125982497536652,-0.4206849423340454,-0.141351561341353,0.028642383760773563,0.01232493234994021,0.00448596024299814,0.052798807278548986,-0.028642383760773563,-0.11013965534483525,0.010139655344835602,0.21919225796229078
2013-06-01,4.87,5.21,4.79,0.3799999999999999,-0.09999999999999964,4.71,-0.09999999999999964,-0.00590876742549074,0.014139881212413349,-0.033622425347495453,0.02180489049651397,-0.2810182518376992,0.07125982497536655,-0.4206849423340454,-0.14135156134135293,0.028705566017008025,0.012313083543003252,0.004572365734088809,0.052838766299927245,-0.028705566017008025,0.019322501156578287,0.3606774988434216,2.160010661910575
2013-07-01,4.88,4.81,4.74,-0.40000000000000036,0.3799999999999999,4.87,0.03000000000000025,-0.005908767425490743,0.01413988121241334,-0.03362242534749544,0.021804890496513952,-0.28101825183769924,0.07125982497536654,-0.42068494233404546,-0.14135156134135302,0.02877265670280667,0.012299333790719813,0.004666405439159343,0.052878907966454,-0.02877265670280667,-0.11183252342273221,-0.28816747657726816,-1.3500427794497185
2013-08-01,4.85,4.89,4.42,0.08000000000000007,-0.40000000000000036,4.88,-0.020000000000000462,-0.005908767425490748,0.014139881212413328,-0.03362242534749542,0.02180489049651392,-0.2810182518376992,0.07125982497536651,-0.42068494233404535,-0.14135156134135302,0.02884068419416305,0.012283712264785617,0.004765050558730305,0.05291631782959579,-0.02884068419416305,0.10592171962570575,-0.025921719625705678,-0.04515673108441114
2013-09-01,4.84,4.91,4.21,0.020000000000000462,0.08000000000000007,4.85,-0.7000000000000002,-0.005908767425490746,0.014139881212413316,-0.03362242534749539,0.0218048904965139,-0.2810182518376992,0.07125982497536651,-0.42068494233404535,-0.14135156134135302,0.02890865550612611,0.012266196004398077,0.00486735311019677,0.05294995790205545,-0.02890865550612611,-0.04862628642679498,0.06862628642679544,0.5418508205563779
2013-10-01,4.72,4.71,4.15,-0.20000000000000018,0.020000000000000462,4.84,-0.5499999999999998,-0.005908767425490748,0.014139881212413323,-0.033622425347495405,0.02180489049651391,-0.2810182518376992,0.07125982497536652,-0.4206849423340454,-0.141351561341353,0.028981832429898262,0.012247242542367963,0.004977678136930293,0.05298598672286623,-0.028981832429898262,-0.0274691402986889,-0.17253085970131127,-0.787052108220933
2013-11-01,4.69,4.7,4.63,-0.009999999999999787,-0.20000000000000018,4.72,0.14999999999999947,-0.005908767425490753,0.014139881212413328,-0.033622425347495426,0.021804890496513917,-0.2810182518376992,0.07125982497536654,-0.4206849423340454,-0.14135156134135296,0.029044726522242794,0.012226597324619155,0.005081036112515477,0.053008416931970115,-0.029044726522242794,0.05465159192038554,-0.06465159192038533,-0.18036177795501018
2013-12-01,5.09,5.19,4.39,0.4900000000000002,-0.009999999999999787,4.69,-0.2600000000000007,-0.005908767425490752,0.014139881212413325,-0.03362242534749541,0.02180489049651391,-0.2810182518376992,0.07125982497536652,-0.4206849423340454,-0.141351561341353,0.029108671496028676,0.012204168435465882,0.005188940901255015,0.05302840209080234,-0.029108671496028676,-0.010666839496081295,0.5006668394960815,2.9068150308062655
2014-01-01,4.73,4.94,4.14,-0.25,0.4900000000000002,5.09,-0.39000000000000057,-0.005908767425490757,0.014139881212413333,-0.03362242534749544,0.021804890496513924,-0.28101825183769913,0.07125982497536654,-0.42068494233404535,-0.1413515613413529,0.029186722519726933,0.012179810012536929,0.005314733556614215,0.05305871148283965,-0.029186722519726933,-0.15499053260865692,-0.09500946739134308,-0.30237884353992517
2014-02-01,4.56,4.68,3.5,-0.2600000000000007,-0.25,4.73,-0.9100000000000001,-0.005908767425490755,0.014139881212413333,-0.03362242534749543,0.021804890496513924,-0.28101825183769913,0.07125982497536654,-0.42068494233404535,-0.1413515613413529,0.02926075827363864,0.012153799896569551,0.005439748201055691,0.053081768346221594,-0.02926075827363864,0.03771850550492287,-0.2977185055049235,-1.5944964012484386
2014-03-01,4.46,4.54,3.25,-0.13999999999999968,-0.2600000000000007,4.56,-1.3399999999999999,-0.005908767425490749,0.014139881212413339,-0.03362242534749544,0.02180489049651394,-0.28101825183769913,0.07125982497536654,-0.42068494233404535,-0.1413515613413529,0.029305435757369113,0.012126321457525823,0.0055382824356632505,0.05307258907907497,-0.029305435757369113,0.027886694137436607,-0.1678866941374363,-0.8539917229622453
2014-04-01,4.51,4.66,3.27,0.1200000000000001,-0.13999999999999968,4.46,-1.5799999999999996,-0.005908767425490746,0.01413988121241334,-0.03362242534749544,0.02180489049651395,-0.28101825183769913,0.07125982497536652,-0.4206849423340453,-0.14135156134135293,0.029325734890633864,0.012098316537508381,0.0056134702035521115,0.053037999577715614,-0.029325734890633864,-0.012900873295414443,0.13290087329541456,0.806227671347872
2014-05-01,4.19,4.28,3.22,-0.3799999999999999,0.1200000000000001,4.51,-1.4899999999999998,-0.005908767425490749,0.014139881212413339,-0.03362242534749544,0.02180489049651394,-0.2810182518376991,0.07125982497536654,-0.4206849423340453,-0.14135156134135285,0.029368788569226624,0.012070738839230521,0.005710575177545991,0.05302700196090726,-0.029368788569226624,-0.08339045261416234,-0.29660954738583756,-1.5042975473635294
2014-06-01,4.24,4.36,3.13,0.08000000000000007,-0.3799999999999999,4.19,-1.7400000000000002,-0.005908767425490757,0.014139881212413346,-0.03362242534749546,0.02180489049651395,-0.2810182518376991,0.07125982497536651,-0.42068494233404524,-0.1413515613413529,0.029363951167385226,0.012043715111282922,0.005758703309209894,0.05296919902556056,-0.029363951167385226,0.049784893241584555,0.030215106758415516,0.20758868585129897
2014-07-01,4.24,4.41,3.41,0.04999999999999982,0.08000000000000007,4.24,-1.4699999999999998,-0.005908767425490758,0.014139881212413344,-0.03362242534749546,0.02180489049651394,-0.2810182518376991,0.07125982497536652,-0.4206849423340453,-0.14135156134135288,0.02936481090200057,0.01201718028795862,0.005811570341877004,0.05291805146212414,-0.02936481090200057,-0.07155649959844754,0.12155649959844736,0.8034007260798182
2014-08-01,4.09,4.06,3.7,-0.35000000000000053,0.04999999999999982,4.24,-1.1499999999999995,-0.005908767425490756,0.014139881212413349,-0.03362242534749547,0.021804890496513955,-0.2810182518376991,0.07125982497536652,-0.4206849423340453,-0.14135156134135288,0.02938503390925864,0.011991017187598521,0.005883072083564773,0.05288699573495251,-0.02938503390925864,-0.05375246901302308,-0.2962475309869774,-1.4786660188918674
2014-09-01,4.24,4.13,3.45,0.07000000000000028,-0.35000000000000053,4.09,-1.3899999999999997,-0.005908767425490749,0.014139881212413346,-0.033622425347495453,0.021804890496513955,-0.281018251837699,0.07125982497536652,-0.4206849423340452,-0.14135156134135282,0.029368339115878807,0.011964170353207564,0.00591899611869013,0.052817682113067484,-0.029368339115878807,0.05162562934663253,0.018374370653367757,0.16752455160693205
2014-10-01,4.08,4.17,3.64,0.040000000000000036,0.07000000000000028,4.24,-1.0799999999999996,-0.005908767425490755,0.014139881212413354,-0.033622425347495474,0.021804890496513966,-0.28101825183769896,0.07125982497536654,-0.4206849423340452,-0.14135156134135274,0.029354411968328387,0.011936670951900569,0.005958966807297832,0.05274985712935894,-0.029354411968328387,-0.05728280997992441,0.097282809979924445,0.7050089480440216
2014-11-01,4.16,4.16,3.38,-0.009999999999999787,0.040000000000000036,4.08,-1.3100000000000005,-0.0059087674254907595,0.014139881212413346,-0.03362242534749546,0.021804890496513945,-0.281018251837699,0.07125982497536654,-0.42068494233404524,-0.1413515613413528,0.029351870084698722,0.011908303035241357,0.006012025018636659,0.052691715150760786,-0.029351870084698722,-0.055600447309954074,0.04560044730995429,0.38631852568225866
2014-12-01,4.2,4.21,2.95,0.04999999999999982,-0.009999999999999787,4.16,-2.1399999999999997,-0.005908767425490765,0.014139881212413349,-0.033622425347495474,0.02180489049651395,-0.2810182518376991,0.07125982497536654,-0.4206849423340453,-0.14135156134135285,0.029355801469832438,0.011879645219903978,0.006072124689707234,0.05263947824995764,-0.029355801469832438,-0.06592000005255523,0.11592000005255505,0.695712355800752
2015-01-01,3.75,3.89,2.32,-0.31999999999999984,0.04999999999999982,4.2,-2.4100000000000006,-0.005908767425490767,0.014139881212413349,-0.03362242534749548,0.021804890496513945,-0.2810182518376991,0.07125982497536654,-0.4206849423340453,-0.14135156134135285,0.029386614471796114,0.011853964165598726,0.006153271633194225,0.05261995731039801,-0.029386614471796114,-0.09078142089440433,-0.2292185791055955,-1.1928921228803657
2015-02-01,3.79,4.07,2.44,0.18000000000000016,-0.31999999999999984,3.75,-2.1199999999999997,-0.0059087674254907655,0.014139881212413347,-0.033622425347495474,0.02180489049651394,-0.28101825183769896,0.07125982497536654,-0.4206849423340452,-0.14135156134135274,0.02935756562863221,0.011832889322186117,0.006165528724098854,0.05254960253316557,-0.02935756562863221,0.02177903402987258,0.15822096597012758,0.8736601623305543
2015-03-01,3.82,4.11,2.43,0.040000000000000036,0.18000000000000016,3.79,-2.03,-0.005908767425490757,0.01413988121241335,-0.033622425347495474,0.02180489049651396,-0.281018251837699,0.07125982497536654,-0.42068494233404524,-0.1413515613413528,0.029364865004208693,0.011813872943029694,0.006210099517938283,0.0525196304904791,-0.029364865004208693,-0.11610272871482027,0.1561027287148203,0.9633885892889937
2015-04-01,3.62,3.82,2.58,-0.2900000000000005,0.040000000000000036,3.82,-1.9299999999999997,-0.0059087674254907525,0.01413988121241335,-0.03362242534749547,0.021804890496513962,-0.28101825183769896,0.07125982497536652,-0.4206849423340452,-0.14135156134135277,0.029406503548141553,0.011797719245399331,0.006283398727443806,0.0525296083688393,-0.029406503548141553,-0.07390404934691192,-0.21609595065308856,-1.1173476342843927
2015-05-01,3.46,3.57,2.55,-0.25,-0.2900000000000005,3.62,-1.6400000000000006,-0.005908767425490754,0.014139881212413356,-0.03362242534749548,0.02180489049651397,-0.28101825183769896,0.07125982497536652,-0.4206849423340452,-0.14135156134135277,0.029402947426381817,0.011783612099124218,0.006307492104307928,0.05249840274845571,-0.029402947426381817,0.027365691828175887,-0.2773656918281759,-1.4739717925643552
2015-06-01,3.25,3.67,2.39,0.10000000000000009,-0.25,3.46,-1.85,-0.005908767425490752,0.014139881212413354,-0.033622425347495474,0.02180489049651397,-0.28101825183769896,0.07125982497536652,-0.4206849423340452,-0.14135156134135277,0.02935009891991413,0.011769672287004429,0.006281965127546283,0.05241823271228198,-0.02935009891991413,0.010048112532092847,0.08995188746790725,0.5660805836790372
2015-07-01,3.16,3.56,2.32,-0.10999999999999988,0.10000000000000009,3.25,-1.9200000000000004,-0.00590876742549075,0.01413988121241335,-0.03362242534749547,0.021804890496513966,-0.2810182518376989,0.07125982497536652,-0.4206849423340451,-0.1413515613413527,0.029315283299953136,0.011756776949905552,0.006272423903867591,0.05235814269603868,-0.029315283299953136,-0.09029593654517071,-0.019704063454829168,0.017718104770360055
2015-08-01,3.04,3.31,1.96,-0.25,-0.10999999999999988,3.16,-2.13,-0.00590876742549075,0.01413988121241335,-0.03362242534749547,0.021804890496513966,-0.28101825183769896,0.07125982497536652,-0.4206849423340452,-0.14135156134135277,0.029276368091489247,0.01174603220638981,0.006254568005717678,0.052298168177260816,-0.029276368091489247,-0.03735542375821599,-0.212644576241784,-1.0767688399128736
2015-09-01,3.06,3.4,1.88,0.08999999999999986,-0.25,3.04,-2.3600000000000003,-0.005908767425490747,0.014139881212413347,-0.033622425347495453,0.021804890496513962,-0.281018251837699,0.07125982497536652,-0.4206849423340452,-0.14135156134135282,0.029188371459097737,0.011737943302186922,0.006182425334238222,0.05219431758395725,-0.029188371459097737,-0.00453876110953666,0.09453876110953652,0.586831410778512
2015-10-01,2.94,3.28,2.23,-0.1200000000000001,0.08999999999999986,3.06,-1.85,-0.005908767425490746,0.014139881212413353,-0.03362242534749546,0.021804890496513973,-0.28101825183769896,0.07125982497536652,-0.4206849423340452,-0.14135156134135277,0.02912455197921937,0.011733334260096883,0.006127639410859562,0.05212146454757918,-0.02912455197921937,-0.08508083125243945,-0.03491916874756065,-0.0447434944801597
2015-11-01,3.02,3.37,2.51,0.0900000000000003,-0.1200000000000001,2.94,-1.6500000000000004,-0.005908767425490746,0.014139881212413347,-0.033622425347495453,0.021804890496513962,-0.2810182518376989,0.07125982497536651,-0.4206849423340451,-0.14135156134135274,0.029053732163665358,0.011730586616005298,0.00606220487876739,0.05204525944856332,-0.029053732163665358,-0.0201252352750147,0.110125235275015,0.7096133377884593
2015-12-01,3.17,3.65,3.07,0.2799999999999998,0.0900000000000003,3.02,-1.1300000000000003,-0.005908767425490749,0.014139881212413346,-0.033622425347495453,0.021804890496513955,-0.28101825183769896,0.07125982497536652,-0.4206849423340452,-0.14135156134135277,0.02900260272522221,0.011728466211520322,0.006015231356747454,0.05198997409369697,-0.02900260272522221,-0.06397335117038484,0.34397335117038463,2.036766081838036
2016-01-01,3.62,3.8,4.38,0.1499999999999999,0.2799999999999998,3.17,0.6299999999999999,-0.005908767425490745,0.014139881212413347,-0.033622425347495453,0.021804890496513962,-0.28101825183769885,0.07125982497536652,-0.4206849423340451,-0.14135156134135266,0.028993593104339792,0.011725691576722302,0.006011659920139405,0.05197552628854018,-0.028993593104339792,-0.06632791428431231,0.21632791428431222,1.3892643508099791
2016-02-01,3.94,4.09,4.27,0.29000000000000004,0.1499999999999999,3.62,0.47999999999999954,-0.005908767425490743,0.014139881212413344,-0.033622425347495447,0.02180489049651396,-0.28101825183769896,0.07125982497536652,-0.4206849423340452,-0.14135156134135277,0.02896981498462869,0.01172141636482902,0.005996261061765415,0.05194336890749197,-0.02896981498462869,-0.0341559940085238,0.32415599400852385,1.886953082676195
2016-03-01,3.99,3.99,4.26,-0.09999999999999964,0.29000000000000004,3.94,0.43999999999999995,-0.005908767425490745,0.014139881212413339,-0.03362242534749543,0.021804890496513945,-0.28101825183769896,0.07125982497536651,-0.42068494233404513,-0.1413515613413528,0.028929176051039916,0.011715493376698787,0.005967230971592755,0.05189112113048708,-0.028929176051039916,-0.07467522299596589,-0.025324777004033752,-0.07649824928110927
2016-04-01,4.18,4.19,4.09,0.20000000000000018,-0.09999999999999964,3.99,0.46999999999999975,-0.005908767425490744,0.014139881212413346,-0.033622425347495447,0.021804890496513962,-0.2810182518376989,0.07125982497536652,-0.4206849423340451,-0.1413515613413527,0.028889744601901524,0.011707788445070737,0.005942900910948682,0.05183658829285437,-0.028889744601901524,0.03577123772117276,0.16422876227882743,0.952105003571852
2016-05-01,4.15,4.16,4.36,-0.03000000000000025,0.20000000000000018,4.18,0.9000000000000004,-0.005908767425490745,0.014139881212413344,-0.033622425347495447,0.021804890496513955,-0.28101825183769896,0.07125982497536652,-0.4206849423340452,-0.14135156134135277,0.02884194883895471,0.01169854197701602,0.005913227892373314,0.05177066978553611,-0.02884194883895471,-0.036154663837971335,0.006154663837971086,0.06607496578228471
2016-06-01,4.33,4.39,4.43,0.22999999999999954,-0.03000000000000025,4.15,1.1799999999999997,-0.005908767425490744,0.014139881212413346,-0.033622425347495447,0.021804890496513962,-0.2810182518376989,0.07125982497536652,-0.4206849423340451,-0.1413515613413527,0.02879355282888516,0.01168835991612229,0.005884788354943868,0.05170231730282645,-0.02879355282888516,0.03649817246772477,0.19350182753227477,1.058841168411709
2016-07-01,4.28,4.41,4.62,0.020000000000000462,0.22999999999999954,4.33,1.46,-0.005908767425490743,0.014139881212413347,-0.033622425347495453,0.021804890496513966,-0.28101825183769885,0.07125982497536652,-0.4206849423340451,-0.14135156134135266,0.02872041393483387,0.01167830311701763,0.005831360424937471,0.05160946744473027,-0.02872041393483387,-0.02861116100330391,0.04861116100330437,0.22482214017638075
2016-08-01,4.4,4.45,4.74,0.040000000000000036,0.020000000000000462,4.28,1.7000000000000002,-0.005908767425490742,0.014139881212413346,-0.033622425347495447,0.021804890496513962,-0.28101825183769885,0.07125982497536652,-0.4206849423340451,-0.14135156134135266,0.02863958423065003,0.01166894265648911,0.005768876886268235,0.05151029157503183,-0.02863958423065003,0.0371581607298602,0.002841839270139833,-0.04850446040593749
2016-09-01,4.43,4.42,4.56,-0.03000000000000025,0.040000000000000036,4.4,1.4999999999999996,-0.005908767425490743,0.014139881212413347,-0.033622425347495453,0.021804890496513966,-0.2810182518376988,0.07125982497536651,-0.42068494233404496,-0.14135156134135263,0.028558231008400475,0.011661641840978535,0.0057018329994771785,0.05141462901732377,-0.028558231008400475,0.025687849013601993,-0.05568784901360224,-0.35220472513214357
2016-10-01,4.42,4.43,4.76,0.009999999999999787,-0.03000000000000025,4.43,1.8199999999999998,-0.005908767425490742,0.014139881212413346,-0.033622425347495447,0.021804890496513962,-0.2810182518376989,0.07125982497536651,-0.4206849423340451,-0.14135156134135274,0.028485929586005976,0.011655479944790794,0.005641608671687129,0.051330250500324824,-0.028485929586005976,0.05436617197617116,-0.044366171976171376,-0.28158636884014304
2016-11-01,4.67,4.6,4.67,0.16999999999999993,0.009999999999999787,4.42,1.65,-0.005908767425490744,0.014139881212413342,-0.03362242534749544,0.021804890496513955,-0.28101825183769885,0.07125982497536652,-0.4206849423340451,-0.14135156134135266,0.028422378134068137,0.01165200962189085,0.0055848589276479045,0.05125989734048837,-0.028422378134068137,0.03817797397734475,0.1318220260226552,0.682559180064754
2016-12-01,4.68,4.66,4.23,0.0600000000000005,0.16999999999999993,4.67,1.0600000000000005,-0.005908767425490744,0.014139881212413346,-0.033622425347495447,0.021804890496513962,-0.28101825183769885,0.07125982497536652,-0.4206849423340451,-0.14135156134135266,0.028335256921780433,0.011650337533322784,0.00550101494873257,0.051169498894828296,-0.028335256921780433,-0.023646497900812254,0.08364649790081274,0.41463434335143295
2017-01-01,4.42,4.4,3.83,-0.2599999999999998,0.0600000000000005,4.68,0.20999999999999996,-0.005908767425490743,0.01413988121241334,-0.03362242534749544,0.021804890496513952,-0.2810182518376988,0.07125982497536652,-0.42068494233404496,-0.1413515613413526,0.02823852762378827,0.011648073889515298,0.005408722311076905,0.051068332936499636,-0.02823852762378827,-0.016839771734757272,-0.24316022826524253,-1.3471269822348169
2017-02-01,4.4,4.46,3.96,0.05999999999999961,-0.2599999999999998,4.42,0.020000000000000018,-0.005908767425490744,0.01413988121241334,-0.03362242534749544,0.02180489049651395,-0.2810182518376988,0.07125982497536654,-0.420684942334045,-0.14135156134135257,0.028147331764169354,0.011643789243197426,0.005325924203927513,0.05096873932441119,-0.028147331764169354,0.06771892468759427,-0.007718924687594664,-0.040105601166310505
2017-03-01,4.22,4.28,4,-0.17999999999999972,0.05999999999999961,4.4,0.009999999999999787,-0.005908767425490743,0.01413988121241334,-0.03362242534749544,0.021804890496513952,-0.2810182518376988,0.07125982497536654,-0.420684942334045,-0.14135156134135257,0.02805615263355269,0.011637389323012056,0.005247288686378103,0.05086501658072728,-0.02805615263355269,-0.022489301009417036,-0.15751069899058268,-0.8475608741634034
2017-04-01,4.38,4.51,4.09,0.22999999999999954,-0.17999999999999972,4.22,-0.08999999999999986,-0.005908767425490744,0.01413988121241334,-0.03362242534749544,0.02180489049651395,-0.2810182518376988,0.07125982497536654,-0.420684942334045,-0.14135156134135257,0.027965144187127464,0.011628860686380927,0.005172996060587118,0.05075729231366781,-0.027965144187127464,0.04215765492845349,0.18784234507154604,1.0436000879417422
2017-05-01,4.2,4.17,3.93,-0.33999999999999986,0.22999999999999954,4.38,-0.2200000000000002,-0.005908767425490743,0.014139881212413339,-0.03362242534749543,0.02180489049651395,-0.2810182518376988,0.07125982497536655,-0.4206849423340451,-0.14135156134135254,0.027875967714472472,0.011618162365787834,0.005104787910989655,0.05064714751795529,-0.027875967714472472,-0.0766756782453453,-0.2633243217546546,-1.3953201406143794
2017-06-01,4.17,4.26,4.36,0.08999999999999986,-0.33999999999999986,4.2,0.03000000000000025,-0.005908767425490745,0.014139881212413339,-0.03362242534749543,0.021804890496513945,-0.2810182518376988,0.07125982497536654,-0.420684942334045,-0.14135156134135257,0.027780513594755193,0.011605375676551025,0.0050343952416580275,0.050526631947852355,-0.027780513594755193,0.09047085360716947,-4.7085360716961344e-4,-0.025966653905520085
2017-07-01,4.33,4.48,5.22,0.22000000000000064,0.08999999999999986,4.17,0.9399999999999995,-0.005908767425490745,0.014139881212413339,-0.03362242534749543,0.021804890496513945,-0.2810182518376988,0.07125982497536654,-0.420684942334045,-0.14135156134135257,0.027685061005739024,0.01159046166855874,0.00496817357117188,0.05040194844030617,-0.027685061005739024,-0.005176452745488929,0.22517645274548956,1.2287984824376517
2017-08-01,4.48,4.51,4.72,0.02999999999999936,0.22000000000000064,4.33,0.3199999999999994,-0.005908767425490745,0.01413988121241334,-0.03362242534749544,0.02180489049651395,-0.28101825183769885,0.07125982497536654,-0.4206849423340451,-0.14135156134135263,0.027566671551256715,0.011574678117663112,0.004880719307993154,0.05025262379452028,-0.027566671551256715,-0.058911447933382544,0.0889114479333819,0.5028744042149461
2017-09-01,4.6,4.75,4.36,0.2400000000000002,0.02999999999999936,4.48,-0.0699999999999994,-0.005908767425490745,0.014139881212413342,-0.03362242534749544,0.021804890496513952,-0.2810182518376988,0.07125982497536654,-0.420684942334045,-0.14135156134135257,0.027445198973416296,0.011556870945404214,0.004794148146446676,0.05009624980038592,-0.027445198973416296,-0.016260478908760652,0.25626047890876086,1.40754690465282
2017-10-01,4.5,4.53,4.2,-0.21999999999999975,0.2400000000000002,4.6,-0.21999999999999975,-0.005908767425490745,0.014139881212413344,-0.033622425347495447,0.021804890496513955,-0.28101825183769885,0.07125982497536654,-0.4206849423340451,-0.14135156134135263,0.027325670246313938,0.011536875069481763,0.004713810615991656,0.049937529876636216,-0.027325670246313938,-0.07936479532072759,-0.14063520467927215,-0.7477002618563803
2017-11-01,4.49,4.63,4.69,0.09999999999999964,-0.21999999999999975,4.5,0.020000000000000462,-0.005908767425490745,0.01413988121241334,-0.03362242534749544,0.02180489049651395,-0.28101825183769885,0.07125982497536654,-0.4206849423340451,-0.14135156134135263,0.027202788778478686,0.01151474559391508,0.004634302123263861,0.049771275433693515,-0.027202788778478686,0.056459303754372525,0.04354069624562712,0.1938076766787369
2017-12-01,4.53,4.56,5.68,-0.07000000000000028,0.09999999999999964,4.49,1,-0.005908767425490745,0.01413988121241334,-0.03362242534749544,0.02180489049651395,-0.2810182518376988,0.07125982497536654,-0.420684942334045,-0.14135156134135257,0.027079812946151614,0.011490425861275258,0.004558992091024481,0.04960063380127874,-0.027079812946151614,-0.0069307796631089096,-0.06306922033689137,-0.403147468884635
2018-01-01,4.88,4.71,4.71,0.15000000000000036,-0.07000000000000028,4.53,0.29000000000000004,-0.005908767425490745,0.01413988121241334,-0.03362242534749544,0.02180489049651395,-0.2810182518376988,0.07125982497536654,-0.420684942334045,-0.14135156134135257,0.026963671518691622,0.011465311597976676,0.0044920737151279665,0.04943526932225528,-0.026963671518691622,0.021581974943568824,0.12841802505643152,0.6663120576744098
2018-02-01,4.67,4.56,4.15,-0.15000000000000036,0.15000000000000036,4.88,-0.25,-0.005908767425490745,0.014139881212413344,-0.033622425347495447,0.021804890496513955,-0.28101825183769885,0.07125982497536654,-0.4206849423340451,-0.14135156134135263,0.026843494499487728,0.01143817438992692,0.0044250846463425655,0.04926190435263289,-0.026843494499487728,-0.0547723788260176,-0.09522762117398276,-0.4954507035506802
2018-03-01,4.55,4.62,4.14,0.0600000000000005,-0.15000000000000036,4.67,-0.08000000000000007,-0.005908767425490746,0.014139881212413347,-0.033622425347495453,0.021804890496513962,-0.28101825183769885,0.07125982497536654,-0.4206849423340451,-0.14135156134135263,0.026720737679415223,0.011408836995023701,0.004359828063680599,0.04908164729514985,-0.026720737679415223,0.034106311335810956,0.02589368866418954,0.10895613800873911
2018-04-01,4.42,4.46,3.92,-0.16000000000000014,0.0600000000000005,4.55,-0.45999999999999996,-0.005908767425490746,0.014139881212413346,-0.033622425347495447,0.02180489049651396,-0.28101825183769885,0.07125982497536654,-0.4206849423340451,-0.14135156134135263,0.026598205333913213,0.011377208027468916,0.0042992873554541546,0.04889712331237227,-0.026598205333913213,-0.035005036989352895,-0.12499496301064725,-0.653893088885729
2018-05-01,4.31,4.48,4.09,0.020000000000000462,-0.16000000000000014,4.42,-0.11000000000000032,-0.0059087674254907465,0.014139881212413347,-0.033622425347495453,0.021804890496513962,-0.28101825183769885,0.07125982497536655,-0.4206849423340451,-0.1413515613413526,0.026469442335133125,0.011343457047421054,0.004236675062010805,0.04870220960825544,-0.026469442335133125,0.036142514211676455,-0.016142514211675993,-0.11582175274752128
2018-06-01,4.35,4.43,3.79,-0.05000000000000071,0.020000000000000462,4.31,-0.3799999999999999,-0.005908767425490747,0.014139881212413349,-0.03362242534749546,0.021804890496513962,-0.28101825183769885,0.07125982497536655,-0.4206849423340451,-0.1413515613413526,0.026340486917729788,0.01130736856388414,0.004178451772596483,0.048502522062863096,-0.026340486917729788,-0.02153851749098217,-0.02846148250901854,-0.12834678456310594
2018-07-01,4.26,4.36,2.61,-0.0699999999999994,-0.05000000000000071,4.35,-1.7200000000000002,-0.005908767425490746,0.014139881212413349,-0.03362242534749546,0.021804890496513966,-0.28101825183769885,0.07125982497536654,-0.4206849423340451,-0.14135156134135263,0.0262103595091151,0.011269033957621718,0.004123458811617669,0.04829726020661253,-0.0262103595091151,-0.03693967318928358,-0.033060326810715815,-0.07207638953159826
2018-08-01,4.07,4.33,3.36,-0.03000000000000025,-0.0699999999999994,4.26,-1.1200000000000006,-0.0059087674254907465,0.014139881212413349,-0.03362242534749546,0.021804890496513966,-0.28101825183769885,0.07125982497536654,-0.4206849423340451,-0.14135156134135263,0.02607407014114084,0.011231397022345409,0.004060936481273439,0.04808720380100824,-0.02607407014114084,-0.015440448354929751,-0.014559551645070497,-0.014201317922971452
2018-09-01,4.12,4.32,4.55,-0.009999999999999787,-0.03000000000000025,4.07,-0.04999999999999982,-0.005908767425490747,0.014139881212413349,-0.03362242534749546,0.021804890496513962,-0.28101825183769885,0.07125982497536655,-0.4206849423340451,-0.1413515613413526,0.02593601372143349,0.011192527137223188,0.003999063636488852,0.04787296380637813,-0.02593601372143349,0.0012249794435686178,-0.011224979443568404,-0.06373758482126832
2018-10-01,4.3,4.32,4.34,0,-0.009999999999999787,4.12,-0.16000000000000014,-0.0059087674254907465,0.014139881212413349,-0.03362242534749546,0.021804890496513966,-0.28101825183769885,0.07125982497536655,-0.4206849423340451,-0.1413515613413526,0.025797896482792806,0.011151253920421185,0.003941840416306207,0.047653952549279406,-0.025797896482792806,-0.00722624834436067,0.00722624834436067,0.049901148447080705
2018-11-01,4.44,4.47,3.15,0.14999999999999947,0,4.3,-1.3400000000000003,-0.005908767425490746,0.014139881212413347,-0.033622425347495453,0.021804890496513962,-0.28101825183769885,0.07125982497536655,-0.4206849423340451,-0.1413515613413526,0.025659904534064613,0.011107548505962073,0.0038895095058472696,0.04743029956228195,-0.025659904534064613,-0.04029303950113733,0.1902930395011368,1.1334006431268886
2018-12-01,4.24,4.38,2.31,-0.08999999999999986,0.14999999999999947,4.44,-2.22,-0.005908767425490746,0.014139881212413349,-0.03362242534749546,0.021804890496513966,-0.2810182518376988,0.07125982497536654,-0.420684942334045,-0.14135156134135257,0.025549544497632866,0.011063192459813095,0.0038660857223641147,0.047233003272901614,-0.025549544497632866,-0.10478149398589037,0.014781493985890515,0.22969556909054814
2019-01-01,4.03,4.07,4.1,-0.3099999999999996,-0.08999999999999986,4.24,-0.7800000000000002,-0.005908767425490746,0.014139881212413349,-0.03362242534749546,0.021804890496513966,-0.2810182518376988,0.07125982497536655,-0.4206849423340451,-0.14135156134135254,0.02544274040219514,0.011022009693273747,0.0038399983661272334,0.04704548243826305,-0.02544274040219514,-4.624622738101103e-4,-0.3095375377261895,-1.6741346915394784
2019-02-01,4.23,4.25,4.46,0.17999999999999972,-0.3099999999999996,4.03,-0.20999999999999996,-0.005908767425490745,0.01413988121241335,-0.03362242534749546,0.02180489049651397,-0.28101825183769885,0.07125982497536655,-0.4206849423340451,-0.1413515613413526,0.025309773088350668,0.010978776315413634,0.003791766915818593,0.046827779260882746,-0.025309773088350668,0.07589183829564214,0.10410816170435758,0.5380648799282081
2019-03-01,4.34,4.35,4.17,0.09999999999999964,0.17999999999999972,4.23,-0.3799999999999999,-0.005908767425490745,0.014139881212413349,-0.033622425347495453,0.021804890496513966,-0.28101825183769885,0.07125982497536655,-0.4206849423340451,-0.1413515613413526,0.025179174895891922,0.010932950783932853,0.003750985114634585,0.04660736467714926,-0.025179174895891922,-0.06606013921671539,0.16606013921671503,0.9638618772644566
2019-04-01,4.32,4.3,4.75,-0.04999999999999982,0.09999999999999964,4.34,0.33000000000000007,-0.005908767425490745,0.014139881212413349,-0.033622425347495453,0.021804890496513966,-0.2810182518376989,0.07125982497536655,-0.4206849423340452,-0.14135156134135266,0.02505541475284459,0.010884711922669463,0.003721771402318722,0.04638905810337046,-0.02505541475284459,-0.02574230574082182,-0.024257694259178002,-0.1505990080867628
2019-05-01,4.42,4.39,4.54,0.08999999999999986,-0.04999999999999982,4.32,0.23000000000000043,-0.005908767425490745,0.014139881212413347,-0.033622425347495453,0.021804890496513962,-0.2810182518376988,0.07125982497536655,-0.4206849423340451,-0.14135156134135254,0.02493252206428507,0.010834069441700959,0.003698136152545224,0.046166907976024914,-0.02493252206428507,0.013876625241179722,0.07612337475882014,0.38473925769452777
2019-06-01,4.4,4.36,4.8,-0.02999999999999936,0.08999999999999986,4.42,0.4500000000000002,-0.005908767425490745,0.014139881212413346,-0.033622425347495447,0.02180489049651396,-0.28101825183769885,0.07125982497536654,-0.4206849423340451,-0.14135156134135263,0.0248077321058554,0.010780937932808857,0.0036774820379883444,0.045937982173722455,-0.0248077321058554,-0.020036930643248664,-0.009963069356750696,-0.08527583207975536
2019-07-01,4.57,4.6,4.37,0.23999999999999932,-0.02999999999999936,4.4,0.11000000000000032,-0.005908767425490745,0.014139881212413346,-0.033622425347495447,0.02180489049651396,-0.28101825183769885,0.07125982497536655,-0.4206849423340451,-0.1413515613413526,0.024683427982547884,0.010725456420915271,0.0036619196798000873,0.04570493628529568,-0.024683427982547884,0.005236957207720315,0.234763042792279,1.2600407152656778
2019-08-01,4.6,4.53,3.01,-0.0699999999999994,0.23999999999999932,4.57,-1.0600000000000005,-0.005908767425490745,0.014139881212413347,-0.033622425347495453,0.021804890496513962,-0.2810182518376988,0.07125982497536654,-0.420684942334045,-0.14135156134135257,0.02455632548589586,0.010667314978052619,0.0036487723171680538,0.04546387865462366,-0.02455632548589586,-0.09938285288158788,0.029382852881588484,0.24919288350752603
2019-09-01,4.33,4.34,1.8,-0.1900000000000004,-0.0699999999999994,4.6,-2.3200000000000003,-0.005908767425490745,0.014139881212413346,-0.033622425347495447,0.02180489049651396,-0.2810182518376988,0.07125982497536654,-0.420684942334045,-0.14135156134135257,0.024432598061432304,0.010607706450053035,0.0036418754607551312,0.045223320662109476,-0.024432598061432304,-0.04292111729937495,-0.14707888270062544,-0.6616189629373336
2019-10-01,4.18,4.22,2.17,-0.1200000000000001,-0.1900000000000004,4.33,-2.13,-0.005908767425490745,0.014139881212413344,-0.033622425347495447,0.021804890496513955,-0.2810182518376988,0.07125982497536654,-0.420684942334045,-0.14135156134135257,0.024271894499111636,0.010550729906416081,0.003592843871926467,0.044950945126296805,-0.024271894499111636,-0.004214434859435644,-0.11578556514056446,-0.49281649937934674
2019-11-01,4.05,4.25,2.92,0.03000000000000025,-0.1200000000000001,4.18,-1.5200000000000005,-0.005908767425490744,0.014139881212413346,-0.033622425347495447,0.021804890496513962,-0.2810182518376988,0.07125982497536655,-0.4206849423340451,-0.14135156134135254,0.02408446596450246,0.01049515428515994,0.003514341553397766,0.04465459037560715,-0.02408446596450246,-0.008794965471010607,0.038794965471010856,0.3177828997871156
2019-12-01,3.89,4.1,3.41,-0.15000000000000036,0.03000000000000025,4.05,-0.8300000000000001,-0.005908767425490744,0.014139881212413344,-0.033622425347495447,0.021804890496513955,-0.2810182518376988,0.07125982497536654,-0.420684942334045,-0.14135156134135257,0.023903427449606766,0.010438770413880796,0.003443813395518136,0.0443630415036954,-0.023903427449606766,-0.034179159763795396,-0.11582084023620495,-0.5770952060197058
2020-01-01,4.07,4.11,1.78,0.010000000000000675,-0.15000000000000036,3.89,-2.25,-0.005908767425490743,0.014139881212413344,-0.033622425347495447,0.02180489049651396,-0.2810182518376988,0.07125982497536655,-0.4206849423340451,-0.14135156134135254,0.023711971805669467,0.010380078422424966,0.003367391941015197,0.04405655167032374,-0.023711971805669467,-0.017107966212592127,0.0271079662125928,0.32191658876884766
2020-02-01,3.92,3.85,1.24,-0.26000000000000023,0.010000000000000675,4.07,-2.99,-0.005908767425490744,0.014139881212413342,-0.03362242534749544,0.021804890496513955,-0.2810182518376988,0.07125982497536655,-0.4206849423340451,-0.14135156134135254,0.02352712557174657,0.010323234418139449,0.003293957908228954,0.04376029323526419,-0.02352712557174657,-0.07906505540339016,-0.18093494459661008,-0.7065957605204558
2020-03-01,3.86,3.99,1.77,0.14000000000000012,-0.26000000000000023,3.92,-2.57,-0.005908767425490745,0.014139881212413342,-0.03362242534749544,0.021804890496513952,-0.28101825183769885,0.07125982497536655,-0.4206849423340451,-0.1413515613413526,0.023283655144413305,0.010272713902277601,0.003149505872465295,0.04341780441636131,-0.023283655144413305,0.007316984331168834,0.13268301566883128,0.930583120677397
2020-04-01,3.55,3.97,1.88,-0.020000000000000018,0.14000000000000012,3.86,-2.4400000000000004,-0.005908767425490745,0.01413988121241334,-0.03362242534749544,0.02180489049651395,-0.28101825183769885,0.07125982497536655,-0.4206849423340451,-0.1413515613413526,0.023077136185150882,0.010225253701559857,0.003036007197308694,0.04311826517299307,-0.023077136185150882,-0.10155953497453678,0.08155953497453676,0.6718570871412503
2020-05-01,3.78,3.96,1.8,-0.010000000000000231,-0.020000000000000018,3.55,-2.62,-0.005908767425490746,0.01413988121241334,-0.03362242534749544,0.02180489049651395,-0.28101825183769874,0.07125982497536655,-0.42068494233404496,-0.1413515613413525,0.022892182143715814,0.010181142385841507,0.002937509745992266,0.04284685454143936,-0.022892182143715814,-0.0602659196052722,0.05026591960527197,0.4594300599990756
2020-06-01,3.5,3.77,2.39,-0.18999999999999995,-0.010000000000000231,3.78,-2.0100000000000002,-0.005908767425490745,0.014139881212413342,-0.03362242534749544,0.021804890496513952,-0.28101825183769874,0.07125982497536654,-0.42068494233404496,-0.14135156134135252,0.02272149922576478,0.010140914321050968,0.002845672386198435,0.04259732606533113,-0.02272149922576478,-0.04876879835090091,-0.14123120164909903,-0.6402403601061731
2020-07-01,3.49,3.9,2.88,0.1299999999999999,-0.18999999999999995,3.5,-1.6900000000000004,-0.005908767425490746,0.01413988121241334,-0.03362242534749544,0.02180489049651395,-0.28101825183769874,0.07125982497536654,-0.42068494233404496,-0.14135156134135252,0.02252005463475633,0.010101610071668973,0.002721262708418073,0.04231884656109458,-0.02252005463475633,0.009425808090933803,0.1205741919090661,0.744987412919609
2020-08-01,3.61,3.92,4.19,0.020000000000000018,0.1299999999999999,3.49,-0.40999999999999925,-0.005908767425490745,0.014139881212413342,-0.03362242534749544,0.021804890496513952,-0.28101825183769874,0.07125982497536654,-0.42068494233404496,-0.14135156134135252,0.022340691326804316,0.010061685605897968,0.0026201499154792293,0.0420612327381294,-0.022340691326804316,-0.05160082360838131,0.07160082360838133,0.42134093682788276
2020-09-01,3.81,3.99,4.97,0.07000000000000028,0.020000000000000018,3.61,0.6399999999999997,-0.005908767425490744,0.01413988121241334,-0.03362242534749544,0.02180489049651395,-0.28101825183769874,0.07125982497536654,-0.42068494233404496,-0.14135156134135252,0.022164509175937243,0.01001883410070862,0.0025279551714666136,0.04180106318040787,-0.022164509175937243,0.0026561534103551054,0.06734384658964518,0.2869897905346503
2020-10-01,4.19,4.15,5.34,0.16000000000000014,0.07000000000000028,3.81,1.1600000000000001,-0.005908767425490744,0.014139881212413339,-0.03362242534749543,0.02180489049651395,-0.2810182518376988,0.07125982497536654,-0.420684942334045,-0.14135156134135257,0.021983656549191717,0.009973431653869021,0.0024360897053366942,0.04153122339304674,-0.021983656549191717,-7.900345706734341e-5,0.1600790034570675,0.7474683143580377
2020-11-01,4.49,4.27,5.46,0.11999999999999922,0.16000000000000014,4.19,1.4100000000000001,-0.005908767425490744,0.01413988121241334,-0.03362242534749544,0.02180489049651395,-0.28101825183769874,0.07125982497536655,-0.42068494233404496,-0.1413515613413525,0.021782681715943213,0.009926468237858144,0.0023271614760604804,0.04123820195582595,-0.021782681715943213,-0.020158106500042645,0.14015810650004187,0.6050678190807663
2020-12-01,4.49,4.26,4.82,-0.009999999999999787,0.11999999999999922,4.49,0.9300000000000002,-0.005908767425490745,0.01413988121241334,-0.03362242534749544,0.02180489049651395,-0.2810182518376988,0.07125982497536654,-0.420684942334045,-0.14135156134135257,0.02156029175961957,0.009878469551069613,0.002198847217147578,0.04092173630209156,-0.02156029175961957,-0.01957988630956817,0.009579886309568384,-0.08182546136811561
2021-01-01,4.33,4.12,5.24,-0.13999999999999968,-0.009999999999999787,4.49,1.17,-0.005908767425490743,0.01413988121241334,-0.03362242534749544,0.021804890496513952,-0.28101825183769885,0.07125982497536654,-0.4206849423340451,-0.14135156134135263,0.021336936360504943,0.009828176912807633,0.0020740635777139332,0.04059980914329595,-0.021336936360504943,0.021865630634676968,-0.16186563063467665,-1.0577360224207082
2021-02-01,4.56,4.39,6,0.2699999999999996,-0.13999999999999968,4.33,2.08,-0.005908767425490743,0.01413988121241334,-0.03362242534749544,0.021804890496513952,-0.2810182518376988,0.07125982497536655,-0.4206849423340451,-0.14135156134135254,0.021134103153357495,0.00977622126814127,0.0019730615629061157,0.040295144743808874,-0.021134103153357495,0.0773927223907706,0.19260727760922897,0.7773802436944955
2021-03-01,4.6,4.34,5.84,-0.04999999999999982,0.2699999999999996,4.56,1.98,-0.005908767425490743,0.014139881212413339,-0.03362242534749543,0.02180489049651395,-0.28101825183769874,0.07125982497536654,-0.42068494233404496,-0.14135156134135252,0.020887856999202384,0.00972608670652511,0.0018250773438993825,0.039950636654505385,-0.020887856999202384,-0.04042573856324857,-0.009574261436751254,-0.26935901828715525
2021-04-01,4.54,4.39,5.2,0.04999999999999982,-0.04999999999999982,4.6,1.6500000000000004,-0.005908767425490744,0.014139881212413339,-0.03362242534749543,0.02180489049651395,-0.2810182518376988,0.07125982497536654,-0.420684942334045,-0.14135156134135257,0.020643665097020786,0.009676425452958675,0.0016782197101351086,0.03960911048390646,-0.020643665097020786,0.04220419257647845,0.007795807423521373,-0.19083013236385915
2021-05-01,4.54,4.41,5.17,0.020000000000000462,0.04999999999999982,4.54,1.3900000000000001,-0.005908767425490743,0.01413988121241334,-0.03362242534749544,0.021804890496513952,-0.28101825183769874,0.07125982497536654,-0.42068494233404496,-0.14135156134135252,0.020398079305530628,0.00962642403235171,0.0015306349022104412,0.039265523708850815,-0.020398079305530628,0.008393650217311945,0.011606349782688517,-0.1198270709678206
2021-06-01,4.28,4.23,3.91,-0.17999999999999972,0.020000000000000462,4.54,0.41000000000000014,-0.005908767425490743,0.014139881212413339,-0.03362242534749543,0.02180489049651395,-0.2810182518376988,0.07125982497536654,-0.420684942334045,-0.14135156134135257,0.020150745303656733,0.009574980684495261,0.0013841280093793498,0.038917362597934116,-0.020150745303656733,-0.0032673268877455846,-0.17673267311225413,-1.0519508562929296
2021-07-01,4.3,4.12,3.82,-0.11000000000000032,-0.17999999999999972,4.28,0.3299999999999996,-0.005908767425490743,0.014139881212413339,-0.03362242534749543,0.02180489049651395,-0.2810182518376988,0.07125982497536654,-0.420684942334045,-0.14135156134135257,0.019911263367818923,0.009520081789755169,0.001252245930023179,0.03857028080561467,-0.019911263367818923,0.0512452348166752,-0.16124523481667552,-0.9819077978253821
2021-08-01,4.22,4.14,3.62,0.019999999999999574,-0.11000000000000032,4.3,0.010000000000000231,-0.005908767425490744,0.014139881212413337,-0.03362242534749543,0.02180489049651394,-0.28101825183769874,0.07125982497536654,-0.42068494233404496,-0.14135156134135252,0.01967754755719835,0.009461648091893761,0.00113305806269446,0.03822203705170224,-0.01967754755719835,0.025200015752228196,-0.005200015752228622,-0.071247083800667
2021-09-01,4.21,4.2,3.67,0.0600000000000005,0.019999999999999574,4.22,-0.14000000000000012,-0.005908767425490744,0.014139881212413337,-0.03362242534749543,0.02180489049651394,-0.2810182518376987,0.07125982497536654,-0.4206849423340449,-0.14135156134135246,0.019443837381499664,0.009399388993919297,0.0010213734767356708,0.03786630128626366,-0.019443837381499664,-0.014251269695654553,0.07425126969565506,0.4000475501131611
2021-10-01,4.22,3.89,2.96,-0.31000000000000005,0.0600000000000005,4.21,-1.2300000000000004,-0.005908767425490744,0.014139881212413337,-0.03362242534749543,0.02180489049651394,-0.28101825183769874,0.07125982497536654,-0.42068494233404496,-0.14135156134135252,0.019211253664207784,0.00933322629514205,9.184662661671679e-4,0.0375040410622484,-0.019211253664207784,-0.04639970454272839,-0.26360029545727165,-1.3332365480320494
2021-11-01,4.17,4.08,2.89,0.18999999999999995,-0.31000000000000005,4.22,-1.6,-0.005908767425490743,0.014139881212413337,-0.03362242534749543,0.021804890496513945,-0.2810182518376988,0.07125982497536654,-0.420684942334045,-0.14135156134135257,0.018943535409131598,0.00926449076887687,7.85467167029142e-4,0.03710160365123405,-0.018943535409131598,0.05089723398958534,0.1391027660104146,0.8601948102422885
2021-12-01,4.22,4.02,3.07,-0.0600000000000005,0.18999999999999995,4.17,-1.4200000000000004,-0.005908767425490743,0.014139881212413337,-0.03362242534749543,0.021804890496513945,-0.2810182518376988,0.07125982497536654,-0.420684942334045,-0.14135156134135257,0.018699935026221106,0.009193563764964678,6.808811573178787e-4,0.03671898889512433,-0.018699935026221106,-0.08585614301188747,0.025856143011886976,0.30762207946680503
2022-01-01,4.2,4.09,2.87,0.07000000000000028,-0.0600000000000005,4.22,-1.46,-0.005908767425490744,0.014139881212413335,-0.033622425347495426,0.02180489049651394,-0.28101825183769874,0.07125982497536654,-0.42068494233404496,-0.14135156134135252,0.018460313289552863,0.009120543300344968,5.843769014386505e-4,0.036336249677667076,-0.018460313289552863,-0.015999729717975864,0.08599972971797615,0.5835580177987479
2022-02-01,3.84,3.92,2.98,-0.16999999999999993,0.07000000000000028,4.2,-1.5799999999999996,-0.005908767425490745,0.014139881212413337,-0.03362242534749543,0.02180489049651394,-0.2810182518376988,0.07125982497536654,-0.420684942334045,-0.14135156134135257,0.018234297637970034,0.009045108066026711,5.062115922849428e-4,0.035962383683655126,-0.018234297637970034,-0.05439023532212239,-0.11560976467787754,-0.4859504338194257
2022-03-01,3.79,3.8,4.17,-0.1200000000000001,-0.16999999999999993,3.84,-0.4299999999999997,-0.005908767425490745,0.014139881212413337,-0.03362242534749543,0.02180489049651394,-0.2810182518376988,0.07125982497536655,-0.4206849423340451,-0.14135156134135254,0.017988487928112838,0.0089676768274138,4.1216432138738157e-4,0.03556481153483829,-0.017988487928112838,0.03412928557782952,-0.15412928557782962,-0.860029923685785
2022-04-01,4.14,3.94,4.62,0.14000000000000012,-0.1200000000000001,3.79,0.08000000000000007,-0.005908767425490745,0.014139881212413337,-0.03362242534749543,0.02180489049651394,-0.28101825183769874,0.07125982497536654,-0.42068494233404496,-0.14135156134135252,0.017735496359473003,0.008885870244906554,3.1951070816005345e-4,0.03515148201078595,-0.017735496359473003,0.029232262503790973,0.11076773749620915,0.5553169330225848
2022-05-01,4.29,4.01,5.82,0.06999999999999984,0.14000000000000012,4.14,1.2800000000000002,-0.005908767425490746,0.014139881212413337,-0.03362242534749543,0.02180489049651394,-0.28101825183769874,0.07125982497536654,-0.42068494233404496,-0.14135156134135252,0.017481544535976397,0.008799535904852576,2.3477108179827816e-4,0.034728317990154516,-0.017481544535976397,-0.02287494567671881,0.09287494567671865,0.3653330803713925
2022-06-01,4.61,4.16,7.55,0.15000000000000036,0.06999999999999984,4.29,3.2699999999999996,-0.005908767425490746,0.014139881212413337,-0.03362242534749543,0.02180489049651394,-0.28101825183769874,0.07125982497536654,-0.42068494233404496,-0.14135156134135252,0.017214710460708847,0.008710064118192053,1.4329848601780243e-4,0.03428612243539989,-0.017214710460708847,0.03071205815238831,0.11928794184761204,0.2405164547357568
2022-07-01,4.88,4.51,8.36,0.34999999999999964,0.15000000000000036,4.61,4.06,-0.005908767425490746,0.014139881212413337,-0.03362242534749543,0.02180489049651394,-0.28101825183769874,0.07125982497536654,-0.42068494233404496,-0.14135156134135252,0.01690560684379805,0.00862600709515897,-1.0563931004993476e-6,0.033812270080696594,-0.01690560684379805,0.020575258584674405,0.32942474141532524,1.2096316025929825
2022-08-01,5.44,4.55,8.87,0.040000000000000036,0.34999999999999964,4.88,4.6499999999999995,-0.005908767425490746,0.014139881212413339,-0.03362242534749543,0.021804890496513945,-0.28101825183769874,0.07125982497536654,-0.42068494233404496,-0.14135156134135252,0.016451570825649253,0.008552251979931204,-3.105350417272716e-4,0.03321367669302577,-0.016451570825649253,-0.027765351229416188,0.06776535122941622,-0.3521593438126502
2022-09-01,5.6,4.61,9.03,0.0600000000000005,0.040000000000000036,5.44,4.819999999999999,-0.005908767425490746,0.014139881212413337,-0.03362242534749543,0.02180489049651394,-0.28101825183769874,0.07125982497536654,-0.42068494233404496,-0.14135156134135252,0.015963388489001282,0.008492453062918763,-6.815136547163592e-4,0.032608290632718924,-0.015963388489001282,0.05979403501798747,2.0596498201302937e-4,-0.7430198949580121
2022-10-01,5.64,4.67,9.7,0.05999999999999961,0.0600000000000005,5.6,5.4799999999999995,-0.005908767425490747,0.014139881212413337,-0.03362242534749543,0.02180489049651394,-0.2810182518376988,0.07125982497536654,-0.420684942334045,-0.14135156134135257,0.015475098574303537,0.008449155669221543,-0.0010849422371431005,0.03203513938575017,-0.015475098574303537,0.062033677651430565,-0.0020336776514309554,-0.7420981120355511
2022-11-01,6.27,4.8,9.17,0.1299999999999999,0.05999999999999961,5.64,5,-0.0059087674254907465,0.014139881212413337,-0.03362242534749543,0.02180489049651394,-0.2810182518376988,0.07125982497536654,-0.420684942334045,-0.14135156134135257,0.014988016323034635,0.00842837012692167,-0.0015312855741051196,0.03150731822017439,-0.014988016323034635,0.05217021907942062,0.07782978092057927,-0.18886838723821014
2022-12-01,6.15,4.71,9.24,-0.08999999999999986,0.1299999999999999,6.27,5.0200000000000005,-0.005908767425490745,0.014139881212413337,-0.03362242534749543,0.02180489049651394,-0.28101825183769874,0.07125982497536654,-0.42068494233404496,-0.14135156134135252,0.01445876451340695,0.008425411696483195,-0.0020547389666226244,0.030972267993436525,-0.01445876451340695,0.03014185769291134,-0.12014185769291119,-1.2049452125496054
2023-01-01,5.47,4.62,9.69,-0.08999999999999986,-0.08999999999999986,6.15,5.489999999999999,-0.005908767425490746,0.014139881212413335,-0.03362242534749543,0.021804890496513938,-0.28101825183769874,0.07125982497536654,-0.42068494233404496,-0.14135156134135252,0.013994868077204011,0.008440246471573034,-0.0025477110277204,0.030537447182128422,-0.013994868077204011,0.09621470098375212,-0.18621470098375198,-1.5014256074268308
2023-02-01,5.27,4.49,9.92,-0.1299999999999999,-0.08999999999999986,5.47,6.08,-0.0059087674254907465,0.014139881212413333,-0.033622425347495426,0.021804890496513935,-0.2810182518376988,0.07125982497536654,-0.420684942334045,-0.14135156134135257,0.013641753729618714,0.008478507558135617,-0.0029758157269777295,0.03025932318621516,-0.013641753729618714,0.10232473791598388,-0.2323247379159838,-1.5981540239011516
2023-03-01,5.19,4.43,8.71,-0.0600000000000005,-0.1299999999999999,5.27,4.920000000000001,-0.005908767425490747,0.014139881212413333,-0.033622425347495426,0.021804890496513935,-0.2810182518376988,0.07125982497536654,-0.420684942334045,-0.14135156134135257,0.013441706630547702,0.008546846650620355,-0.0033098049860549802,0.030193218247150384,-0.013441706630547702,0.09675680193570477,-0.15675680193570526,-0.9975006333568542
2023-04-01,5.11,4.39,8.32,-0.040000000000000036,-0.0600000000000005,5.19,4.180000000000001,-0.0059087674254907465,0.014139881212413333,-0.033622425347495426,0.021804890496513935,-0.28101825183769874,0.07125982497536654,-0.42068494233404496,-0.14135156134135252,0.013325234214441338,0.008633845385400662,-0.003596791789031297,0.030247260217913973,-0.013325234214441338,0.06665180670113612,-0.10665180670113615,-0.6456940755220022
2023-05-01,5.03,4.3,6.54,-0.08999999999999986,-0.040000000000000036,5.11,2.25,-0.0059087674254907465,0.014139881212413333,-0.033622425347495426,0.021804890496513935,-0.2810182518376988,0.07125982497536654,-0.420684942334045,-0.14135156134135257,0.013257070764004064,0.008733291106425609,-0.003859865271094085,0.030374006799102213,-0.013257070764004064,0.035160371867026356,-0.12516037186702622,-0.699908819580492
2023-06-01,4.94,4.24,4.93,-0.05999999999999961,-0.08999999999999986,5.03,0.3199999999999994,-0.0059087674254907465,0.014139881212413333,-0.033622425347495426,0.021804890496513935,-0.28101825183769874,0.07125982497536654,-0.42068494233404496,-0.14135156134135252,0.013219423664691655,0.008833469493975336,-0.0040938584020332545,0.030532705731416566,-0.013219423664691655,0.023613090812603425,-0.08361309081260304,-0.44830382260721907
2023-07-01,4.67,4.21,4.53,-0.03000000000000025,-0.05999999999999961,4.94,-0.34999999999999964,-0.005908767425490746,0.014139881212413335,-0.03362242534749543,0.021804890496513938,-0.28101825183769874,0.07125982497536654,-0.42068494233404496,-0.14135156134135252,0.01318467596111872,0.008929525178077408,-0.004316871786956607,0.030686223709194046,-0.01318467596111872,0.00633769109837952,-0.03633769109837977,-0.1808331504757026
2023-08-01,4.56,4.17,4.47,-0.040000000000000036,-0.03000000000000025,4.67,-0.9700000000000006,-0.0059087674254907465,0.014139881212413333,-0.033622425347495426,0.021804890496513935,-0.2810182518376987,0.07125982497536654,-0.4206849423340449,-0.14135156134135246,0.013148550069072052,0.009021467671496985,-0.004533201654754456,0.03083030179289856,-0.013148550069072052,-0.010232313437359617,-0.02976768656264042,-0.1386368583852884
2023-09-01,4.44,4.15,4.69,-0.019999999999999574,-0.040000000000000036,4.56,-0.9099999999999993,-0.0059087674254907465,0.014139881212413333,-0.033622425347495426,0.021804890496513935,-0.28101825183769874,0.07125982497536654,-0.42068494233404496,-0.14135156134135252,0.013109295216682863,0.00911008850814789,-0.00474615015525923,0.030964740588624955,-0.013109295216682863,-0.006597495999164183,-0.01340250400083539,-0.04761207433784285
2023-10-01,4.54,4.32,4.98,0.16999999999999993,-0.019999999999999574,4.44,-0.6599999999999993,-0.005908767425490747,0.014139881212413333,-0.033622425347495426,0.021804890496513935,-0.28101825183769874,0.07125982497536654,-0.42068494233404496,-0.14135156134135252,0.013068718732193936,0.009195382223911355,-0.004953899250752144,0.031091336715140014,-0.013068718732193936,-0.008913756751984879,0.17891375675198481,1.0048530646391263
2023-11-01,4.5,4.43,4.3,0.10999999999999943,0.16999999999999993,4.54,-1.9699999999999998,-0.005908767425490748,0.014139881212413335,-0.03362242534749543,0.021804890496513935,-0.28101825183769874,0.07125982497536654,-0.42068494233404496,-0.14135156134135252,0.013040938149868472,0.009277117569016446,-0.005141878165747538,0.031223754465484484,-0.013040938149868472,-0.0793725183931404,0.18937251839313984,1.0477556430080515
2023-12-01,4.48,4.32,4.18,-0.10999999999999943,0.10999999999999943,4.5,-1.9700000000000006,-0.005908767425490747,0.014139881212413335,-0.03362242534749543,0.021804890496513935,-0.28101825183769874,0.07125982497536654,-0.42068494233404496,-0.14135156134135252,0.01305358409343528,0.009358776095145972,-0.005289279992425223,0.03139644817929578,-0.01305358409343528,-0.06253633579170496,-0.04746366420829447,-0.26618507557133114
2024-01-01,4.47,4.29,3.82,-0.03000000000000025,-0.10999999999999943,4.48,-1.65,-0.005908767425490747,0.014139881212413337,-0.03362242534749543,0.02180489049651394,-0.2810182518376987,0.07125982497536654,-0.4206849423340449,-0.14135156134135246,0.013056097674258325,0.00944035764924434,-0.005446663319437786,0.03155885866795444,-0.013056097674258325,0.003460679114129714,-0.03346067911412996,-0.17514898085396585
2024-02-01,4.35,4.28,3.3,-0.009999999999999787,-0.03000000000000025,4.47,-1.9699999999999998,-0.005908767425490747,0.014139881212413335,-0.03362242534749543,0.021804890496513935,-0.2810182518376987,0.07125982497536652,-0.42068494233404485,-0.1413515613413525,0.013052628490200124,0.009520582437192482,-0.005607370198541708,0.03171262717894195,-0.013052628490200124,-0.023191897996053958,0.01319189799605417,0.07948694956650497
2024-03-01,4.05,4.14,3.24,-0.14000000000000057,-0.009999999999999787,4.35,-1.9500000000000002,-0.005908767425490748,0.014139881212413333,-0.033622425347495426,0.02180489049651393,-0.2810182518376987,0.07125982497536654,-0.4206849423340449,-0.14135156134135246,0.013051975462416498,0.009600723741268089,-0.005765097295987596,0.031869048220820595,-0.013051975462416498,-0.028549937058825997,-0.11145006294117457,-0.6017797805557195
2024-04-01,3.85,4.02,3.36,-0.1200000000000001,-0.14000000000000057,4.05,-1.7500000000000004,-0.005908767425490748,0.014139881212413333,-0.033622425347495426,0.02180489049651393,-0.28101825183769874,0.07125982497536654,-0.42068494233404496,-0.14135156134135252,0.013027772041039288,0.009680810890725668,-0.005946268645926138,0.03200181272800472,-0.013027772041039288,0.010635186759968475,-0.13063518675996857,-0.6885986298830643
2024-05-01,3.97,3.99,3.76,-0.02999999999999936,-0.1200000000000001,3.85,-1.2700000000000005,-0.005908767425490748,0.014139881212413333,-0.033622425347495426,0.02180489049651393,-0.2810182518376987,0.07125982497536654,-0.4206849423340449,-0.14135156134135246,0.012978795456699022,0.009760063172984992,-0.006150576849187283,0.03210816776258533,-0.012978795456699022,0.011330352565025355,-0.041330352565024715,-0.19307269181237
2024-06-01,3.99,4.02,3.62,0.02999999999999936,-0.02999999999999936,3.97,-1.3200000000000003,-0.005908767425490747,0.014139881212413335,-0.03362242534749543,0.021804890496513935,-0.2810182518376987,0.07125982497536654,-0.4206849423340449,-0.14135156134135246,0.012924130918413088,0.009837211240660533,-0.006356448821594137,0.032204710658420316,-0.012924130918413088,-0.014538072682665245,0.0445380726826646,0.275258203315445
2024-07-01,4.09,4.07,3.78,0.05000000000000071,0.02999999999999936,3.99,-0.8900000000000001,-0.005908767425490748,0.014139881212413335,-0.03362242534749543,0.021804890496513935,-0.2810182518376987,0.07125982497536654,-0.4206849423340449,-0.14135156134135246,0.012875837101204643,0.009912519815736221,-0.00655234473367796,0.032304018936087246,-0.012875837101204643,-0.025798810000693666,0.07579881000069438,0.43596463779798156
2024-08-01,3.99,4.02,3.07,-0.05000000000000071,0.05000000000000071,4.09,-1.4899999999999998,-0.005908767425490747,0.014139881212413333,-0.033622425347495426,0.021804890496513935,-0.28101825183769863,0.07125982497536654,-0.42068494233404485,-0.1413515613413524,0.01283485359131198,0.009985192915435231,-0.006735764901625569,0.03240547208424953,-0.01283485359131198,-0.03908361186843073,-0.010916388131569983,-0.03952478395568492
2024-09-01,4.04,3.97,2.11,-0.04999999999999938,-0.05000000000000071,3.99,-2.3300000000000005,-0.005908767425490747,0.014139881212413335,-0.03362242534749543,0.021804890496513935,-0.28101825183769863,0.07125982497536654,-0.42068494233404485,-0.1413515613413524,0.012792107502882425,0.01005669758050627,-0.006918657558320959,0.03250287256408581,-0.012792107502882425,-0.021663465315321675,-0.028336534684677703,-0.11970482953903511
2024-10-01,3.91,3.96,1.16,-0.010000000000000231,-0.04999999999999938,4.04,-3.38,-0.0059087674254907465,0.014139881212413333,-0.033622425347495426,0.021804890496513935,-0.2810182518376987,0.07125982497536654,-0.4206849423340449,-0.14135156134135246,0.012742206805526252,0.010130243451422289,-0.007112705513884161,0.032597119124936666,-0.012742206805526252,-0.03492651383628472,0.02492651383628449,0.1818364034965265
2024-11-01,3.59,3.66,1.66,-0.2999999999999998,-0.010000000000000231,3.91,-2.84,-0.005908767425490746,0.014139881212413333,-0.033622425347495426,0.021804890496513935,-0.2810182518376987,0.07125982497536654,-0.4206849423340449,-0.14135156134135246,0.01270143591279766,0.010212161778542984,-0.00731403337744309,0.03271690520303841,-0.01270143591279766,-0.039170662899459044,-0.2608293371005408,-1.3751348923936373
2024-12-01,3.89,3.95,1.7,0.29000000000000004,-0.2999999999999998,3.59,-2.7800000000000002,-0.005908767425490746,0.014139881212413333,-0.033622425347495426,0.021804890496513935,-0.2810182518376987,0.07125982497536652,-0.42068494233404485,-0.1413515613413525,0.012580394141195347,0.010299111056115827,-0.00760549260156995,0.03276628088396064,-0.012580394141195347,0.04342321241329574,0.2465767875867043,1.4268368645569587
2025-01-01,3.54,3.76,2.19,-0.1900000000000004,0.29000000000000004,3.89,-2.28,-0.0059087674254907465,0.014139881212413335,-0.03362242534749543,0.021804890496513938,-0.28101825183769874,0.07125982497536654,-0.42068494233404496,-0.14135156134135252,0.012533633794591973,0.010390413645747611,-0.00783120273554686,0.032898470324730804,-0.012533633794591973,-0.11598074551009308,-0.07401925448990732,-0.3639833556152592
2025-02-01,3.65,3.79,1.79,0.03000000000000025,-0.1900000000000004,3.54,-2.5599999999999996,-0.0059087674254907465,0.014139881212413333,-0.033622425347495426,0.021804890496513935,-0.2810182518376987,0.07125982497536654,-0.4206849423340449,-0.14135156134135246,0.012468585591962998,0.010484332789686543,-0.008080329077754975,0.033017500261680974,-0.012468585591962998,0.015565121308246839,0.01443487869175341,0.12032090498000465
2025-03-01,3.46,3.71,1.57,-0.08000000000000007,0.03000000000000025,3.65,-2.4799999999999995,-0.005908767425490746,0.014139881212413333,-0.033622425347495426,0.021804890496513935,-0.28101825183769863,0.07125982497536654,-0.42068494233404485,-0.1413515613413524,0.012407541779112886,0.010581811108626635,-0.008332426885001177,0.033147510443226946,-0.012407541779112886,-0.045110018592821724,-0.03488998140717835,-0.144659194110781
2025-04-01,3.53,3.62,1.47,-0.08999999999999986,-0.08000000000000007,3.46,-2.38,-0.0059087674254907465,0.014139881212413333,-0.033622425347495426,0.021804890496513935,-0.28101825183769863,0.07125982497536654,-0.42068494233404485,-0.1413515613413524,0.012337121576345146,0.010682850998005434,-0.008600881631953274,0.03327512478464357,-0.012337121576345146,-0.012789656630176283,-0.07721034336982358,-0.3741943872369741
2025-05-01,3.35,3.55,1.69,-0.07000000000000028,-0.08999999999999986,3.53,-2.2800000000000002,-0.005908767425490747,0.014139881212413333,-0.033622425347495426,0.021804890496513935,-0.2810182518376987,0.07125982497536652,-0.42068494233404485,-0.1413515613413525,0.012246788420000371,0.010786917315785838,-0.008895181023151342,0.03338875786315208,-0.012246788420000371,-0.008539802357698759,-0.061460197642301526,-0.2794329869951998
2025-06-01,3.17,3.53,1.79,-0.020000000000000018,-0.07000000000000028,3.35,-2.2,-0.005908767425490746,0.014139881212413333,-0.033622425347495426,0.021804890496513935,-0.28101825183769863,0.07125982497536654,-0.42068494233404485,-0.1413515613413524,0.012141270360031082,0.01089362865894386,-0.009209849472452248,0.03349239019251441,-0.012141270360031082,-0.012948284588920143,-0.007051715411079875,0.023719217953848282
2025-07-01,3.26,3.54,1.17,0.010000000000000231,-0.020000000000000018,3.17,-2.92,-0.0059087674254907465,0.014139881212413333,-0.033622425347495426,0.021804890496513935,-0.2810182518376987,0.07125982497536652,-0.42068494233404485,-0.1413515613413525,0.012034071172384739,0.011002751188555074,-0.009530924888038476,0.03359906723280795,-0.012034071172384739,-0.0354278902121002,0.04542789021210043,0.32463979533349613
2025-08-01,3.21,3.49,1.17,-0.04999999999999982,0.010000000000000231,3.26,-2.8200000000000003,-0.005908767425490745,0.014139881212413333,-0.033622425347495426,0.021804890496513935,-0.2810182518376987,0.07125982497536654,-0.4206849423340449,-0.14135156134135246,0.011941246349437067,0.011118647368447922,-0.009850902049521904,0.03373339474839604,-0.011941246349437067,-0.042393264649280324,-0.0076067353507194985,0.026159951443387577
2025-09-01,3.16,3.42,1.47,-0.07000000000000028,-0.04999999999999982,3.21,-2.5700000000000003,-0.005908767425490746,0.014139881212413332,-0.03362242534749542,0.02180489049651393,-0.2810182518376986,0.07125982497536652,-0.42068494233404474,-0.14135156134135238,0.011846097020575277,0.011240886388731847,-0.010185635455645648,0.0338778294967962,-0.011846097020575277,-0.022302324176484332,-0.04769767582351595,-0.19689267559647958
2025-10-01,3.1,3.37,1.26,-0.04999999999999982,-0.07000000000000028,3.16,-2.6500000000000004,-0.005908767425490745,0.014139881212413333,-0.033622425347495426,0.021804890496513935,-0.28101825183769863,0.07125982497536654,-0.42068494233404485,-0.1413515613413524,0.011737664159255607,0.011368018161674013,-0.010543242013222688,0.0340185703317339,-0.011737664159255607,-0.017342299818879123,-0.0326577001811207,-0.10658736403343225
2025-11-01,3,3.3,1.73,-0.07000000000000028,-0.04999999999999982,3.1,-1.8599999999999999,-0.005908767425490745,0.014139881212413333,-0.033622425347495426,0.021804890496513935,-0.28101825183769863,0.07125982497536654,-0.42068494233404485,-0.1413515613413524,0.011619853201120021,0.011500689602153297,-0.01092108421647472,0.03416079061871476,-0.011619853201120021,-0.013470781787689099,-0.05652921821231119,-0.25035012021475006
2025-12-01,3.48,3.72,1.65,0.4200000000000004,-0.07000000000000028,3,-2.24,-0.005908767425490746,0.014139881212413332,-0.03362242534749542,0.02180489049651393,-0.28101825183769863,0.07125982497536654,-0.42068494233404485,-0.1413515613413524,0.011490648427976802,0.011634931156291176,-0.011313397600956863,0.03429469445691047,-0.011490648427976802,-0.011976542275519801,0.4319765422755202,2.4233425301524796
2026-01-01,3.44,3.64,0.96,-0.08000000000000007,0.4200000000000004,3.48,-2.58,-0.0059087674254907465,0.014139881212413333,-0.033622425347495426,0.021804890496513935,-0.28101825183769863,0.07125982497536652,-0.42068494233404485,-0.14135156134135243,0.011466299204824264,0.01177270655066099,-0.01160778163503004,0.03454038004467857,-0.011466299204824264,-0.15351948514577088,0.07351948514577081,0.42639645209844657
2026-02-01,3.41,3.62,1.56,-0.020000000000000018,-0.08000000000000007,3.44,-2.09,-0.005908767425490746,0.014139881212413332,-0.03362242534749542,0.02180489049651393,-0.28101825183769863,0.07125982497536652,-0.42068494233404485,-0.14135156134135243,0.011462504410044372,0.011916704923523726,-0.011893808054453267,0.03481881687454201,-0.011462504410044372,-0.007383941495467568,-0.01261605850453245,-0.06375963294686961
2026-03-01,3.37,3.61,2.5,-0.010000000000000231,-0.020000000000000018,3.41,-0.96,-0.0059087674254907465,0.014139881212413332,-0.033622425347495426,0.02180489049651393,-0.28101825183769863,0.07125982497536652,-0.42068494233404485,-0.14135156134135243,0.01145585233250469,0.012063757048580983,-0.012188677000955252,0.03510038166596463,-0.01145585233250469,-0.01128602062794127,0.0012860206279410383,0.013119133578235378
2026-04-01,3.53,3.71,3.24,0.10000000000000009,-0.010000000000000231,3.37,-0.2899999999999996,-0.005908767425490746,0.014139881212413332,-0.03362242534749542,0.02180489049651393,-0.28101825183769863,0.07125982497536652,-0.42068494233404485,-0.14135156134135243,0.011449334038420206,0.012209899410769005,-0.012481629061543865,0.03538029713838428,-0.011449334038420206,-0.00641889177825555,0.10641889177825564,0.5899509261186089
2026-05-01,3.66,3.74,2.86,0.03000000000000025,0.10000000000000009,3.53,-0.4900000000000002,-0.005908767425490746,0.014139881212413332,-0.03362242534749542,0.02180489049651393,-0.28101825183769863,0.07125982497536652,-0.42068494233404485,-0.14135156134135243,0.011446160003841863,0.012354307068562482,-0.012767836904489209,0.03566015691217293,-0.011446160003841863,-0.03961921101114315,0.0696192110111434,0.38475038437544523
2026-06-01,3.68,3.71,2.27,-0.03000000000000025,0.03000000000000025,3.66,-0.8999999999999999,-0.0059087674254907465,0.014139881212413332,-0.033622425347495426,0.02180489049651393,-0.2810182518376986,0.07125982497536652,-0.42068494233404474,-0.14135156134135238,0.011446682619979947,0.01249721976090117,-0.013047418018268609,0.035940783258228505,-0.011446682619979947,-0.024641329338603725,-0.005358670661396524,-0.029636749670018087
